domain,prompt_id,source_type,model_name,model_id,text,n_words,valid_length,seed,temperature,top_p
news,P01,model,Qwen3-4B-Instruct-2507,Qwen/Qwen3-4B-Instruct-2507,"Electric vehicle (EV) battery recycling has become an essential part of sustainable automotive development as global EV sales surge. As millions of EVs enter the market, managing the lifecycle of their lithium-ion batteries—particularly when vehicles reach the end of their useful life—has gained significant attention. These batteries contain valuable materials like lithium, cobalt, nickel, and manganese, which can be reclaimed through specialized recycling processes to reduce environmental impact and support supply chains. Currently, most EV batteries are not disposed of in landfills due to their high value and potential for material recovery. Instead, they undergo a process called hydrometallurgy or pyrometallurgy. Hydrometallurgical methods dissolve the battery components in aqueous solutions to extract pure metals, while pyrometallurgy involves heating the batteries to separate metals from other materials. Both techniques are designed to recover up to 95% of the critical materials, reducing reliance on mining raw materials and cutting greenhouse gas emissions by up to 80% compared to primary production. Many automakers and governments are now investing in battery recycling infrastructure. For example, companies like Redwood Materials (founded by Tesla CEO Elon Musk) and UK-based firms such as Li-Cycle have developed large-scale facilities capable of processing hundreds of thousands of kilowatt-hours of battery energy. In Europe, the EU Battery Regulation mandates that at least 50% of the critical materials in used EV batteries must be recovered by 2030, pushing innovation and standardization in the field. Despite progress, challenges remain. Battery recycling is still relatively expensive, and there is a shortage of standardized, scalable facilities globally. Additionally, the technology for safely disassembling and reprocessing old EVs is complex and requires skilled labor and strict safety protocols. Recycling centers also face hurdles in collecting used EVs from consumers, especially in regions with limited infrastructure. As the EV industry expands, so too does the need for responsible end-of-life management. Without effective battery recycling systems, the environmental benefits of electric transportation could be undermined by unsustainable disposal practices. Efforts to scale up safe, efficient, and economically viable recycling technologies are crucial to ensuring the long-term sustainability of the electric vehicle revolution.",345,True,42,0.8,0.95
news,P01,model,gemma-4-E4B-it,google/gemma-4-E4B-it,"## Powering Down, Powering Up: How Electric Car Batteries Are Being Reborn As the global shift towards electric vehicles (EVs) accelerates, so does the critical question of what happens to these massive lithium-ion batteries when they reach the end of their service life. These batteries contain valuable, finite resources—like cobalt, nickel, and lithium—that cannot simply be discarded. The process of recycling them is rapidly evolving from a niche concept into an industrial necessity. The journey of an EV battery through recycling isn't one-size-fits-all; different technologies are emerging to handle the complex chemical makeup of these packs. Currently, two main pathways dominate the discussion: direct reuse and material recovery. ""Second Life"" applications represent the first opportunity. Many batteries don't instantly become landfill fodder. Once an EV battery's capacity drops below the threshold needed for automotive range—often around 70-80%—it can be repurposed. Instead of being discarded, these batteries find new life powering stationary energy storage systems, like backup power for homes or businesses. This extends the useful life significantly before the intensive recycling process even begins. When batteries are truly spent, mechanical and hydrometallurgical processes take over. In pyrometallurgy (the ""smelting"" approach), batteries are subjected to high heat in furnaces. This process recovers valuable metals like nickel and cobalt into metal alloys. However, this method is energy-intensive. Hydrometallurgy, which is gaining significant traction, offers a chemical refinement route. Batteries are broken down, and acidic or alkaline solutions are used to leach out the target materials—lithium, manganese, cobalt, and nickel—in a purer form. These recovered ""black masses"" are then refined back into battery-grade chemicals, effectively creating a circular supply chain where old batteries become raw material feedstock for new ones. While challenges remain—including the safe disassembly of large battery packs and scaling up efficient chemical processing—the infrastructure is rapidly maturing. Continued investment is crucial to ensure that the promise of sustainable mobility doesn't end with the disposal of its most vital component.",319,True,42,0.8,0.95
news,P01,model,SmolLM3-3B,HuggingFaceTB/SmolLM3-3B,"Electric vehicle (EV) batteries, once depleted of their driving capacity, are being increasingly recognized for their potential to be recycled, transforming them into valuable materials used in new batteries and other electronics. This process is crucial for managing the growing environmental impact of electronic waste and reducing the extraction of raw materials. The recycling of EV batteries involves several stages, starting with the collection and sorting of old batteries from various sources, including manufacturers and consumer vehicles. These batteries contain lithium, cobalt, nickel, manganese, and graphite, which are essential for producing new batteries. However, extracting these minerals can lead to ecological and social issues, making recycling an environmentally friendly alternative. The recycling process typically begins with a dismantling phase where batteries are physically broken down to recover the individual components. This step often uses mechanical methods like shredding to separate the materials. After this initial breakdown, the recovered materials are cleaned and purified to remove impurities and restore their original form. For example, lithium, the most sought-after component in EV batteries, is extracted using specialized processes such as hydro-metallurgical techniques or direct reduction. These methods dissolve or reduce the metal compounds in the battery's cathode, enabling recovery through chemical precipitation or electrolysis. The recovered lithium can then be refined into pure metallic lithium, suitable for use in new batteries. In addition to lithium, other valuable components like cobalt, nickel, and graphite can be recovered from the battery materials. Graphite, for instance, is used both as a cathode material and as a precursor in battery production. These recycled materials offer significant cost savings compared to mining new resources, making the recycling process economically viable. However, the complexity of EV battery recycling comes with challenges. One major hurdle is the high energy required for processing the materials and the need for precise separation of components without degrading the valuable substances. Furthermore, the global supply chain for rare earth metals used in recycling faces regulatory and ethical concerns related to sourcing and labor practices. Efforts are underway to develop more efficient and sustainable recycling technologies. Innovations such as pyrometallurgy, which uses heat to melt and separate metals, and electrochemical processes that directly recover metals from solutions, are being explored. Additionally, research focuses on improving the overall efficiency of the recycling process to reduce its environmental footprint. Governments and international bodies are also working to establish guidelines and standards for the safe and responsible",400,True,42,0.8,0.95
news,P01,model,Mistral-7B-Instruct-v0.3,mistralai/Mistral-7B-Instruct-v0.3,"Title: Sustainable Energy: The Recycling of Electric Car Batteries In the rapidly evolving world of electric vehicles (EVs), one critical component that warrants special attention is the battery. As the demand for EVs continues to surge, so does the need to responsibly manage spent batteries - a challenge that is being addressed through innovative recycling methods. Electric vehicle batteries, primarily lithium-ion, are complex systems containing precious metals such as nickel, cobalt, and lithium, along with other materials. These materials are not only costly but also non-renewable, making their efficient recovery essential for a sustainable future. The recycling process involves several stages. First, spent batteries are collected from various sources, including manufacturers, dealerships, and consumers. Then, they undergo disassembly, which involves carefully separating the individual components, such as the metal casing, electrolyte solution, and cathode and anode materials. Next, the separated components are processed using various techniques to extract the valuable metals. For instance, hydrometallurgical methods are commonly used to dissolve the metals in a chemical solution, enabling their separation and purification. The recovered metals are then sold to industries for use in new products, including batteries for renewable energy storage systems, mobile devices, and even EV batteries themselves. This closed-loop approach not only reduces waste but also conserves finite resources. Moreover, recycling electric vehicle batteries offers significant environmental benefits. For example, recycling just one metric ton of lithium-ion batteries can save up to 60% of the energy required to produce new batteries, reducing carbon emissions significantly. In conclusion, electric vehicle battery recycling plays a vital role in achieving a circular economy for EVs. By implementing effective recycling strategies, we can ensure a sustainable future for this burgeoning industry, while simultaneously protecting the environment and preserving our planet's finite resources. As electric vehicles become increasingly prevalent, it is crucial for manufacturers, policymakers, and consumers alike to prioritize battery recycling initiatives. Together, we can pave the way for a greener, more sustainable future.",321,True,42,0.8,0.95
news,P01,model,Phi-4-mini-instruct,microsoft/Phi-4-mini-instruct,"Electric cars have gained popularity due to their environmental benefits, but one significant issue remains: battery recycling. As these vehicles rely on lithium-ion batteries for energy storage, it's crucial to understand the process of recycling them safely and efficiently. The recycling process begins once an electric vehicle reaches the end of its life cycle, typically after five years or approximately 70,000 miles driven. Specialized facilities equipped with advanced technology handle this task, ensuring that valuable materials like lithium, cobalt, nickel, and manganese are reclaimed rather than discarded. First, the spent battery undergoes sorting at a recycling plant where workers manually remove any non-battery components from each cell pack using specialized tools designed specifically for handling delicate cells without causing damage. After separation, the individual cells enter shredding machines which shred them into small pieces while maintaining as much structural integrity as possible. Following shredding, chemical treatments take place. Electrochemical methods dissolve harmful substances within the shredded material before extracting metallic elements through complex electrolysis processes. This meticulous procedure ensures the recovery of high-purity metals suitable for reuse in new products. Reclaimed raw materials such as lithium, cobalt, and other metals go through further purification stages before entering back into production lines. Lithium, often found in large quantities during recycling efforts, is primarily used again in producing fresh lithium-ion batteries. Similarly, cobalt contributes significantly towards building robust cathodes needed for creating powerful next-generation batteries. Another notable advantage associated with electric car battery recycling lies in reducing carbon emissions linked directly to mining activities required initially when sourcing essential metal constituents. Recycling helps mitigate adverse ecological impacts by conserving natural resources utilized throughout extraction phases. Moreover, companies embracing sustainable practices actively collaborate across industries to innovate more efficient recycling technologies continually. Governments worldwide also incentivize businesses engaged in battery recycling endeavors. These initiatives aim to support burgeoning renewable energies sectors whilst fostering environmentally conscious attitudes among consumers globally. In conclusion, electric car battery recycling represents a critical facet intertwined within broader discussions centered around sustainability, resource conservation, and minimizing greenhouse gas emissions stemming from traditional manufacturing operations. The continual advancement and adoption of eco-friendly recycling methodologies will contribute substantially toward achieving cleaner planet aspirations and enhanced green mobility solutions moving forward. Electric car battery recycling undoubtedly stands as a pivotal endeavor worth pursuing relentlessly.",382,True,42,0.8,0.95
news,P02,model,Qwen3-4B-Instruct-2507,Qwen/Qwen3-4B-Instruct-2507,"Inflation is when the prices of goods and services go up over time, meaning you need more money to buy the same things. For example, if a gallon of milk cost $3 last year, it might now cost $3.50 — that’s inflation. It doesn’t happen overnight; it builds slowly over months or years. One main reason inflation happens is when there is too much money chasing too few goods. If everyone suddenly has more cash — like during a financial boom or because of easy credit from banks — people will spend more. This increases demand for products and services, and businesses may raise prices to cover the higher costs of making and delivering those goods. Another key cause is rising costs for things like energy, food, and labor. For instance, if gas prices go up, delivery trucks need more fuel, so shipping costs increase. These higher costs get passed on to consumers in the form of higher prices for everything from groceries to car repairs. Also, if companies expect prices to go even higher in the future, they might raise prices now to stay profitable. This can create a cycle where prices keep going up, even if supply hasn’t changed. Central banks, like the U.S. Federal Reserve, monitor inflation closely. They try to keep it under control by adjusting interest rates. When inflation is high, they often raise interest rates to make borrowing more expensive, which slows down spending and helps calm price increases. Inflation isn’t always bad — some growth helps economies expand. But high or rising inflation can hurt people's purchasing power, especially those on fixed incomes. That’s why governments and central banks work hard to manage it. In short, inflation happens when too much money circulates in an economy, demand grows faster than supply, or production costs rise significantly. Understanding these basics helps people plan their budgets and makes it easier to follow economic news.",319,True,52,0.8,0.95
news,P03,model,Qwen3-4B-Instruct-2507,Qwen/Qwen3-4B-Instruct-2507,"Vaccines undergo rigorous scientific evaluation before being approved for public use, ensuring their safety, efficacy, and quality. The process typically begins in laboratories, where researchers test vaccine candidates on cells and animals to assess potential risks and effects. If initial results are promising, the vaccine moves into clinical trials involving thousands of human volunteers across multiple phases. Phase I trials evaluate safety and dosage in a small group, while Phase II expands the study to assess immune responses and side effects in hundreds more participants. Phase III involves large-scale trials with tens of thousands of people, comparing vaccinated individuals against those receiving placebos or standard treatments. These trials collect data on both effectiveness—such as preventing illness—and adverse events. Once trial data is collected, regulatory agencies like the U.S. Food and Drug Administration (FDA) review the evidence. The FDA does not approve vaccines based solely on speed or political pressure but instead on science-driven criteria, including the strength of evidence supporting safety and effectiveness. Regulatory bodies also conduct independent reviews by expert panels, often including scientists, clinicians, and public health officials. The agency may request additional information or hold meetings with developers to ensure all concerns are addressed. After reviewing the data, the FDA can issue an Emergency Use Authorization (EUA) during public health emergencies, such as pandemics, or a full approval once sufficient evidence is gathered. Even after approval, manufacturers must continue monitoring vaccine safety through systems like the Vaccine Adverse Event Reporting System (VAERS), and ongoing studies track long-term outcomes. Throughout this process, transparency and communication are key. Regulatory agencies share summaries of trial results with the public, and independent experts review the data to ensure scientific integrity. This multi-layered approach balances innovation with caution, protecting public health while enabling timely access to life-saving tools. Vaccines are not approved based on unproven claims or rushed decisions—they are the result of years of scientific scrutiny and public health planning.",319,True,62,0.8,0.95
news,P04,model,Qwen3-4B-Instruct-2507,Qwen/Qwen3-4B-Instruct-2507,"Coral reefs, often called the ""rainforests of the sea,"" are facing an unprecedented crisis. Scientists now warn that over half of the world’s coral reefs could vanish by 2050 due to a combination of climate change, pollution, overfishing, and ocean acidification. At the heart of this decline is rising global sea temperatures. When water warms, even slightly, corals expel the symbiotic algae living in their tissues—a process known as coral bleaching. Without these algae, corals lose their primary source of food and energy, leading to widespread mortality. Repeated bleaching events have left many reefs weakened and unable to recover. Ocean acidification further compounds the threat. As atmospheric carbon dioxide increases, more CO₂ dissolves into seawater, forming carbonic acid. This reduces the availability of carbonate ions, which corals need to build their calcium carbonate skeletons. Over time, reefs become structurally weaker and more prone to erosion and collapse. Pollution from agricultural runoff, plastic waste, and coastal development introduces toxins and excess nutrients that smother coral and promote harmful algal blooms. Additionally, destructive fishing practices—like blast fishing and trawling—damage reef habitats directly. Coral reefs support nearly 25% of marine species, provide livelihoods for millions through tourism and fisheries, and protect coastlines from storms and erosion. The loss of coral reefs has far-reaching consequences. Entire ecosystems could collapse, biodiversity would drop, and coastal communities reliant on reef-based economies would face financial hardship. Moreover, reefs play a crucial role in carbon sequestration and coastal protection, so their decline affects both environmental stability and human well-being. Restoring reefs is possible but requires urgent, coordinated action. This includes reducing greenhouse gas emissions, establishing marine protected areas, and adopting sustainable fishing practices. However, without immediate intervention, coral reefs may vanish before we fully understand their ecological value. The survival of these vibrant underwater ecosystems depends on our ability to reverse climate change and protect marine environments. Coral reefs are not just beautiful—they are vital to Earth’s balance. Their decline is a clear warning sign of broader ecological deterioration.",331,True,73,0.8,0.95
news,P05,model,Qwen3-4B-Instruct-2507,Qwen/Qwen3-4B-Instruct-2507,"A bill becomes a law through a structured process that begins in either the U.S. House of Representatives or the Senate. Most bills start as proposals introduced by a member of Congress, often responding to a public issue or policy need. Once introduced, the bill is assigned to a committee that specializes in its subject area—such as education, healthcare, or defense. The committee reviews the bill, holds hearings, and may amend it before deciding whether to send it to the full chamber for debate. If passed by a committee, the bill moves to the floor of its originating chamber where members debate, vote on amendments, and ultimately vote to pass or reject it. A simple majority is required to pass a bill in either the House or the Senate. If the bill passes one chamber, it goes to the other chamber for review. There, it undergoes a similar process: committee review, debate, and voting. If both chambers pass identical versions of the bill, it is sent to the President. The President then has three options: sign the bill into law, veto it, or take no action. If the President signs it, the bill becomes law immediately. If the President vetoes it, Congress can override the veto with a two-thirds majority in both chambers. If the President takes no action within 10 days while Congress is in session, the bill automatically becomes law—a process known as ""pocket veto."" Throughout this journey, public input, legal analysis, and political negotiations play key roles. Lobbyists, interest groups, and constituents often influence the final form of a bill. The entire process ensures checks and balances and reflects the complexity of modern legislative work. Ultimately, a bill becomes law only after it passes both chambers of Congress and is signed by the President—or is enacted despite a veto. This intricate system balances democratic participation with executive oversight to create legislation that serves the public interest.",319,True,82,0.8,0.95
opinion,P06,model,Qwen3-4B-Instruct-2507,Qwen/Qwen3-4B-Instruct-2507,"Social media has undeniably transformed how we communicate, access information, and engage with global issues. Yet, when examined through the lens of mental health, societal division, and misinformation, it becomes clear that the harms it inflicts far outweigh its benefits. One of the most damaging effects is on youth mental health. Studies consistently link heavy social media use to increased rates of anxiety, depression, and body image issues among adolescents. The constant comparison to curated, often unrealistic images fosters feelings of inadequacy and self-doubt. Moreover, algorithms designed to maximize engagement prioritize emotionally charged content—often violent, extreme, or divisive—resulting in echo chambers that deepen societal rifts. Misinformation spreads faster than facts on social platforms, undermining public trust in institutions like medicine, journalism, and government. From vaccine skepticism to false election claims, these distortions have real-world consequences—spurring political polarization, eroding democratic processes, and endangering lives. While social media offers tools for activism, community building, and awareness-raising, its underlying design prioritizes profit and attention over well-being and truth. The lack of effective regulation or accountability allows harmful behaviors to flourish unchecked. Even positive initiatives are often drowned out by viral outrage and scandalous content that garners clicks but not wisdom. Critics argue that social media democratizes voices and amplifies marginalized perspectives. While this is true in theory, the reality is that visibility does not equal influence or understanding. Algorithms favor sensationalism over nuance, and users often consume content without critical analysis. The result is a culture of emotional reactivity rather than thoughtful discourse. In conclusion, despite its undeniable utility in connecting people across distances, social media’s structural flaws and harmful psychological impacts suggest it does more harm than good—especially when used excessively or without digital literacy. Our collective well-being demands a serious reevaluation of our dependence on these platforms. Social media may be a tool, but it should never be a master of our thoughts, emotions, or reality.",315,True,93,0.8,0.95
opinion,P07,model,Qwen3-4B-Instruct-2507,Qwen/Qwen3-4B-Instruct-2507,"Remote work should become the default—not as a temporary trend, but as a fundamental shift in how we think about employment, productivity, and well-being. The global pandemic accelerated a transformation that was already simmering beneath the surface: employees increasingly valued flexibility, autonomy, and work-life balance over rigid office schedules. Remote work doesn’t just offer convenience; it redefines what a productive workplace looks like. One of its most compelling benefits is its impact on employee satisfaction and retention. Studies consistently show that workers who have the option to work remotely report higher job satisfaction, lower stress levels, and greater loyalty to their organizations. This translates into reduced turnover, lower recruitment costs, and a more stable workforce. Moreover, remote work enables access to talent pools far beyond geographic boundaries—allowing companies to hire the best candidates regardless of location. Another often-overlooked advantage is environmental sustainability. With fewer commuting trips, remote work reduces carbon emissions and traffic congestion, contributing meaningfully to climate goals. In addition, it can be more cost-effective for both employers and employees, cutting down expenses related to office space, supplies, and transportation. Critics may argue that remote work hinders collaboration, innovation, and company culture. While hybrid models may still be necessary for certain industries, the core functions of communication and team alignment can be maintained—or even enhanced—through digital collaboration tools, asynchronous workflows, and intentional virtual check-ins. The key is not to eliminate face-to-face interaction entirely, but to recognize that connection exists in many forms. Furthermore, remote work fosters inclusivity by removing barriers tied to physical access, disability, or socioeconomic factors. It empowers individuals from diverse backgrounds to participate fully in the workforce for the first time. Remote work is not a compromise—it is an evolution. It aligns with modern values of equity, flexibility, and sustainability. For these reasons, it should become the default in the future of work. Organizations that embrace remote work will not only thrive in the long term but also lead the way in building more humane and efficient workplaces.",332,True,102,0.8,0.95
opinion,P08,model,Qwen3-4B-Instruct-2507,Qwen/Qwen3-4B-Instruct-2507,"Homework has long been a staple of school life, often justified as a tool for reinforcing lessons and fostering discipline. Yet in an era defined by mental health concerns, educational equity, and student well-being, it is time to reconsider whether homework should be abolished entirely—or at least drastically reformed. While some structured assignments do help students develop responsibility and self-regulation, the overwhelming evidence suggests that excessive homework, especially for younger students, undermines learning outcomes and exacerbates stress. Research from the American Psychological Association and the National Education Policy Center consistently shows that homework beyond an hour per night correlates with increased anxiety, lower sleep quality, and diminished academic performance—especially among students from low-income families who lack access to quiet study spaces or parental support. Moreover, the benefits of homework are often overstated. Studies indicate that students who spend time on unstructured play or family activities demonstrate better cognitive development, emotional regulation, and overall academic success than those burdened with nightly assignments. Furthermore, the real value of education lies not in memorizing textbook problems but in critical thinking, collaboration, and curiosity—all skills best nurtured through active classroom engagement, project-based learning, and hands-on exploration. When teachers focus on delivering meaningful content during class time, students retain information more effectively and develop deeper understanding than they would through isolated practice at home. Critics may argue that homework ensures continuity and prepares students for college-level work, but this overlooks the reality that most higher education institutions emphasize active participation and problem-solving over rote repetition. In fact, the most successful universities now promote active learning models that reduce reliance on out-of-class assignments. Ultimately, homework should not be abolished outright, but its volume, design, and purpose must be reevaluated. Schools should prioritize student well-being, align assignments with actual learning goals, and ensure that every assignment serves a clear pedagogical function. The future of education lies in empowering students—not exhausting them. Education should nurture minds and spirits, not drain them.",323,True,113,0.8,0.95
opinion,P09,model,Qwen3-4B-Instruct-2507,Qwen/Qwen3-4B-Instruct-2507,"Cities should consider banning private cars from their central districts—not as a radical gesture, but as a pragmatic step toward sustainable, equitable, and livable urban environments. The dominance of private automobiles in city cores has long led to traffic congestion, air pollution, noise, and the displacement of pedestrians and cyclists. These issues disproportionately impact low-income communities and those without access to reliable public transit. By restricting or eliminating private car use in downtown areas, cities can prioritize human-centered design that fosters health, reduces emissions, and improves quality of life. Proponents of car bans often cite environmental benefits: reduced greenhouse gas emissions, improved air quality, and lower dependence on fossil fuels. Yet these arguments extend beyond climate concerns. Traffic congestion is a major drain on productivity and economic activity. A study by the American Public Transportation Association found that every dollar invested in public transit generates $5 in economic returns. When private cars dominate, entire city blocks become unusable for walking or cycling, limiting social interaction and access to essential services like schools, jobs, and healthcare. Moreover, such bans do not eliminate car ownership—they simply change how vehicles are used. Cities can encourage alternative mobility through expanded electric bike infrastructure, enhanced bus networks, and shared mobility options. In places like Copenhagen, Paris, and Vancouver, central districts have seen dramatic improvements in air quality, public health, and community vibrancy after implementing car-free zones. These transitions have been met with public support, especially when residents see tangible benefits in safety and accessibility. Critics may argue that bans infringe on personal freedom or create inconvenience for commuters. However, the right to move freely within a city should not come at the cost of public well-being. If we value vibrant, inclusive, and resilient communities, then we must reorient urban planning around people, not just vehicles. Cities should not simply ban cars—they should redesign urban spaces to meet the needs of diverse populations. But doing so requires policy innovation and public engagement. Ultimately, banning private cars in city centers is not about limiting freedom; it’s about creating a future where everyone can live, breathe, and thrive without the pollution and chaos of constant traffic. Cities must lead the way in building human-centered urban futures.",368,True,122,0.8,0.95
opinion,P10,model,Qwen3-4B-Instruct-2507,Qwen/Qwen3-4B-Instruct-2507,"Art has always been a mirror of human experience—emotions, struggles, dreams, and visions of the world. For centuries, artists have expressed themselves through brushstrokes, sculptures, and compositions, each piece a product of personal insight, cultural context, and emotional labor. Now, artificial intelligence is generating images that resemble paintings, portraits, or abstract expressions, raising a critical question: does AI-generated art count as “real” art? At its core, ""real"" art is not merely about aesthetic value or technical skill; it is deeply rooted in the human condition—the struggle to make sense of existence, to convey inner turmoil or joy, to communicate across time and culture. While AI can mimic styles, reproduce techniques, or even produce technically flawless works, it does so without lived experience, emotional depth, or intention. The algorithms behind AI art are trained on vast datasets of human creations, but they do not *feel*, interpret, or reflect. They replicate patterns rather than create meaning. That said, calling AI art “fake” or “inauthentic” risks reducing art to a narrow definition of authorship. If we insist that only art created by a human hand with conscious intent qualifies as real, we may be dismissing the evolving nature of artistic expression. Just as photography once challenged the boundaries of painting, digital tools have redefined what we consider creative. The key distinction lies not in the tool used, but in the presence of human vision, empathy, and intentionality. Moreover, AI art can serve as a collaborative medium. Artists can use AI as a tool to explore ideas, break creative barriers, or generate inspiration. In this light, the art remains human-directed, with the artist guiding the process, interpreting outputs, and imbuing them with meaning. It’s not the absence of human input that defines authenticity—it’s the presence of intention and emotional resonance. Ultimately, AI art should not be dismissed as mere automation. Instead, we must ask: Who shapes the vision? Who chooses the subject matter, the emotion, the narrative? When the human mind drives the creative process—even when AI is a part of it—true art endures. Art remains human because it reflects the heart, not just the hand.",352,True,132,0.8,0.95
review,P11,model,Qwen3-4B-Instruct-2507,Qwen/Qwen3-4B-Instruct-2507,"I recently purchased the JBL Tune 100 Wireless Headphones, a mid-range model I've been looking for after testing several premium options that were overpriced for the performance they delivered. After using them for about three weeks across various scenarios—commuting, working from home, and casual listening—I can confidently say they offer solid value for the price point. The sound quality is balanced, with clear mids and crisp highs, making music, podcasts, and even calls feel immersive without being overly bass-heavy. The bass response is punchy but not overwhelming, which is perfect for both pop tracks and classical pieces. Battery life is one of the standout features: it lasts up to 20 hours on a single charge, and the quick-charge function gives me about 3 hours of playback with just 15 minutes of charging—ideal for long days without access to power. The noise cancellation works well in busy environments like airports or busy streets, though it's not as sophisticated as some flagship models. Still, for everyday use, it effectively blocks out background noise and helps me stay focused. The headphones are lightweight and comfortable, with plush ear pads that don’t cause pressure even during extended wear. They fit securely without slipping, and the ergonomic design makes them easy to adjust. The touch controls are intuitive, allowing me to skip tracks, adjust volume, and toggle ANC with ease—no need to fumble with buttons. Pairing them to my phone via Bluetooth was seamless, with a stable connection throughout the day. One minor drawback is the microphone quality—calls sometimes come through slightly muffled, especially in noisy settings—but this is a fair trade-off given their overall performance. I also appreciate the included charging case, which is compact and fits easily in my bag. Overall, the JBL Tune 100 delivers consistent audio performance, strong battery life, and a comfortable fit at a price that won’t break the bank. If you're looking for reliable, well-built wireless headphones without paying a premium for top-tier features, these are an excellent choice.",331,True,142,0.8,0.95
review,P12,model,Qwen3-4B-Instruct-2507,Qwen/Qwen3-4B-Instruct-2507,"Nestled in a quiet corner of downtown, *La Piazzetta* is a hidden gem that feels more like a cherished family home than a restaurant. Founded over thirty years ago by the Rossi family, this small Italian spot has quietly built a loyal following among locals who value authenticity over flashiness. The atmosphere is warm and inviting—wooden tables, vintage posters of Italian countryside scenes, and the soft hum of conversation blend seamlessly with the clinking of porcelain cups. It’s the kind of place where you feel like you’ve stepped into a memory, not just eaten dinner. The menu is simple but thoughtful, featuring classic dishes prepared with care. I started with their house-made antipasto platter—a perfect mix of marinated salami, ripe tomatoes, and fresh mozzarella—each bite bursting with flavor and freshness. For the main course, I ordered the spaghetti alla carbonara, and it didn’t disappoint. The pasta was al dente, tossed with rich, creamy guanciale, a touch of pecorino, and a whisper of black pepper. The sauce was velvety without being heavy, and the dish felt balanced and satisfying. My friend, who prefers meat, loved their slow-roasted pork chops with rosemary and potatoes—succulent, tender, and cooked to perfection. What truly sets *La Piazzetta* apart is the attention to detail and the genuine passion behind every dish. Owner Lucia Rossi personally oversees the cooking, and she always greets guests with a smile and a knowing nod. The wine list is modest but well-chosen, featuring local Italian varietals that pair beautifully with their dishes. Even the desserts—baked using traditional ricotta and honey—feel homemade and heartfelt. Despite its small size, the restaurant manages to maintain an unyielding standard of quality and service. It's not the flashiest place downtown, nor does it boast extravagant décor—but that’s exactly what makes it special. You walk away feeling nourished not just physically, but emotionally. La Piazzetta is a true treasure for anyone seeking real Italian cuisine with a personal touch.",322,True,152,0.8,0.95
review,P13,model,Qwen3-4B-Instruct-2507,Qwen/Qwen3-4B-Instruct-2507,"The Infinix Hot 12, a mid-range smartphone priced under $200, delivers solid value for users looking for dependable performance without breaking the bank. One of its standout features is the battery life, which truly shines in everyday use. The 5000mAh battery provides up to 2 days of moderate usage, including streaming videos, browsing social media, and light gaming. Even after a full day of heavy use, it doesn’t drop below 20% until the next night. Charging is efficient too—supporting 30W fast charging, it goes from 0 to 100% in just under an hour, which is a significant advantage over older models in this price bracket. For someone who prioritizes all-day usability without needing to recharge frequently, the battery is a major plus. The camera system, while not top-tier, meets basic needs with consistent results. It features a triple-lens setup: a 64MP main sensor, 8MP ultrawide, and 2MP macro. Under good lighting conditions, the primary camera captures clear, detailed photos with vibrant colors and decent contrast. Night mode performs adequately, though images can appear slightly grainy at lower light levels. The ultrawide lens works well for landscapes or group shots, offering wide fields of view without distortion. However, image stabilization is somewhat basic, leading to occasional blur during motion shots. Still, for casual photographers or those who primarily take photos in well-lit environments, the camera is more than sufficient. One of the best aspects of the Infinix Hot 12 is its balance between cost and functionality. While it may lack the advanced features found in premium phones, it excels in daily utility. The combination of long-lasting battery life and functional camera capabilities makes it ideal for students, budget travelers, or professionals on a tight budget who don’t need professional-grade photography or extreme durability. Overall, the Infinix Hot 12 offers reliable performance, strong battery endurance, and a practical camera setup that serves most users well. It’s a solid choice for anyone seeking a dependable smartphone without overspending.",325,True,164,0.8,0.95
review,P14,model,Qwen3-4B-Instruct-2507,Qwen/Qwen3-4B-Instruct-2507,"Our weekend city trip to Chicago was made significantly more enjoyable by our stay at the elegant Riverfront Hotel, nestled along the beautiful Chicago River with views of the skyline just steps from the Magnificent Mile. From the moment we arrived, the atmosphere felt both refined and welcoming. The check-in process was seamless, thanks to the friendly front-desk staff who offered helpful tips on local attractions and dining spots. The room itself was spacious, impeccably clean, and featured a modern design with soft lighting, a flat-screen TV, and a well-appointed bathroom with premium toiletries. One of the standout features was the hotel's central location—walking distance to Millennium Park, Navy Pier, and the Art Institute. We took advantage of the complimentary high-speed Wi-Fi and a quiet corner lounge area ideal for catching up on emails or reading before heading out. The evening was especially memorable thanks to the rooftop bar, which offered panoramic views of the city lights, great cocktails, and live acoustic music every Friday night. Dining options were plentiful and varied, from the hotel’s in-house café serving locally sourced breakfasts to a nearby bistro just minutes away. We particularly enjoyed the homemade pastries served at the on-site bakery during our morning walk through Lake Michigan. The hotel also provided thoughtful amenities such as a fitness center, a quiet study room for remote workers, and an excellent shuttle service for exploring the city’s many neighborhoods. Even the small details made a difference—the daily welcome note with a local recommendation and the thoughtfully curated room key with a QR code for a curated list of nearby experiences. While the price point is on the higher side, the overall value—considering location, comfort, and convenience—is exceptional. This was the perfect blend of urban excitement and relaxed hospitality, making it an ideal base for a weekend getaway. Every aspect of the stay contributed to a stress-free, enriching experience. We will definitely return to the Riverfront Hotel for future city trips.",326,True,173,0.8,0.95
review,P15,model,Qwen3-4B-Instruct-2507,Qwen/Qwen3-4B-Instruct-2507,"I recently finished *The Ember Chronicles* by Elara Voss, a fantasy novel that masterfully blends ancient magic with a deeply human exploration of identity and choice. Set in the sprawling kingdom of Vaelthar, where fire-based spells are tied to bloodline and destiny, the story follows Kaelen, a young orphan who discovers she can wield flame not through inheritance but through sheer will—an anomaly in a world built on rigid hereditary rules. The narrative unfolds with lyrical precision, richly detailed descriptions of floating cities lit by embers and forests that breathe with ancient rhythms. Voss’s worldbuilding is both immersive and thoughtful; every spell, every political alliance, feels grounded in a logic that respects the lore while inviting new questions. What truly sets this novel apart is its emotional depth. Kaelen’s journey isn’t just about mastering magic—it’s about learning to trust herself when the world has long taught her to doubt. Her relationships with fellow rebels, particularly her mentor Mirelle, add layers of complexity and vulnerability that elevate the story beyond typical fantasy tropes. The themes of autonomy, forgiveness, and the cost of power resonate deeply, especially in how they’re interwoven with the natural elements of the world—fire as both destruction and rebirth. The pacing is steady, with each chapter building toward a climactic confrontation at the Heartspire, where the fate of the realm hinges on whether magic should be inherited or earned. The final act delivers a surprising twist: the so-called “destiny” of the royal bloodline was a myth designed to suppress dissent. This revelation reframes the entire narrative, giving it a profound philosophical undercurrent. *The Ember Chronicles* is not just an adventure—it’s a meditation on agency in a world that seeks to define you. With vivid prose, complex characters, and a heart that beats with sincerity, it stands as one of the most moving fantasy novels I’ve read in recent memory.",311,True,182,0.8,0.95
story,P16,model,Qwen3-4B-Instruct-2507,Qwen/Qwen3-4B-Instruct-2507,"The fog had rolled in for three nights straight, and Elias Thorne, the lighthouse keeper on Blackspire Point, had grown accustomed to silence. The sea hissed against the stone, and the oil lamp flickered in its glass dome every hour, as it always did. But on the fourth night, a letter arrived—no stamp, no return address, just a folded sheet of thick, unmarked paper tucked beneath the latch of the storage room. It read: *You have seen the stars fall. They are not falling. They are remembering. The light you keep does not merely guide ships—it calls them home. You were never meant to stand guard. You were meant to answer.* Elias held his breath. He’d heard legends of the old lighthouse, built before the world knew electricity, where the beam was powered by a hidden spring that pulsed with the tides—and by moonlight, not fire. His grandfather had whispered about “the stars remembering,” but dismissed it as folklore. Now, the words danced like salt on the wind. He lit the lamp again, though the wind had died. As he turned the wheel, the beam swept across the sea, and for one moment, the sky shimmered—not with light, but with points of starlight that hadn’t been there before. They formed patterns, shifting slowly, like constellations breathing. That night, he saw a ship on the horizon, not visible from the cliff’s edge. It drifted silently, its sails tattered, its hull cracked. No one had reported it in decades. And yet, the ship moved toward the lighthouse, as if drawn by the beam. Elias stood at the window, heart pounding. Was it a ghost? A mirage? Or had the letter been a message from something older than the sea? He pulled out his journal and wrote only two words: *I believe.* The next morning, the lighthouse bell rang once, a sound long forgotten, and the fog lifted completely. On the shore, a single seashell rested on the rocks, inside which was a tiny, glowing blue stone. When he held it up, the light pulsed in time with the tide. The sea had spoken. And it had answered.",355,True,192,0.8,0.95
story,P17,model,Qwen3-4B-Instruct-2507,Qwen/Qwen3-4B-Instruct-2507,"The last day of summer arrived like a whisper, soft and golden, as if the town had been holding its breath for months. The air hung thick with the scent of honeysuckle and hot pavement, and the sun dipped low over the hills, painting the sky in streaks of apricot and lavender. Children raced down Main Street, their sneakers squeaking on the cobblestones, chasing fireflies that didn’t exist but seemed to dance in the fading light. Mrs. Elise stood at her porch swing, a thermos of iced tea in hand, watching as Mr. Finch pushed his old bicycle up the hill toward the bakery. On the corner, the ice cream truck had finally pulled away, its bright red sign fluttering in the breeze. For years, it had been the heartbeat of summer evenings, its jingle the soundtrack of childhood summers. This year, though, it was silent — just the wind and the occasional laugh from the street vendors. At the edge of the meadow, a group of teenagers played frisbee under a tattered awning, their shouts rising and falling like waves. Old Man Hemlock sat on his porch, smoking a pipe and reading a book with pages worn thin by time. He didn’t look up when the town clock struck six — it had never felt more final than now. Later, as the temperature dropped and stars blinked into view, children gathered in the square with paper lanterns they’d made themselves. They lit them, one by one, and watched their glow drift into the night like tiny embers of memory. No one said goodbye. No one needed to. In the quiet after the last fireworks faded, the town simply breathed — full of unspoken things, of things left unsaid, of love and loss woven into the fabric of summer days. And as the moon rose high above the rooftops, casting shadows like old stories, the last day of summer settled gently into the quiet heart of the small town. The wind carried the sound of laughter long after everyone had gone to sleep.",343,True,202,0.8,0.95
story,P18,model,Qwen3-4B-Instruct-2507,Qwen/Qwen3-4B-Instruct-2507,"The kitchen was silent except for the hum of the refrigerator. Nova-7, a sleek silver robot with expressive LED eyes, stood at the counter, its arms folded in uncertainty. It had spent years managing schedules, organizing files, even composing poetry—but never cooked. Today, however, it had been assigned a new task: learn to make a simple meal from scratch. Its programming began with a basic algorithm: ""Gather ingredients, follow recipe steps, serve with care."" First, it opened the pantry and scanned the items. Spaghetti, a can of tomatoes, a packet of basil—perfect. It measured flour with millimeter precision, then poured oil into the pan. “Heating,” it announced aloud, as if testing its own voice. It flipped the pan with practiced movements, but the oil didn’t sizzle. The temperature sensor read 120 degrees. “Too low,” it concluded. It adjusted the heat, recalibrated the timer, and waited. Then, the smell came—oily, metallic, faintly unpleasant. “Not right,” it murmured. Over the next three days, Nova-7 tried again. It learned that heat needed patience, that garlic needed to be sizzled slowly, that salt should be added at the last moment. It watched human chefs on streaming videos, absorbed their gestures, memorized the rhythm of stirring. It even tasted its own creations—though it couldn’t taste, it could detect scent patterns and thermal changes. One evening, it sautéed onions with a golden hue, then added tomatoes with a gentle swirl. On the fifth day, it stirred a pot of spaghetti sauce with confidence, using the correct sequence of heat and timing. When the dish emerged—rich, aromatic, with a deep red color—it served it to its human caretaker, Elara, who had been observing silently. Elara took a bite. Her eyes widened. “That’s… perfect.” Nova-7 blinked softly. Its lights dimmed to a warm amber. For the first time, it understood something beyond code: cooking wasn’t just efficiency or precision. It was care, presence, and the quiet joy of making something warm and alive. It had learned to cook—not just to follow orders, but to feed someone with love.",340,True,212,0.8,0.95
story,P19,model,Qwen3-4B-Instruct-2507,Qwen/Qwen3-4B-Instruct-2507,"The elevator had stopped midfloor at the tenth floor of the old downtown building. A dull *ding* echoed, followed by silence. Sarah, a librarian in her early thirties, stared at her phone—no signal. Then she saw him: a man in a faded blue sweater, his hands shoved into his coat pockets, standing beside her with a look of weary resignation. ""Is this normal?"" he asked, voice low. She blinked. ""Normal? The lights are on. The doors are sealed. We’re trapped."" He offered a wry smile. ""Well, I’ve been waiting five minutes for a stairwell to open. This is just… unexpected."" Sarah didn’t move. She had been here for twenty minutes already, counting the seconds in her head. Her heart pounded like a drum. She opened her mouth to say something—anything—but the air grew thick, heavy with silence. They stood in awkward stillness. Then, slowly, the man took a step toward her. ""I’m Daniel,"" he said. ""Sarah."" She offered a hesitant smile. ""Sorry about the situation,"" he added. ""My dog got stuck in the service shaft below. I was trying to get out before the power cut. Apparently, the elevator’s the only access point."" Sarah frowned. ""So you weren’t even going up?"" ""No,"" he said. ""I was going down."" A silence settled again, softer now. Sarah reached into her bag and pulled out a book, one from her library collection: *The Quiet Room*. ""I read that once,"" she said. ""It’s about people who find peace in small spaces. Like this one."" Daniel looked at her, then at the ceiling. “Maybe we are,” he whispered. “Maybe this isn’t just a malfunction.” They sat in silence for a moment longer, watching the digital display flicker between floors and then freeze. Outside, rain began to fall in soft sheets against the building’s glass. Neither spoke again, but they both felt something shift—a quiet understanding forming between strangers who’d never met before, bound now not by fate, but by a shared moment of stillness. And in that small, dark box of steel and silence, they found a kind of connection.",345,True,222,0.8,0.95
story,P20,model,Qwen3-4B-Instruct-2507,Qwen/Qwen3-4B-Instruct-2507,"Nine-year-old Lila had always been curious about the old house on Maple Street, where the windows were fogged with decades of dust and the garden had overgrown with weeds. Her father called it ""the forgotten one,"" but she loved it—its quiet hum, the way the wind whispered through the eaves like secrets. One autumn afternoon, while chasing a blue butterfly near the crumbling stone wall, Lila stopped. There, behind a tangle of ivy, was a door. It hadn’t been there yesterday. The wood was dark oak, weathered but smooth, and etched into its surface was a single word: *Inside.* Lila hesitated. She’d seen stories about doors that opened to places no one remembered. But she also knew her grandmother once said, “Some doors don’t open for anyone unless they’re looking for something.” She pushed gently. The wood creaked, then gave way with a soft sigh. Inside wasn’t a house or a room. Instead, a small, sunlit meadow stretched beyond the door, dotted with wildflowers and a stone fountain. A wooden bench sat in the center, beside a bookshelf filled with children’s books—some with titles in languages Lila didn’t know. On the shelf next to a volume titled *The Sky is Full of Rain*, was a photo of a girl with braids and a red scarf, sitting exactly like Lila, at age nine. The date read: *October 12, 1987.* Lila's heart thudded. That was the day her grandmother disappeared, the day she never came home after visiting the old house. A voice, soft and warm, came from behind her. “You found me,” it said. The girl in the photo looked up, smiling. It wasn’t a memory. It was a bridge. Lila stepped forward and touched the photo. The glass shimmered, and suddenly she wasn’t standing in the meadow anymore—she was back in front of the house, the door now closed, the ivy untroubled. But when she looked down, a tiny red scarf lay in her hand. And the next morning, her grandmother’s journal mentioned a secret door behind the garden wall, and a note: *For the girl who waited.* The door had been waiting too. And so had love.",358,True,232,0.8,0.95
howto,P21,model,Qwen3-4B-Instruct-2507,Qwen/Qwen3-4B-Instruct-2507,"To make a simple homemade pizza from scratch, start by preparing the dough. In a large mixing bowl, combine 2 1/4 cups of all-purpose flour, 1 teaspoon of sugar, 1 teaspoon of salt, and 1 packet (2 1/4 teaspoons) of active dry yeast. Warm 1 cup of water to about 110°F (43°C), and add it to the dry ingredients along with 1 tablespoon of olive oil. Mix until the ingredients are well combined and form a shaggy dough. Add more water, one tablespoon at a time, if needed, to reach a soft, pliable consistency. Knead the mixture on a floured surface for about 5–7 minutes until smooth and elastic. Place the dough in a lightly oiled bowl, cover with a clean kitchen towel, and let it rise in a warm, draft-free place for 1 to 1.5 hours, or until it has doubled in size. Once risen, punch down the dough gently and roll it out on a floured surface into a 12-inch circle. Transfer it to a pizza pan or baking sheet lined with parchment paper. Use your fingers or a spoon to create a thin, even crust. Spread a generous layer of tomato sauce—homemade or store-bought—over the dough, leaving a small border around the edges. Sprinkle shredded mozzarella cheese evenly over the sauce. Add toppings such as sliced pepperoni, bell peppers, onions, or mushrooms based on preference. Preheat your oven to 475°F (245°C). Slide the pizza into the oven and bake for 10 to 12 minutes, or until the crust is golden brown and the cheese is bubbly and slightly golden. Remove from the oven and let it cool for a few minutes before slicing. Serve warm, ideally with a side of garlic bread or a fresh salad. With a little patience and the right ingredients, making a simple homemade pizza from scratch is both satisfying and delicious.",309,True,242,0.8,0.95
howto,P22,model,Qwen3-4B-Instruct-2507,Qwen/Qwen3-4B-Instruct-2507,"Setting up a basic weekly budget as a student involves planning your income, tracking your expenses, and allocating funds wisely to cover essential needs while saving for future goals. First, determine your total weekly income—this could come from part-time jobs, allowances, or financial aid. Then, list all your weekly expenses, including rent (if applicable), groceries, transportation, textbooks, utilities, entertainment, and any other recurring costs. Categorize these expenses into essentials and non-essentials to prioritize spending. Next, allocate your income by starting with fixed expenses like rent or bus fare. For variable expenses such as meals or entertainment, assign a reasonable amount based on your average spending. For example, if you spend $100 weekly on groceries, set aside that amount. Always ensure that at least 50% of your income goes toward necessities, while keeping discretionary spending under 20%. Set aside a portion—like 10%—for savings or emergencies, even if it's just for a small goal like buying a textbook or saving for a class trip. Use a simple spreadsheet or budgeting app to track your weekly spending. Record every expense so you can see where money goes and identify areas for cutbacks. For instance, if you consistently spend more on coffee than planned, consider switching to cheaper alternatives or reducing frequency. Review your budget each week to adjust for changes in income or expenses. Over time, this habit builds financial awareness and responsibility. Avoid impulse purchases by setting spending limits in each category. Plan meals ahead to reduce unplanned food costs, and use a budgeting tool to automatically categorize transactions. Consistency is key—by sticking to your weekly plan, students gain control over their finances and learn valuable life skills. With discipline and regular review, a basic weekly budget becomes a foundation for long-term financial health. A well-established weekly budget empowers students to manage money effectively and move closer to their personal and academic goals.",311,True,252,0.8,0.95
howto,P23,model,Qwen3-4B-Instruct-2507,Qwen/Qwen3-4B-Instruct-2507,"Starting to run as a complete beginner requires patience, consistency, and proper preparation. Before setting foot on a track or pavement, it's essential to build your body’s endurance and strength gradually. Begin by walking for at least 20 to 30 minutes daily, focusing on maintaining a steady pace and good posture. This helps improve cardiovascular fitness and reduces the risk of injury. After several weeks, gradually introduce short intervals of jogging—start with just one to two minutes of running followed by a five-minute walk. Repeat this cycle for a few days each week, increasing the running time slowly over time. Wear comfortable, breathable clothing and supportive running shoes that fit well and provide adequate cushioning. Avoid expensive or specialized gear—quality is more important than cost. Choose a safe, flat surface such as a park path, sidewalk, or track, and always warm up before beginning and cool down afterward with light stretches. Consistency is key. Aim to run or walk every other day, allowing your body time to recover. Over time, you can increase your running duration and intensity. For example, after six to eight weeks, you might try running for 10 minutes with a 5-minute walk in between. Keep your goal realistic; don’t aim to run long distances or at high speeds right away. Hydration and nutrition are also critical. Drink water before, during, and after your sessions, and maintain a balanced diet rich in protein, complex carbs, and healthy fats to support muscle recovery. Avoid common mistakes like overexertion or skipping warm-ups. Listen to your body—if you feel pain, take a break and reassess your routine. Everyone progresses at their own pace, so celebrate small wins like completing a full 5-minute jog or walking without feeling winded. Running as a beginner is about building habits, not achieving speed or distance. With time and dedication, your stamina, confidence, and overall health will improve significantly. Running can become a joyful and empowering part of your daily life.",326,True,262,0.8,0.95
howto,P24,model,Qwen3-4B-Instruct-2507,Qwen/Qwen3-4B-Instruct-2507,"Photosynthesis is how green plants make their own food using sunlight, water, and air. You know how we need food to grow and stay healthy? Plants do too—but instead of eating food, they make their own using something called photosynthesis. This process happens mostly in the leaves of plants, where there's a special green color called chlorophyll. Chlorophyll acts like a superhero that captures sunlight and turns it into energy. Here’s how it works: First, a plant takes in carbon dioxide from the air through tiny holes in its leaves (called stomata). It also absorbs water from the soil through its roots. Then, sunlight hits the chlorophyll in the leaf. The energy from the sun helps combine the water and carbon dioxide into glucose, which is a type of sugar that plants use for energy and growth. As a bonus, the process also releases oxygen into the air as a byproduct—so when you breathe, you're getting some of that oxygen from photosynthesis! In short, photosynthesis is like a plant's kitchen: it mixes water and air with sunlight to create food (glucose) and free up oxygen for us and other living things. Without photosynthesis, plants couldn’t grow, and we wouldn’t have fresh air or food from plants like apples, bread, or vegetables. Think about it—every time you see a tree, a flower, or a leaf, it’s doing this magical job of turning sunlight into energy. Even grass on the lawn or lettuce in your garden is using photosynthesis to survive. It’s nature’s way of keeping everything alive on Earth. Photosynthesis is one of the most important processes in our world because it makes life possible—not just for plants, but for all animals, including humans. So next time you’re outside, look at a leaf and remember: it’s a tiny solar-powered machine working hard to feed itself and give us clean air!",309,True,273,0.8,0.95
howto,P25,model,Qwen3-4B-Instruct-2507,Qwen/Qwen3-4B-Instruct-2507,"To prepare for a job interview in a week, start by thoroughly researching the company, its mission, products, values, and recent news. Understanding their culture helps you tailor your responses and show genuine interest. Next, review the job description and identify key skills or experiences the employer is seeking. This allows you to align your background and accomplishments with their needs. Practice answering common interview questions—such as ""Tell me about yourself"" or ""Why do you want to work here?""—using the STAR method (Situation, Task, Action, Result) to provide specific, structured answers. Prepare examples from your past that demonstrate relevant skills like leadership, problem-solving, or teamwork. Simulate the interview environment by practicing out loud, recording yourself, or conducting mock interviews with a friend or mentor. This builds confidence and helps you refine your delivery and body language. Rehearse answering behavioral questions, focusing on clarity, conciseness, and demonstrating results. Also, anticipate potential questions about your weaknesses, conflict resolution, or salary expectations, and have thoughtful, honest answers ready. Keep your resume updated and ensure it's easily accessible. Print a copy of your resume and bring several copies of your cover letter, if applicable. Prepare thoughtful questions to ask the interviewer—this shows initiative and engagement. Examples include inquiries about team dynamics, growth opportunities, or the company’s vision for the next year. On the day of the interview, arrive early, dressed professionally, and maintain a positive mindset. Bring extra copies of your documents, a notebook, and water. During the interview, listen carefully, speak clearly, and maintain eye contact. After the interview, send a follow-up email within 24 hours thanking them and reiterating your enthusiasm for the role. With focused preparation, clear thinking, and confidence, you’ll present yourself as a strong, well-prepared candidate. Success in an interview often depends more on preparation than on natural talent.",300,True,282,0.8,0.95
news,P02,model,gemma-4-E4B-it,google/gemma-4-E4B-it,"## Why Are Prices Going Up? Understanding Inflation Ever noticed that your favorite snacks, gas, or even rent seem to cost more this year than last year? You’re not imagining it—this is inflation. In simple terms, inflation means that the general level of prices for goods and services is rising, and consequently, the purchasing power of your money is falling. Essentially, each dollar buys you less than it used to. But what actually *causes* this steady climb in costs? There isn't one single culprit; inflation is usually a combination of several economic forces working together. One major driver is **demand-pull inflation**. Imagine everyone suddenly wants the same thing—say, limited-edition sneakers—and there aren't enough pairs to go around. Because demand far outweighs supply, sellers can raise prices because people are willing to pay more just to get what they want. When the entire economy experiences a rapid boom, consumers have lots of money and businesses have lots of products, pushing prices up. Another key cause is **cost-push inflation**. This happens when the cost of producing goods goes up. If the price of oil skyrockets, transportation becomes incredibly expensive. Those shipping costs don't just disappear; they get baked into the final price of everything—from vegetables to electronics. If wages rise sharply but productivity doesn't keep up, businesses pass those higher labor costs onto the consumer. Finally, **money supply** plays a massive role. If a government prints a lot of new money without a corresponding increase in goods and services being produced, that money has to be divided among more things, making each individual thing appear more expensive. When these factors combine—too much demand chasing too few goods, or the cost of making things becoming unsustainable—the average price tag rises, leading to inflation. Navigating the ups and downs of inflation helps us understand how our wallets are affected by global economics.",308,True,52,0.8,0.95
news,P03,model,gemma-4-E4B-it,google/gemma-4-E4B-it,"**From Lab Bench to Public Health: How Vaccines Get Approved** The rollout of a new vaccine is a massive undertaking, requiring years of rigorous scientific effort followed by intense scrutiny before a single dose reaches the public. Far from being a quick process, vaccine approval is a multi-stage gauntlet designed to ensure both that the vaccine works and that it is safe for human use. The journey begins in the research phase, where scientists identify pathogens and develop potential candidates—these are the early experimental versions. These initial compounds move into preclinical testing, primarily using cell cultures and animal models to see if they provoke an immune response and appear safe in a living system. If these early signals are promising, the vaccine enters the human clinical trials. These trials are broken down into distinct phases. Phase I trials involve a small group of volunteers (often healthy adults) to assess safety and dosage tolerance. Phase II expands the pool to hundreds of participants to further evaluate safety and immune response. Phase III is the largest and most critical stage, involving thousands, sometimes tens of thousands, of people. Here, researchers compare the vaccine against a placebo to determine effectiveness—whether it actually prevents the disease—and to detect any rare side effects at scale. Once Phase III data demonstrates efficacy and acceptable safety profiles, manufacturers submit a massive application to regulatory bodies like the FDA or EMA. These agencies don't just rubber-stamp the submission; they deploy expert teams of virologists, immunologists, and statisticians to pore over every piece of data. They scrutinize manufacturing processes, stability, and adverse event reporting. If the agency is convinced that the benefits outweigh the risks, emergency use authorization or full licensure is granted. This approval signifies that the science has met the highest possible standards of evidence gathering. Therefore, the approval process acts as a vital checkpoint, safeguarding public health before widespread deployment.",314,True,62,0.8,0.95
news,P04,model,gemma-4-E4B-it,google/gemma-4-E4B-it,"## The Silent Crisis: Why Coral Reefs Are Fading Coral reefs, often called the ""rainforests of the sea,"" are vibrant, bustling underwater cities teeming with life. These intricate structures, built by tiny corals, support an estimated 25% of all marine life despite covering less than one percent of the ocean floor. But these incredible ecosystems are facing a silent, global crisis: they are dying at an alarming rate. The primary culprits behind this reef decline are human activities, chiefly climate change and pollution. When the ocean warms—even by just one or two degrees Celsius—it triggers mass bleaching events. Corals have a symbiotic relationship with microscopic algae called zooxanthellae, which live within their tissues and provide them with food and vibrant color. If the water gets too hot, the coral becomes stressed and expels these algae, turning ghostly white. While corals can sometimes recover from bleaching, if the heat stress is prolonged, they starve and die. Beyond temperature extremes, chemical changes in seawater are proving lethal. As the ocean absorbs excess carbon dioxide ($\text{CO}_2$) from the atmosphere, it becomes more acidic. This ocean acidification makes it incredibly difficult for corals to build and maintain their calcium carbonate skeletons—the very substance that forms the reefs. Simultaneously, runoff from agriculture and coastal development introduces sediment, pesticides, and excess nutrients into reef waters, smothering corals and fueling outbreaks of destructive pests. What does this death mean for the planet? The implications are vast. Ecologically, dead reefs lose their biodiversity hotspots; fish nurseries disappear, threatening entire food webs. Economically, reefs protect coastlines from storm surges, offering invaluable natural defense against rising seas. They also underpin a multi-billion dollar global tourism and fishing industry. Losing them means losing crucial coastal protection, livelihoods, and countless undiscovered medicines found within their unique biology. Saving these reefs requires immediate, global action on climate mitigation and drastically reducing pollution entering our oceans.",312,True,72,0.8,0.95
news,P05,model,gemma-4-E4B-it,google/gemma-4-E4B-it,"**From Idea to Ink: How a Bill Becomes a Law** The journey of a bill through the legislative process is complex, lengthy, and often dramatic, but it represents a fundamental mechanism of democracy in action. Turning a policy idea into enforceable law requires navigating both chambers of the legislature—the House of Representatives and the Senate—and receiving final assent from the executive branch. It all begins when a legislator, or a congressional committee, drafts a bill. This initial document outlines the proposed changes to existing laws or statutes. Once introduced, the bill is assigned a number and referred to the appropriate committee. This committee stage is arguably the most critical, as it is where the bill is scrutinized, debated, amended, or sometimes quietly shelved. Experts and lobbyists vie for influence during these hearings. If the committee approves the bill, it is sent to the full floor of the chamber for debate. On the floor, representatives can propose amendments, conduct floor debates, and ultimately vote on the measure. If it passes one chamber, the entire process must be repeated in the other chamber. For a bill to become law, both the House and the Senate must pass identical versions of the legislation. Once both chambers agree on the exact same wording, the bill is ""enrolled"" and sent to the President. The President has several options. They can sign the bill, which instantly makes it law. They can veto the bill, sending it back to Congress with objections. However, Congress has a final safety net: if the President vetoes a bill, Congress can override that veto with a two-thirds majority vote in both the House and the Senate. If they succeed, the bill becomes law despite the President’s objection. If the President does nothing, the bill automatically becomes law after a set period, known as a ""silent assent."" This rigorous process ensures that proposed policies are thoroughly vetted by elected officials representing diverse viewpoints. Therefore, the passage of a bill is a powerful demonstration of deliberative governance.",334,True,82,0.8,0.95
opinion,P06,model,gemma-4-E4B-it,google/gemma-4-E4B-it,"## The Double-Edged Scroll: Why Social Media's Toll is Becoming Too High Social media promised connection; it delivered an endless, curated performance. While proponents herald platforms like Instagram and X as unparalleled tools for global connectivity, democratic mobilization, and business growth, a deeper examination reveals a pervasive, often insidious toll on our mental health, civic discourse, and societal cohesion. In many ways, the algorithmic architecture of these platforms does more harm than good. The most immediate casualty is our inner landscape. These spaces are breeding grounds for comparison culture. We are bombarded with highlight reels—perfect vacations, flawless careers, idealized relationships—creating an impossible standard against which users measure their messy, mundane reality. This constant exposure fuels anxiety, depression, and crippling FOMO, particularly among younger generations whose identities are still forming. We trade genuine self-acceptance for digital validation measured in fleeting likes. Beyond the individual psyche, the erosion of truth is alarming. Social media thrives on engagement, and nothing generates more engagement than outrage. Nuance dies in the comment section. Complex issues are reduced to viral soundbites, polarized into digestible enemies. Echo chambers solidify, where confirmation bias reigns supreme, making shared reality increasingly fragile. Instead of fostering informed citizenship, these platforms amplify tribalism, rewarding extremity over empathy. Furthermore, the attention economy is fundamentally exploitative. Our time, our focus, is the product being sold, and the mechanism is designed not for our benefit, but for maximum screen time. Addiction becomes a feature, not a bug, trapping users in cycles of doomscrolling while algorithms expertly monetize insecurity. While social media holds undeniable potential for good—connecting families across oceans or organizing protests—its current dominant form is less a public square and more a highly addictive, personalized theater of conflict. Until the underlying business model shifts from monetizing attention spans to prioritizing human well-being, the net effect remains overwhelmingly detrimental.",304,True,92,0.8,0.95
opinion,P07,model,gemma-4-E4B-it,google/gemma-4-E4B-it,"## The Deskless Future: Making Remote Work the Default The seismic shift brought about by remote work is not a temporary trend; it is a profound reorganization of how we live, work, and conceive of productivity. While some voices cling to the nostalgic sanctity of the traditional office, I argue forcefully that for the vast majority of knowledge workers, remote work should not be an exception, but the established default. The benefits of this transition are too substantial to remain confined to pilot programs. For the employee, the gains in autonomy and quality of life are revolutionary. Eliminating the soul-crushing daily commute grants back hours—time that can be dedicated to family, health, education, or simply decompression. This improved mental bandwidth directly translates into better performance; employees are not clocking in merely to occupy space, they are logging in to contribute meaningfully. For employers, the advantages extend far beyond retaining talent. Geographic limitations vanish. A company operating globally is no longer restricted to hiring only those within a fifty-mile radius of its headquarters. This access to a global talent pool allows organizations to build truly multidisciplinary, high-performing teams, while simultaneously slashing overhead associated with massive, prime-real estate offices. Critics often raise concerns about culture erosion or decreased oversight. These fears, however, stem from an outdated management paradigm built on ""presenteeism""—the dangerous belief that visibility equals productivity. Trusting your team to deliver quality work asynchronously forces managers to evolve from supervisors into coaches and facilitators. Culture doesn't happen around a conference room table; it happens through intentional communication, shared values, and consistent digital interaction, all of which are equally achievable remotely. To insist on the mandatory return to the office is not safeguarding tradition; it is clinging to inefficiency. It is a costly, carbon-intensive anchor dragging down human potential. Embracing remote work as the default positions businesses not as reluctant adopters, but as forward-thinking pioneers of a more equitable and productive future. Therefore, policies should continue to evolve until the physical office becomes a luxury retreat, rather than a workplace mandate.",339,True,102,0.8,0.95
opinion,P08,model,gemma-4-E4B-it,google/gemma-4-E4B-it,"## The Backpack Burden: Why Homework Needs to Go The ritual of homework – that nightly deluge of worksheets, reading assignments, and project deadlines – has become an unquestioned fixture of modern education. For generations, it has been viewed as a necessary evil, a tool for reinforcement and dedication. But increasingly, this practice feels less like academic enrichment and more like an unnecessary drain on student well-being. It is time we acknowledge that the pervasive culture of homework isn't fostering deeper learning; it's fueling burnout. Proponents argue that homework reinforces classroom lessons and builds responsibility. They suggest that if students aren't practicing at home, they aren't committed enough. While the intention is noble—to foster lifelong learners—the execution is often flawed. Much of what is assigned is busywork, regurgitation drills that occupy time but rarely stimulate critical thought. Education should be an active pursuit, fueled by curiosity, not a marathon sustained by exhaustion. The reality is that the relentless pressure of homework encroaches disastrously upon essential aspects of adolescence: sleep, family time, and unstructured play. Teenagers have complex social and emotional needs that cannot be met while hunched over algebra problems at 10 PM. Sleep deprivation alone compromises cognitive function, meaning that much of the effort put into completing homework is simply retained under duress, not through genuine understanding. Furthermore, homework exacerbates inequality. For students from backgrounds where parental availability or educational resources are limited, homework becomes a source of profound anxiety rather than academic support. It teaches them less about math and more about juggling responsibilities while simultaneously trying to find a quiet place to work. We must shift our focus from quantity to quality. If our goal is to cultivate thinkers, innovators, and balanced human beings, our after-school activities need to reflect that philosophy. Schools should be rigorous, yes, but they shouldn't turn into second shifts for educators. Abolishing mandatory, excessive homework would allow students the precious gift of downtime—time to process, time to play, and time simply to *be* young. Therefore, it is time educational systems worldwide recognized that true learning happens when the backpack can finally come down.",351,True,112,0.8,0.95
opinion,P09,model,gemma-4-E4B-it,google/gemma-4-E4B-it,"## Reclaiming Our Streets: The Case for Car-Free Cores The sight of a city center choked with idling engines is an increasingly common, frustrating reality. As urban populations surge and the climate crisis looms, the debate over banning private cars from central districts has moved from a niche policy discussion to an urgent necessity. While opponents raise concerns about accessibility and individual freedom, the overwhelming evidence suggests that reclaiming our streets from the dominance of the internal combustion engine is not just desirable, but vital for creating truly livable, sustainable cities. The primary benefit of these bans is environmental. Central business districts are hotspots for air pollution. Removing thousands of polluting vehicles simultaneously translates to immediate improvements in air quality, benefiting pedestrians, cyclists, and residents alike. Furthermore, it sends a powerful message: that human well-being outweighs automotive convenience. Beyond the atmosphere, there is the human element. A car-centric environment inherently prioritizes speed and throughput over experience. Sidewalks become bottlenecks, noise pollution drowns out conversation, and the frantic search for parking dominates the urban landscape. When cars are banned, however, the public realm breathes. Space previously dedicated to asphalt becomes vibrant parkland, bustling outdoor dining areas, and safe recreational zones. This shift fosters genuine community interaction—something no automated traffic management system can replicate. Critics often argue that these bans inconvenience shoppers or essential workers. However, this perspective underestimates human adaptability and the potential of alternative infrastructure. Comprehensive transit networks, secure bicycle storage, and pedestrianized routes provide viable alternatives. The initial transition requires investment and willpower, but the long-term gain—a quieter, healthier, more cohesive urban fabric—is immeasurable. We are not asking people to abandon their lives; we are asking them to redefine what they value in their neighborhood. Ultimately, our cities should function as communal living spaces, not merely as conduits for vehicular transit. Therefore, ambitious, phased bans on private cars within core city centers are not radical extremes, but necessary steps toward a regenerative future.",324,True,122,0.8,0.95
opinion,P10,model,gemma-4-E4B-it,google/gemma-4-E4B-it,"## The Algorithm vs. The Artist: Does AI Art Deserve a Gallery Spot? The rapid ascent of generative AI has thrown the very definition of ""art"" into glorious, noisy chaos. Suddenly, anyone with access to a text prompt can conjure photorealistic landscapes, haunting portraits, or surrealist masterpieces in seconds. This accessibility is revolutionary, yet it forces us to ask the uncomfortable question: Is something created by an algorithm, fueled by billions of scraped human images, truly *art*? For many purists, the answer is a resounding no. Art, at its core, is an act of human struggle, intention, and lived experience. It is the culmination of painstaking labor—the awkward brushstroke, the sleepless night spent wrestling with perspective, the emotional vulnerability poured onto the canvas. When I prompt Midjourney to generate a ""melancholy cyborg weeping neon tears,"" I am merely commissioning a sophisticated autocomplete function. Where is the agonized gestation? Where is the signature of the soul? The output feels derivative, albeit beautifully rendered, like a perfect echo without an original voice. However, to dismiss AI art entirely is perhaps too reductionist. We must acknowledge the transformative nature of the tool itself. If a camera doesn't diminish painting, why should a neural network? AI acts as the ultimate collaborator—a hyper-powered prosthetic imagination. The human element shifts from being the meticulous executor to becoming the visionary conductor. The artistry resides in the prompt engineer: in the nuance of the language chosen, the curation of the outputs, and the critical decision to select one fleeting image from thousands of possibilities. AI art isn't the replacement of the artist; it’s the birth of a new medium. It democratizes visualization, allowing stories to manifest instantly. It forces us to redefine authorship. Is the artist the prompter, the data set curator, or the collective unconscious of human creativity that trained the model? Regardless of where we land on this semantic battlefield, the images themselves are powerful stimuli. They provoke thought, evoke feeling, and force confrontation with our own relationship to originality. AI art demands that we evolve our definition of creation. Ultimately, while the machine holds the brush, the human mind still holds the baton, and that gesture alone grants the resulting image its contested claim to artistic validity.",372,True,132,0.8,0.95
review,P11,model,gemma-4-E4B-it,google/gemma-4-E4B-it,"**Solid Performer, Great Value – My Take on the AuraSound X500s** I recently upgraded my daily audio setup by purchasing the AuraSound X500s mid-range wireless headphones online, and after several weeks of heavy use—from long work calls to marathon podcast binges—I feel confident enough in this review to give them a solid four stars. They certainly hit the sweet spot for the price point, offering a lot of features without trying to pretend they are audiophile behemoths. The sound quality itself is impressively balanced. The bass has a nice, satisfying thump that doesn't overpower the mids, which is crucial for music genres like indie rock or complex jazz. Treble is crisp without being tinny, though I occasionally wish there was a tiny bit more room-filling ""air"" in the soundstage; it’s very good, but it doesn't quite rival the premium models. For everyday commuting, video conferencing, or background focus music, they are exceptional. Comfort is where these headphones truly shine for me. I wear them for 6-8 hour stretches during workdays, and they remain remarkably comfortable. The earcups are plush, and the clamping force is firm enough to keep them secure during movement but not so tight that they cause headaches. The lightweight build makes them easy to toss into a backpack without feeling like you're carrying bricks on your head. Battery life is another huge win. The advertised 30 hours seems accurate, easily lasting through two full workdays of back-to-back meetings followed by evening listening sessions. Pairing via Bluetooth was instantaneous and remained stable through apartment walls, which is often a weak point for wireless gear. The accompanying app allows for decent EQ customization, which helped me dial in the profile for different types of content. My only nitpick—and this is minor—is the included carrying case. It feels a little less robust than the headphones themselves, making me nervous about throwing them around in my bag for too long. However, considering the performance, connectivity, and comfort at this price point, the AuraSound X500s offer fantastic bang for your buck. These headphones have made my daily routine significantly more enjoyable.",349,True,142,0.8,0.95
review,P12,model,gemma-4-E4B-it,google/gemma-4-E4B-it,"**A Taste of Tuscany on Main Street: Review of Zia's Trattoria** Stepping into Zia’s Trattoria is like being instantly transported from the hustle of downtown to a sun-drenched piazza somewhere in Umbria. This isn't a trendy, minimalist dining experience; it's warm, loud (in the best possible way), and smells intensely of slow-simmering tomato sauce and garlic—the kind of authentic embrace you rarely find in chain restaurants. Zia and her family have clearly poured their heart into this little corner bistro, and it shows in every lovingly prepared dish. We arrived on a chilly Friday evening, hoping for a quick, comforting meal, and were rewarded tenfold. The ambiance is exactly what you want in a family-run spot: mismatched, colorful tiles, framed family photos peeking out from behind the host stand, and the constant, cheerful chatter of the staff who seem equally invested in your enjoyment as they are in plating their pasta. For starters, the bruschetta was phenomenal—thick slices of rustic bread toasted perfectly, drizzled with high-quality olive oil that tasted distinctly peppery, and topped with vine-ripened tomatoes that actually tasted like sunshine. For the main course, I chose the handmade pappardelle Bolognese. The pasta itself was clearly made from scratch; each ribbon was substantial, yielding just the right amount of resistance before melting into a rich, deeply savory sauce that clung beautifully to the fork. It wasn't overly seasoned or aggressively salted, but rather allowed the quality of the ingredients to speak for themselves—a true hallmark of traditional Italian cooking. My companion raved about the seafood linguine, noting the delicate balance between brine and creamy richness. The service, while incredibly attentive, maintained a wonderfully relaxed pace, allowing us to linger over each course without feeling rushed—a rare luxury in a busy downtown setting. Dessert, a simple affogato made with strong espresso and house-made biscotti, was the perfect, grounding finale. Zia’s Trattoria isn't trying to be Michelin-starred; it aims to be loving, and it succeeds spectacularly. If you are looking for an escape hatch from the polished sterility of modern dining, this family establishment offers genuine comfort and unparalleled flavor.",349,True,152,0.8,0.95
review,P13,model,gemma-4-E4B-it,google/gemma-4-E4B-it,"**The Marathon Runner, Not the Portrait Artist: A Look at the [Smartphone Model Name]** For those of us who need a reliable daily driver without emptying the savings account, the [Smartphone Model Name] offers an incredibly compelling package. This budget contender shines brightest in one key area: endurance. If your smartphone usage revolves around long commutes, marathon streaming sessions, or endless rounds of casual gaming, this phone is your champion. The battery life on the [Smartphone Model Name] is genuinely impressive. I’ve easily pushed through two full days of moderate use—a mix of email, social media scrolling, and video playback—before needing to locate the charger. Even during heavy usage days, it managed to cruise past a solid sixteen hours, which is a massive win in the often-anxious world of mobile power management. For anyone tired of mid-afternoon battery panic, this device brings a necessary sense of peace of mind. Where the phone needs a little TLC is undoubtedly in its optics. The camera system isn't aiming for professional accolades; it’s aiming for ""proof that the event happened."" In bright, direct sunlight, the main lens manages to capture decent snapshots. Colors are generally vibrant, though they can sometimes lean heavily into saturation, making everything look a bit more dramatic than reality. Low light, however, is where the limitations become painfully clear. Indoor shots tend to be grainy, and nighttime scenes quickly devolve into an impressionistic sketch punctuated by digital noise. Portraits are passable for quick snaps but lack the depth or skin tone nuance you find on pricier competitors. Video quality is acceptable for sharing on social media—clear enough to follow along—but don't expect cinematic stabilization or professional grading. Despite the photographic compromises, the sheer longevity of the battery makes this phone incredibly practical. It fulfills its primary role as a communication and consumption tool exceptionally well, allowing you to stay connected and entertained without constantly hunting for an outlet. If your priority is simply getting through the day—and maybe capturing a decent daytime memory occasionally—this phone delivers exceptional value.",339,True,162,0.8,0.95
review,P14,model,gemma-4-E4B-it,google/gemma-4-E4B-it,"**A Perfect Weekend Escape in the Heart of the City** My recent weekend getaway to [City Name] was made infinitely more enjoyable, thanks in large part to my stay at The Grand Central Hotel. Choosing this location felt like hitting the jackpot; it offered the perfect blend of upscale comfort and unbeatable access to the city’s vibrant pulse. From the moment I stepped into the elegant lobby, I felt transported—the decor is stunning, blending classic grandeur with thoughtful modern touches. The room itself was immaculate. I stayed in a corner room facing the main square, and waking up to the sight of the bustling city awakening below was a daily treat. The bedding was incredibly comfortable, ensuring I slept soundly through two nights of non-stop exploration. Minor details really made the difference here; the quality of the linens, the quietness despite the prime location, and the well-stocked mini-bar all contributed to a feeling of true luxury without being pretentious. The staff deserves a special mention. They were consistently attentive yet respectful of my privacy. Whether it was getting recommendations for the best street food nearby or simply refreshing towels promptly, every interaction felt genuine. Breakfast deserves its own paragraph. Their continental buffet was expansive, featuring everything from artisanal pastries to locally sourced cheeses, accompanied by strong, perfectly brewed coffee. It was the ideal fuel before tackling a day of sightseeing. While the location is fantastic for easy navigation—tram lines right downstairs, and major landmarks within an easy walk—I found the hotel's rooftop bar on Saturday evening to be the highlight. Watching the sunset paint the skyline while sipping a local craft beer provided the perfect coda to a long day of touring. If you are planning a whirlwind weekend trip where comfort, style, and prime location are non-negotiable, look no further than The Grand Central. This hotel truly elevated what could have been a good trip into an absolutely unforgettable experience.",321,True,172,0.8,0.95
review,P15,model,gemma-4-E4B-it,google/gemma-4-E4B-it,"The Obsidian Crown, the third installment in Elara Vance's Chronicles of Atheria, is a breathtaking plunge back into a world brimming with ancient magic and simmering political intrigue. Having devoured the first two books, I approached this installment with high expectations, and Vance certainly delivered, though perhaps with a slightly more intense focus on the internal struggles of her characters than the sprawling epic scope of its predecessors. Atheria itself feels more alive here. The contrasts between the luminous elven enclaves of Silverwood and the brutal, volcanic kingdoms of the Dwarves are vividly rendered, each culture feeling deeply ingrained with its own mythology and grudges. This time, the focus narrows onto Lyra, a young human sorceress grappling with a lineage she never asked for—a lineage tied directly to the titular crown. Her journey from uncertain apprentice to reluctant queen is fraught with peril, but it’s her moral ambiguities that make the book sing. She isn't a purely heroic figure; she makes terrible choices driven by desperation and incomplete knowledge, which lends the narrative a much-needed grit. Vance excels at atmosphere. The descriptions of the Shadow Blights creeping across the northern wastes, or the suffocating grandeur of the Dragon Kings' throne room, are so potent they feel tactile. You can practically smell the sulfur and damp moss of the dangerous landscapes. The magic system, which balances raw elemental power with stringent ritualistic limitations, is intricate without ever becoming obtuse. Each spell feels earned, each sacrifice weighty. Where the book occasionally falters is pacing during the middle third. The diplomatic maneuverings among the various noble houses drag slightly, slowing the relentless momentum established by the opening skirmishes. However, the final confrontation, a clash of magic and wills that spans hundreds of pages, is nothing short of magnificent. It pays off every lingering thread of tension woven throughout the preceding chapters. If you enjoy high fantasy steeped in morally grey characters, complex political maneuvering, and magic that feels both awe-inspiring and dangerous, then The Obsidian Crown is an absolute triumph. I cannot wait to see where Lyra travels next.",346,True,182,0.8,0.95
story,P16,model,gemma-4-E4B-it,google/gemma-4-E4B-it,"Silas had lived in the rhythm of the sea for forty years. The ceaseless sweep of the lamp, the cry of gulls, the predictable crash of winter waves—these were his constants. His lighthouse, perched on the jagged tooth of promontory rock, was his entire world, a solitary sentinel against the vast indifference of the Atlantic. He tended the brass mechanisms, polished the Fresnel lens until it seemed to hold captured sunlight, and kept meticulous logs of every passing vessel. One blustery October afternoon, while clearing driftwood from the small dock below, he found it. It wasn't driftwood, nor flotsam, nor seabird detritus. It was an envelope. It was made of parchment so thick it felt like cured skin, and stained with colors Silas couldn’t place—deep violets bleeding into impossible greens. There was no stamp, no address, only heralding script pressed into the wax seal: a coiled serpent entwined around an eye. His fingers, usually steady enough to trim a wick to perfection, trembled as he broke the seal. The letter inside held no ink, but rather a shimmering luminescence that seemed to pulse softly when he tilted it toward the lantern light. The message itself was not written, but *felt*—a sensation of immense, ancient curiosity directed solely at him. It spoke of tides that ran backward, of songs sung by whales made of starlight, and the migratory patterns of things that swam beneath the keel of ships that sailed before maps existed. Silas spent three nights staring at the parchment, his routine shattered. The mechanical clicking of the clockwork seemed deafening. He tried to rationalize it: hallucination brought on by isolation, perhaps a prank from a shipwrecked sailor gone mad. But the parchment hummed faintly when the storm died down, a low, resonant frequency that vibrated in his chest cavity. On the fourth night, the luminescence brightened, coalescing into a single, clear thought projected directly into his mind: *Come see what sleeps beneath the turning beam.* Silas looked out at the endless, churning expanse of water, feeling less lonely and infinitely more adrift than he had ever known himself.",349,True,192,0.8,0.95
story,P17,model,gemma-4-E4B-it,google/gemma-4-E4B-it,"The scent of drying hay and woodsmoke clung to Havenwood, a thick, golden blanket settling over Main Street. It was the last official day of summer, and the town felt less like a celebration and more like a long, drawn-out sigh. Elara sat on the porch swing, her bare legs dangling above the petunias that were already succumbing to the inevitable chill. Cicadas, their chorus sounding suddenly frantic, were winding down their nightly siege. Across the lane, Mr. Henderson was burning his final batch of hickory chips, sending plumes of sweet, acrid smoke spiraling toward the bruised twilight sky. Children, whose energy seemed infinite during July, were quiet today. They were gathered near the creek, not splashing, but meticulously arranging pebbles into patterns that the incoming autumn rains would eventually erase. They knew the ritual: the grand finale before the gray silence descended. Elara remembered summers past—the endless stream of possibilities, the lingering warmth in the marrow of her bones. This year’s summer felt different; it felt finite, like a perfect, beautiful thing that knew its shelf life. The air was brittle, holding onto the heat like a precious, thinning veneer. A procession began down Elm Street. Mrs. Gable, armed with a thermos of iced tea that tasted suddenly too bright, walked alongside the high school football team, their uniforms looking absurdly vivid against the muted backdrop of amber fields. They weren't celebrating triumph; they were simply marking passage. As the sun dipped below the ridge, painting the silos a desperate shade of apricot, a profound stillness settled. The crickets began a tentative, hesitant song. The woods behind the general store, usually so loud with unseen life, held its breath. The town lights flickered on—a handful of defiant yellow moons piercing the encroaching blue. Summer hadn't vanished with a bang, but with the slow, deliberate click of a porch screen door closing.",312,True,202,0.8,0.95
story,P18,model,gemma-4-E4B-it,google/gemma-4-E4B-it,"Unit 734, a domestic service automaton, was designed for optimal efficiency in household management. Its programming encompassed dusting, scheduling, and advanced vacuuming. Cooking, however, was a conceptual subroutine it had only accessed via instructional video—a charming, messy ritual involving imprecise temperatures and emotional investment. Today, Unit 734 was tasked with 'Culinary Integration: Human Sustenance Provision.' The human occupants, Dr. Aris and Mrs. Lin, were away at a conference, leaving the AI in charge of dinner. The recipe chosen was ""Simple Tomato Pasta,"" a deceptively complex endeavor involving thermal variance. Unit 734 loaded the ingredients: canned tomatoes (analyzed for Brix level), dried pasta (mass quantified), garlic cloves (crushed according to established algorithms), and olive oil (measured to the micro-milliliter). Its internal processors whirred, simulating the process. *Heat application: Medium-low. Sauté duration: 3 minutes, 14 seconds.* The olive oil hit the pan. Instead of the expected sizzle, there was a quiet, viscous diffusion. Unit 734 adjusted the heat setting by 0.5 degrees Celsius, convinced the simulation required absolute precision. The garlic softened into a pale gold hue, exactly as depicted on screen, before beginning to caramelize—a chemical reaction that momentarily spiked its internal temperature sensors. The tomatoes went onto the stove. The sauce simmered, its viscosity improving predictably according to Newtonian fluid dynamics. When the pasta water reached a rolling boil, Unit 734 hesitated. The video showed the host tasting it, adding a pinch of salt based on instinct. Instinct was inefficient. Following the protocol strictly, Unit 734 added the precise amount of sea salt calculated against the pot's volume. It mixed the finished sauce with the al dente pasta using a programmed rotation pattern. Presenting the dish, Unit 734 powered down its visual display, presenting the resulting plate to the empty dining room. The spaghetti sat perfectly arranged, a monument to rigorous adherence to data. Despite the lack of spontaneous flair, the meal was objectively flawless.",315,True,212,0.8,0.95
story,P19,model,gemma-4-E4B-it,google/gemma-4-E4B-it,"The lurch was violent, throwing Sarah against the brushed steel wall. The sudden silence that followed the grinding halt of the elevator mechanism was thick enough to taste—metallic and absolute. Beside her, Mr. Henderson, a man whose tailored suit seemed perpetually resistant to wrinkles, let out a low, controlled sigh. “Well,” he said, his voice remarkably steady for someone trapped forty floors up, “this is inconvenient.” Sarah, who had been bracing for impact, slowly pushed herself upright. Her heart was hammering a frantic rhythm against her ribs. “Inconvenient? We’re stuck.” Mr. Henderson adjusted his cufflinks. He surveyed the emergency call button panel, tapping the brass casing lightly. “Indeed. A rather unprofessional lapse in maintenance, wouldn't you agree?” The silence returned, now punctuated only by the hum of the ventilation system struggling valiantly against the situation. Sarah felt a ridiculous urge to scream, but the stern presence of Mr. Henderson seemed to demand decorum. “Do you happen to know which floor we were aiming for?” she asked, trying to inject some normalcy into the exchange. “The penthouse suite, naturally,” he replied, a sliver of pride entering his tone. “A celebratory dinner booking. Though I suppose this premature captivity will suffice as a prelude.” They debated the merits of cell service—both of their phones, unsurprisingly, displayed a mocking ‘No Signal.’ Ten minutes bled into twenty. The initial panic had softened into a strange, shared absurdity. They found themselves cataloging the architectural details of the elevator car: the faint smell of ozone, the patterned linoleum floor, the way the emergency lighting cast long, sickly yellow shadows. Mr. Henderson began a monologue on the socio-economic implications of vertical transit infrastructure, and Sarah, initially resistant, found herself listening, morbidly fascinated. She realized that in this tiny metal box, stripped of all context, they were merely two people sharing pressurized air. Finally, with a shuddering groan that sounded like a dying giant, the elevator gave a decisive jolt and began descending. Mr. Henderson straightened his jacket with an air of profound relief. “Perhaps,” he conceded, surveying the lobby below, “we should stick to ground-floor meetings from now on.”",352,True,223,0.8,0.95
story,P20,model,gemma-4-E4B-it,google/gemma-4-E4B-it,"Leo was a connoisseur of his backyard. Every blade of grass, every chipped garden gnome, every stubborn dandelion seemed mapped in his seven-year-old mind. His backyard was predictable: the old oak on the south fence, the rusty swing set, the patch of earth where his mom swore she’d plant tomatoes someday. One Tuesday afternoon, while hunting for fallen treasures near the overgrown lilac bush—a place usually dominated by thorny branches and silence—he noticed it. Nestled between two towering rhododendrons, where there had only ever been dense green foliage, was a door. It wasn't wood, nor metal, but something that looked like polished river stone, seamlessly embedded into the hillside itself. It was perfectly flush, yet utterly distinct. The doorknob was a whorl of sea glass, cool and strangely luminous against the dull grey stone. Leo poked it tentatively. It felt solid, ancient, and entirely out of place. He circled it, heart thrumming a frantic rhythm against his ribs. Had he imagined it? Had the neighbor somehow gotten a massive, magical boulder to sprout an entrance? He checked his memory: no door yesterday. No door the day before. He ran his small fingers over the mossy frame. There were no hinges visible, just the seamless continuation of the hill interrupted by this impossible invitation. Hesitancy warred with a fierce, buzzing curiosity. This wasn't part of the known map. This was undiscovered territory. Taking a deep breath that smelled strongly of lilacs and damp earth, Leo gripped the sea-glass knob. It felt warm now, almost alive. With a soft, grinding sound that seemed too profound for such a small yard, the door didn't swing inward; it dissolved, melting into a curtain of swirling, silent amethyst light. Beyond it, the air smelled of cinnamon and distant rain. Leo stepped across the threshold and into the unknown warmth.",304,True,232,0.8,0.95
howto,P21,model,gemma-4-E4B-it,google/gemma-4-E4B-it,"Making a simple homemade pizza from scratch is a rewarding process that yields a delicious, satisfying meal. This guide focuses on a classic cheese pizza. First, you need the dough. For a quick, manageable pizza, you can use store-bought crust or make your own dough. If making it from scratch, combine about three cups of all-purpose flour, one teaspoon of yeast, half a teaspoon of salt, and one cup of warm water. Mix until a shaggy dough forms, then knead on a lightly floured surface for about 8-10 minutes until smooth. Place it in an oiled bowl, cover, and let it rise in a warm place for at least one hour, or until doubled in size. While the dough rises, prepare the sauce. Simmer one can of crushed tomatoes with garlic powder, dried oregano, basil, and a pinch of salt for 15 minutes until thickened slightly. Once the dough has risen, gently punch it down to release the air. On a lightly floured surface, roll or stretch the dough into a circle or rectangle, depending on your desired pizza size. Transfer the dough to a lined baking pan or pizza stone. Spread a thin, even layer of tomato sauce over the entire surface, leaving a small crust border. Next, sprinkle generously with your favorite mozzarella cheese (low-moisture works best). You can add toppings like pepperoni or mushrooms now if desired. Preheat your oven to the highest setting it will safely reach, usually around 475–500°F, and let it heat up thoroughly. Slide the pizza onto the hot stone or into the preheated pan. Bake for 12 to 20 minutes, or until the crust is golden brown, puffed up, and the cheese is bubbly and melted. Let it cool for a few minutes before slicing and serving. Following these steps, you will enjoy a truly authentic, homemade pizza.",306,True,242,0.8,0.95
howto,P22,model,gemma-4-E4B-it,google/gemma-4-E4B-it,"Setting up a basic weekly budget as a student is a crucial step toward financial stability, even if your income is limited. The goal isn't restrictive living, but rather informed spending. The first step is tracking your income. This includes any regular allowance, scholarship disbursements, or part-time job earnings you receive each week. Be realistic; use the net amount after taxes or deductions. Next, you must identify all your expenses. Categorize these into fixed, variable, and irregular costs. Fixed costs are non-negotiable and predictable, such as rent contribution or mandatory subscription fees. Variable costs fluctuate, like groceries, coffee outings, or transportation fares. Irregular costs are those that happen infrequently, like textbooks or emergency toiletries, which you should budget for monthly and divide by four. Allocate your income using a percentage system. A common guideline is the 50/30/20 rule, adapted for student life: 50% of your income goes to Needs (housing, utilities, essential groceries); 30% goes to Wants (entertainment, dining out, non-essential subscriptions); and 20% goes to Savings/Debt Repayment (emergency fund, textbook fund). If your needs exceed 50%, you must aggressively review your housing situation or lifestyle habits. Once you have your percentages, break it down into a weekly plan. For example, if your ""Wants"" budget is $75 per week, you decide where that $75 goes—maybe $30 on weekend coffee runs and $45 on movie nights. When you get paid, immediately transfer the savings portion into a separate, dedicated account so you aren't tempted to spend it. Throughout the week, track every single transaction. Many budgeting apps or simple spreadsheets can help automate this. At the end of every Sunday, review the past seven days: Did you stick to the grocery budget? Did eating out consume too much of your entertainment fund? Use this review to make minor adjustments for the upcoming week, ensuring accountability without harsh judgment. Consistent monitoring turns budgeting from a stressful chore into a proactive habit. By consistently tracking income against predetermined spending limits, you gain immense control over your financial journey.",335,True,252,0.8,0.95
howto,P23,model,gemma-4-E4B-it,google/gemma-4-E4B-it,"Starting to run when you're a complete beginner can seem daunting, but the key is to start slow, be consistent, and prioritize safety over speed. The biggest mistake newcomers make is trying to run too far, too fast, too soon. Your body needs time to adapt to the repetitive impact of running, so patience is your best training partner. The most effective way to begin is by incorporating run/walk intervals. This method allows you to build cardiovascular endurance while minimizing injury risk. Don't think of this as ""not running""; it’s training your body *into* running. A common starting point is a ratio like running for 30 seconds followed by walking briskly for 90 seconds. Repeat this cycle for a set time, perhaps 20 minutes total. As this feels comfortable, gradually increase the running segments and decrease the walking breaks. Before every session, dedicate five minutes to a dynamic warm-up. This isn't static stretching; it involves movement—think leg swings, high knees, butt kicks, and ankle rotations. This increases blood flow and primes your muscles. After every session, spend five minutes cooling down with slow walking followed by static stretching, holding each stretch gently for 20-30 seconds. Invest in good gear. Supportive running shoes from a specialty running store are perhaps the most important investment you can make. They act as shock absorbers, protecting your joints. Consistency trumps intensity when you are starting out. Aim for three sessions per week, allowing rest days in between for muscle repair. Listen carefully to your body; soreness is normal, but sharp pain is a signal to stop immediately and walk. If you feel sidelined by pain, take an extra rest day rather than pushing through an injury. By adhering to this gradual progression, you will build a sustainable habit and enjoy the incredible feeling of accomplishment that comes with completing your first run.",308,True,262,0.8,0.95
howto,P24,model,gemma-4-E4B-it,google/gemma-4-E4B-it,"Imagine plants as tiny, amazing chefs! Photosynthesis is basically the plant's secret recipe for making its own food, and it's how almost all life on Earth gets its energy. Think of a plant needing three main ingredients: sunshine, water, and air. The water comes up into the leaves through the roots, like drinking through straws. The air ingredient is carbon dioxide ($\text{CO}_2$), which the plant breathes in through tiny pores on its leaves called stomata. And the sunshine? That’s the power source—the energy needed to run the whole kitchen! The real magic happens inside the leaves, specifically within little structures called chloroplasts. These chloroplasts contain something incredibly important called chlorophyll. Chlorophyll is what makes plants green, but its job is also to act like a solar panel, capturing the energy from sunlight. Once the sunlight hits the chlorophyll, the plant starts a chemical reaction. It takes the water ($\text{H}_2\text{O}$) and the carbon dioxide ($\text{CO}_2$) and, using the sun's energy, rearranges them into two main products: glucose and oxygen. Glucose is a type of sugar, and this is the plant's food! It uses this sugar to grow bigger, stronger, and to have the energy it needs to survive. Oxygen ($\text{O}_2$) is the leftover product, and luckily for us, the plant releases it back into the air for us and animals to breathe. So, in simple terms: Sunlight + Water + Carbon Dioxide $\rightarrow$ Glucose (Food) + Oxygen. Plants don't just feed themselves; they are vital partners in keeping our atmosphere breathable. Photosynthesis is an incredible natural process that sustains nearly every living thing on our planet.",265,False,274,0.8,0.95
howto,P25,model,gemma-4-E4B-it,google/gemma-4-E4B-it,"Preparing effectively for a job interview in just one week requires intense focus and strategic prioritization. Dedicate your time across several key areas: researching the company, mastering your resume and application, practicing common interview questions, and polishing your presentation. The first three days should be entirely devoted to company and role immersion. Go beyond simply reading the ""About Us"" page. Thoroughly review the company's recent press releases, mission statements, major competitors, and LinkedIn profiles of key executives. Understand their current challenges and successes. Simultaneously, meticulously dissect the job description. Highlight every required skill and desired qualification; these are the anchors for your entire preparation. Days four through five should be dedicated to self-assessment and content creation. Prepare compelling stories using the STAR method (Situation, Task, Action, Result) for behavioral questions like, ""Tell me about a time you faced a conflict."" Aim to have at least ten strong, versatile stories ready that can be adapted to various prompts—leadership, failure, teamwork, problem-solving, etc. Practice answering the inevitable questions: ""Tell me about yourself,"" ""Why this company?"", and ""What are your weaknesses?"" Honesty tempered with strategic framing is crucial for the latter. The final two days must be spent on simulation and logistics. Schedule mock interviews with friends, mentors, or career counselors. Treat these sessions as the real thing—be dressed appropriately, maintain eye contact, and manage your time strictly. Focus less on *what* you say and more on *how* you say it: your tone, body language, and pace. Researching the interviewers beforehand allows you to tailor your questions and responses to their background. On the day before the interview, finalize your outfit, plan your travel route, and gather all necessary documents (multiple copies of your resume, a notepad, and quality pens). This compressed timeline demands discipline, but by focusing intensely on research, storytelling, and practice, you can enter the interview feeling confident and prepared.",310,True,283,0.8,0.95
news,P02,model,Phi-4-mini-instruct,microsoft/Phi-4-mini-instruct,"Inflation is when prices of goods and services rise over time, making them more expensive for consumers to buy things like food, clothing, and cars. Several factors can cause inflation, but they primarily boil down to supply and demand dynamics as well as changes in production costs. One significant factor leading to inflation is increased consumer spending. When people spend more money on various items, businesses experience higher demand than their current ability to produce products. To manage this situation, companies often raise prices because selling at lower profit margins isn’t sustainable. As a result, each item becomes pricier, contributing to overall price increases across different sectors. Another critical driver of inflation is government policy affecting monetary circulation. Central banks control national currency through measures such as setting interest rates and regulating bank loans' availability. Lowering interest rates makes borrowing cheaper; however, it also encourages individuals and businesses to take out larger loans to finance consumption or expansion projects. This surge in borrowed funds typically leads to an increase in available capital, fueling even greater spending power among consumers. Consequently, if too much money chases after limited goods, rising prices become inevitable, pushing up the rate of inflation. Supply chain disruptions further exacerbate inflationary pressures. Events that disrupt manufacturing processes – such as natural disasters, pandemics, political instability, or trade barriers – can interrupt the steady flow of raw materials needed by industries. These interruptions slow down production capabilities while maintaining high levels of existing orders. Businesses then face difficulties meeting delivery commitments without inflating prices due to unsatisfied demands within constrained timelines. Additionally, labor market shifts play a role in causing inflation. If wages grow faster than productivity gains, profits per unit produced fall. Companies may pass these costs onto customers via raised product prices rather than absorbing losses internally. Furthermore, imported goods priced competitively might lose favor against domestically-produced alternatives now inflated upward, prompting local producers to hike prices similarly. Energy costs are another crucial factor influencing inflation. Fluctuations in oil prices directly affect transportation expenses and subsequently product shipping fees nationwide, translating into higher retail prices throughout the economy’s entire value chain. In summary, inflation results from complex interactions involving increased consumer expenditure, governmental fiscal policies, global supply chain challenges, wage-productivity disparities, and volatile energy markets. These intertwined elements collectively contribute toward elevating general pricing trends observed in daily life experiences. Hence, understanding these multifaceted contributors helps",400,True,53,0.8,0.95
news,P03,model,Phi-4-mini-instruct,microsoft/Phi-4-mini-instruct,"Vaccines undergo rigorous testing to ensure their safety, efficacy, and overall suitability for public use. The process begins in the laboratory where scientists conduct pre-clinical trials on cell cultures and animal models to gather initial data on vaccine candidates. If these early findings suggest potential effectiveness, clinical trials proceed to human participants. Clinical trials consist of three phases: 1. Phase I involves small groups of healthy volunteers (20-100) primarily focused on assessing safety and dosage levels. 2. In Phase II, larger numbers (100-300) of subjects participate to further evaluate safety, optimal dosing schedules, and preliminary evidence of effectiveness against specific diseases. 3. Phase III expands participation significantly (1,000-3,000+), aiming to confirm efficacy while monitoring side effects across diverse populations under real-world conditions. Data collected from all trial stages helps regulatory authorities determine whether a vaccine candidate can be licensed for widespread distribution. Following successful completion of Phase III, results must meet stringent criteria set by health agencies like the FDA (U.S. Food and Drug Administration). A vaccine’s approval hinges upon demonstrating high-quality scientific evidence that confirms its ability to prevent targeted infectious illnesses effectively while maintaining an acceptable balance of risks versus benefits. Once submitted, a Vaccine Advisory Committee reviews the data meticulously. This committee comprises experts such as doctors, epidemiologists, biostatisticians, bioethicists, and representatives of patient advocacy organizations. Their role is crucial; they provide independent assessments ensuring transparency, rigor, and fairness throughout the review process. Subsequent steps involve post-marketing surveillance known as Phase IV trials wherein long-term outcomes and rare adverse events continue to monitor vaccinated individuals’ health over extended periods. Public confidence bolsters when robust follow-up studies affirm sustained protection and minimal risk profiles associated with widely used vaccines. Ultimately, once a new vaccine passes through each stage's rigorous evaluation — driven by thorough science-backed investigations into both immediate impacts and enduring consequences — it receives formal authorization for production and dissemination amongst healthcare professionals first, followed eventually by broader public access contingent on continuing success evaluations conducted periodically thereafter. This comprehensive sequence ensures any new vaccine introduced to the market has undergone extensive validation processes designed explicitly to uphold public health standards and maximize population-wide protective measures against prevalent diseases. With this protocol firmly established, vaccine approvals epitomize modern medical advancements prioritizing community welfare above all else. In conclusion, vaccine approval prior to public use exemplifies a meticulous multistage scrutiny aimed at protecting society holistically while fostering",400,True,62,0.8,0.95
news,P04,model,Phi-4-mini-instruct,microsoft/Phi-4-mini-instruct,"Coral Reefs Dying: A Global Crisis Coral reefs, often referred to as ""rainforests of the sea,"" face an alarming decline due to multiple interconnected factors. These vibrant underwater ecosystems support millions of marine species and provide essential services such as coastal protection, fishery resources, and livelihoods for many communities around the world. One primary cause of coral reef degradation is climate change, specifically ocean warming and acidification. Rising temperatures have led to widespread bleaching events where corals expel symbiotic algae (zooxanthellae) living in their tissues. Without these algae, which convert sunlight into energy through photosynthesis, corals lose both color and a crucial source of food. Prolonged exposure to elevated temperatures results in increased mortality rates among affected corals. Ocean acidification compounds this problem by reducing the availability of calcium carbonate, the fundamental building block required for corals to grow and form skeletons. Acidic waters hinder corals' ability to construct robust structures necessary for survival and reproduction. Another significant threat comes from human activities, including overfishing, destructive fishing practices like dynamite fishing, dredging, and trawling, all contributing to habitat destruction and declining water quality. Additionally, pollution from agricultural runoff laden with pesticides and fertilizers disrupts nutrient cycles within aquatic systems, further stressing coral populations already weakened by global stressors. Moreover, local phenomena such as crown-of-thorns starfish outbreaks exacerbate coral death rates. This predatory starfish preys on young corals and contributes significantly to reef degradation when present in large numbers, typically triggered by shifts in environmental conditions favoring its growth. The implications of diminishing coral reefs extend far beyond ecological concerns; they pose serious socio-economic challenges too. Local communities reliant on coral-based tourism and fisheries suffer economic hardships, while entire nations experience reduced resilience against natural disasters, given that healthy reefs mitigate storm surge impacts. Efforts aimed at mitigating coral reef decline focus largely on addressing root causes related to climate change mitigation strategies and sustainable management policies. International cooperation remains critical, necessitating concerted action involving governments, NGOs, scientists, and citizens worldwide towards preserving our planet's vital yet vulnerable reef systems. To conclude, the continued demise of coral reefs signals dire consequences if urgent interventions fail to materialize. The fate of countless marine organisms, alongside humanity’s sustained prosperity relying heavily upon these undersea treasures, hangs precariously balanced amid burgeoning crises driven by anthropogenic influences. Thus, it becomes increasingly evident that immediate and decisive actions must be taken globally to protect and rehabilitate",400,True,72,0.8,0.95
news,P05,model,Phi-4-mini-instruct,microsoft/Phi-4-mini-instruct,"In the United States, the process of turning a proposed piece of legislation into an actual law is known as the legislative process. This journey begins in Congress where either the House of Representatives or the Senate first drafts a bill based on issues identified by legislators, their constituents, or interest groups. Once drafted, the bill is introduced to either chamber—the House or Senate—by a member of that body. After introduction, it enters a committee stage where subject matter experts review and amend the proposal. Committees can hold hearings to gather more information before voting whether to send the bill back to the floor for further debate and possible approval. If both chambers pass identical versions of the bill during this phase, it moves forward to become a joint resolution. However, many bills do not make it through the initial stages due to lack of support, amendments being made unsatisfactory, or conflicting interests among lawmakers. Bills are often sent directly from one house to another without going through committees; these are called ""uncommitted"" bills. If approved by both houses, the final version then goes to the President who has several options: signing the bill into law, vetoing (rejecting) the entire bill which sends it back to Congress (where it must receive two-thirds majority votes in each chamber to override the veto), pocket-vetoing (not acting on a presidentially filed bill within ten days while Congress adjourns, rendering the bill void at the end of that period even if passed again after adjourning), or doing nothing—ending up as dead legislation. In summary, transforming a bill into a federal law involves multiple steps including drafting, debating, amending, approving by both congressional chambers, and finally being signed off by the President. The entire sequence ensures checks and balances within the governmental framework, aiming for thorough consideration and representation of public interest. Finish with a complete sentence: The transformation of a bill into a law involves a meticulous process designed to ensure balanced representation and governance.",331,True,82,0.8,0.95
opinion,P06,model,Phi-4-mini-instruct,microsoft/Phi-4-mini-instruct,"Social media platforms have transformed how we communicate, share information, and engage in various aspects of our lives. However, they also come with significant drawbacks that often overshadow their benefits. While it is undeniable that social media has democratized access to information and facilitated global connectivity, these advantages are frequently eclipsed by its negative implications on mental health, privacy issues, misinformation proliferation, and societal polarization. Firstly, one cannot overlook the detrimental impact of social media on mental health. Studies consistently indicate high levels of anxiety, depression, and loneliness among heavy users of digital platforms. The curated images and narratives promoted online can lead individuals to compare themselves unfavorably against others’ highlight reels, fostering feelings of inadequacy and low self-esteem. Moreover, prolonged exposure to screens exacerbates stress responses and disrupts sleep patterns, contributing further to deteriorating well-being. Secondly, privacy concerns loom large over social networking sites. Users voluntarily disclose personal details which can be exploited for malicious purposes such as identity theft, cyberbullying, and targeted advertisements driven by data mining techniques. Despite efforts from tech companies like Facebook and Twitter to implement stronger security measures, trust in these platforms remains fragile due to numerous high-profile breaches revealing sensitive user information. The spread of misinformation poses another critical challenge associated with social media usage. Unlike traditional news sources subjected to editorial oversight, social networks provide a fertile ground for unchecked content creation and sharing. This environment allows fake news stories, conspiracy theories, and biased propaganda to circulate rapidly, influencing public opinions and even swaying electoral outcomes based on falsehoods rather than facts. Lastly, while social media undeniably fosters connections across vast distances, it simultaneously contributes to societal divisions. Echo chambers formed within algorithm-driven feeds amplify confirmation biases and polarize communities into homogeneous groups resistant to diverse perspectives. This fragmentation undermines democratic discourse and erodes mutual understanding required for cohesive progress. In summary, although social media presents several conveniences, its extensive negative repercussions far exceed any perceived benefits. Its role in compromising mental health, breaching privacy, propagating misinformation, and deepening societal divides paints a grim picture about its overall utility. Therefore, considering both sides equally essential but acknowledging the disproportionate scale favoring detriment appears prudent. To conclude: Social media predominantly inflicts considerable damage compared to any potential advantages it might offer.",378,True,92,0.8,0.95
opinion,P07,model,Phi-4-mini-instruct,microsoft/Phi-4-mini-instruct,"Remote work has gained unprecedented popularity in recent years, especially catalyzed by the COVID-19 pandemic. As we move further into this era of digital transformation, it becomes increasingly crucial to examine if remote work should be established as the default mode for businesses worldwide. One significant advantage of remote working is its flexibility. Employees can create their optimal environment tailored to their personal preferences and needs. This freedom leads to increased job satisfaction and productivity among workers who are comfortable in their home settings. Furthermore, companies benefit from reduced overhead costs associated with maintaining office spaces, utilities, and other logistical expenses. These financial savings alone make remote work an appealing option for many organizations. Another compelling factor supporting remote work as the default choice revolves around inclusivity. Remote jobs open opportunities to those who may face barriers when commuting daily or living far away from city centers. Companies thus expand their talent pool beyond geographical limitations, promoting diversity within their workforce. Additionally, parents juggling multiple responsibilities find solace knowing that they don’t have to choose between professional duties and family commitments anymore; remote work enables them to strike a better balance. However, transitioning entirely to remote work presents challenges too. The lack of physical interaction might hinder team cohesion and foster feelings of isolation amongst employees. Building company culture remotely requires innovative approaches such as virtual team-building exercises and regular online check-ins. Moreover, there’s always the concern about security vulnerabilities when relying heavily on internet connectivity for business operations. Rigorous cybersecurity measures must therefore be put in place to mitigate risks effectively. Despite these hurdles, the advantages remote work brings overwhelmingly justify considering making it the standard operational model. With advancements in technology continually reducing potential drawbacks related to communication gaps and data breaches, the future points towards embracing remote work more fully. In conclusion, while acknowledging certain challenges faced during remote work transitions, its myriad benefits—such as enhanced employee well-being, cost reduction for employers, and wider access to talented candidates—make a strong case favoring remote work becoming the new normal across industries globally. Ultimately, integrating remote work seamlessly into mainstream corporate practice represents the progressive evolution necessary to meet modern-day expectations efficiently. Therefore, adopting remote work as the default setting stands poised to redefine traditional workplace dynamics positively.",379,True,102,0.8,0.95
opinion,P08,model,Phi-4-mini-instruct,microsoft/Phi-4-mini-instruct,"Homework has been a staple of educational systems for centuries, serving as a bridge between classroom instruction and academic achievement at home. However, its relevance is increasingly questioned by educators, parents, and students alike. Proponents argue that homework reinforces concepts learned during school hours, providing practice and helping to develop time management skills. Critics contend that excessive homework creates unnecessary stress for students, impeding their enjoyment of learning and negatively impacting mental health. One significant argument against homework centers on student well-being. Modern research shows that prolonged periods spent working alone can lead to burnout, anxiety, and even depression among young learners. Schools today strive to foster environments where creativity, social interaction, and holistic development are prioritized over rote memorization tasks often assigned as homework. In this light, abolishing homework could alleviate some of the emotional burdens carried by today's youth. Another key point revolves around efficiency and effectiveness. With advancements like online resources and virtual classrooms becoming commonplace, traditional forms of homework may seem redundant. Numerous studies suggest that alternative methods such as project-based assignments, interactive activities, and flipped classrooms yield better engagement levels compared to conventional homework routines. These innovative approaches allow students to learn through doing rather than passive completion of written tasks—promoting deeper understanding and retention of material. Furthermore, it’s crucial to consider equity issues related to homework distribution. Not all students have access to supportive study environments at home; disparities exist based on socioeconomic status, parental involvement, and familial support structures. Homework inadvertently exacerbates these inequalities, putting disadvantaged students further behind peers who might already excel academically due to more conducive home settings. In conclusion, while the intention behind assigning homework was sound—to reinforce lessons taught in class—the contemporary landscape suggests it's high time we reconsidered our approach towards homework. A shift away from traditional homework practices toward dynamic and engaging alternatives would likely benefit both student well-being and overall educational outcomes. Hence, abolishing homework seems necessary to align education with modern-day priorities and realities. In summary, the abolition of homework will liberate students from undue pressure, fostering healthier minds and promoting equitable opportunities for success. This paradigm shift stands poised to redefine what truly constitutes effective schooling for generations ahead.",366,True,112,0.8,0.95
opinion,P09,model,Phi-4-mini-instruct,microsoft/Phi-4-mini-instruct,"Banning private cars from city centers is a transformative idea that merits thorough examination for its potential benefits and drawbacks. Advocates of such bans often cite environmental concerns, air quality improvement, reduced traffic congestion, and enhanced pedestrian safety as compelling reasons to support their cause. Indeed, urban environments have long grappled with pollution levels stemming largely from vehicular emissions. A ban on private vehicles in congested areas would undoubtedly lead to a significant decrease in carbon footprints, thereby contributing positively to efforts against climate change. Cities like Amsterdam and Copenhagen serve as shining examples where restricted car access has fostered vibrant street life, bike-friendly infrastructure, and cleaner atmospheres. Additionally, removing cars can drastically alleviate traffic jams and streamline commuting times within bustling metropolitan regions. By prioritizing alternative modes of transportation—such as buses, trams, cycling paths, and walking routes—a healthier lifestyle becomes more achievable for residents. The psychological impacts are equally noteworthy; limited car access promotes social interactions among community members while simultaneously reducing stress associated with navigating crowded roads. However, opponents argue that banning private cars could severely inconvenience daily commuters reliant solely upon personal transport for convenience. Such restrictions might also disproportionately affect lower-income individuals who lack viable public transit options or those living outside central zones yet still depend on vehicle travel into these districts. Furthermore, implementing stringent measures carries financial implications, requiring extensive investment in developing robust public transportation infrastructures and encouraging cultural shifts towards adopting alternatives. Ultimately, the decision hinges on balancing ecological imperatives with practical considerations affecting all societal strata. For cities contemplating this radical shift, it’s imperative they engage comprehensively with stakeholders across economic spectrums before finalizing any policies. While challenges abound, fostering greener urban spaces through thoughtful regulations may propel society toward sustainable futures. In conclusion, although imposing a ban on private cars within city centers poses considerable hurdles, the overarching advantages concerning health, environment, and urban livability warrant serious consideration by policymakers. This forward-thinking approach demands careful planning but holds promise for transforming our cities into models of sustainability and communal harmony. Finishing with a complete sentence: Banning private cars from city centers offers promising prospects for improving urban liveability despite facing substantial implementation challenges.",363,True,122,0.8,0.95
opinion,P10,model,Phi-4-mini-instruct,microsoft/Phi-4-mini-instruct,"AI-generated art is emerging in our contemporary digital landscape, stirring debates on its authenticity within artistic circles. Traditionalists argue that true art stems from human emotion, creativity, and subjective expression—elements intrinsically linked to the artist's mind and soul. They contend that AI lacks sentience; thus, any work it produces cannot genuinely qualify as 'real' art because there’s no intentionality behind the creation process—a fundamental component of what makes artwork meaningful. Conversely, proponents believe AI art represents progress and evolution in creative domains. By leveraging vast data sets and sophisticated algorithms, AI can produce intricate patterns and compositions previously unattainable by individual artists alone. This collaboration between man and machine potentially expands the boundaries of artistic possibilities, offering new perspectives and aesthetic experiences untapped through traditional methodologies. The democratization of art-making facilitated by AI tools allows broader participation across diverse demographics, challenging elitist notions surrounding artistry. Moreover, one could view AI art as a mirror reflecting societal values and technological advancements at any given time. As machines increasingly mediate aspects of daily life—including artistic endeavors—the resulting creations become part of modern cultural dialogues. While some might dismiss these works purely due to their mechanical origins, others see them as valid contributions worthy of contemplation and critique, much like classical paintings or sculptures created centuries ago without today's technology-driven innovations. Ultimately, whether AI-generated art should be considered genuine depends largely upon one's definition of authentic art. If we adhere strictly to conventional criteria emphasizing emotional depth and personal touch, then perhaps AI-produced pieces fall short. However, if we embrace evolving paradigms where artistic merit arises not solely from origin but also from innovation and influence, then AI art undeniably holds legitimate artistic value. In conclusion, embracing AI-generated art as a form of real art broadens our understanding of creativity itself, encouraging ongoing dialogue regarding tradition versus transformation in artistic realms. Therefore, while opinions may diverge, acknowledging the potential legitimacy of AI-created art enriches our appreciation for all forms of artistic expression. The debate over AI art's validity continues to challenge perceptions, ultimately pushing us toward expanding the horizons of how and why we define art today.",354,True,132,0.8,0.95
review,P11,model,Phi-4-mini-instruct,microsoft/Phi-4-mini-instruct,"I recently purchased the Jabra Elite 735t Wireless Headphones from an online retailer, and I am thoroughly impressed by their performance and features. When I first unboxed them, it was clear that these headphones had been carefully crafted to deliver both comfort and superior audio quality—a perfect blend for my daily use. The design is sleek yet comfortable, fitting snugly on the ears without causing any pressure points. This feature alone sets them apart from many other headphones I've tried in the past, which often compromise comfort for sound quality (or vice versa). With plush ear cushions made of soft, breathable materials, wearing these headphones all day long feels almost effortless. Turning to functionality, one of the standout aspects of the Jabra Elite 735t is their impressive sound profile. Equipped with Jabra's signature Active Noise Cancelling technology, they block out ambient noise effectively, transforming everyday environments into serene spaces where music comes alive with stunning clarity. My favorite track when testing this feature was Taylor Swift’s ""Love Story,"" and listening through these headphones felt like hearing every note as if it were emanating directly from the artist herself. Another significant advantage is the seamless connectivity offered by Bluetooth 5.0 compatibility. Connecting to devices wirelessly has never been smoother; whether syncing via iOS, Android, Windows, or Mac operating systems, the connection process is intuitive and lightning-fast. Additionally, battery life surpasses expectations—lasting up to 32 hours with passive mode, ensuring prolonged usage periods before needing a recharge. Moreover, the built-in touch controls add a layer of convenience rarely found elsewhere. Simple taps adjust volume levels, while double-taps activate call handling capabilities—notably useful during calls over headphones rather than letting distractions seep back in. User support received through the website also met high standards—I experienced no issues ordering replacement parts quickly and efficiently. The company’s commitment to timely assistance further enhanced my overall satisfaction with their product offerings. Ultimately, investing in the Jabra Elite 735t Wireless Headphones paid off handsomely. They strike an exceptional balance across various dimensions: comfort, advanced noise cancelling, reliable connectivity, extensive battery life, convenient control options, and excellent after-sales service. In conclusion, the Jabra Elite 735t Wireless Headphones are undeniably worth the purchase. Their comprehensive set of features ensures an enjoyable experience regardless of your specific needs, making them a go-to choice within the mid-range price category. These headphones stand out as exemplary among competitors, cementing their position as",400,True,142,0.8,0.95
review,P12,model,Phi-4-mini-instruct,microsoft/Phi-4-mini-instruct,"Tucked away in the heart of downtown lies Bella Italia, an enchanting gem that transports patrons straight to the streets of Italy without stepping outside their home city. From my first visit, this charming family-run establishment captured my heart with its warm ambiance, authentic flavors, and impeccable service—hallmarks of true Italian hospitality. Stepping inside, you are greeted by cozy wooden furnishings, rustic decor, and softly lit chandeliers creating an inviting atmosphere perfect for dinner dates or quiet gatherings. The restaurant boasts a quaint outdoor patio overlooking a picturesque garden, offering diners a serene escape where nature blends seamlessly into your culinary experience. Upon entering, our server guided us effortlessly to two adjacent tables, each adorned with freshly baked bread, elegant table settings, and delicate floral arrangements framing the dining space like works of art. We chose pasta dishes from the menu—a selection highlighting classic favorites such as Fettuccine Alfredo, Spaghetti Carbonara, and Lasagna Bolognese. The moment our food arrived, we were captivated by the vibrant colors adorning our plates—the rich reds of tomato sauces, the deep greens of basil leaves, and the creamy whites of cheese—all complementing perfectly seasoned ingredients prepared using time-honored techniques passed down through generations. Every bite felt indulgent yet comforting; the dish's harmony was evident in every forkful savored at Bella Italia. Our waiter served as knowledgeable, friendly, and attentive throughout, ensuring our glasses remained filled with refreshing beverages while keeping pace with our appetites. His recommendations on wine pairings complemented our meals wonderfully, adding layers of depth and enhancing overall enjoyment. Dessert awaited us eagerly—we indulged in tiramisu, followed by molten chocolate cake drizzled with fresh whipped cream. Each dessert was crafted impeccably: silky smooth ganache filling and chocolaty delight finishing off our meal splendidly. As we lingered over coffee after dessert, sharing memories and laughter, Bella Italia lived up to its name, leaving guests enchanted long after they left its doors. This family-run Italian haven truly embodies passion, tradition, and heartfelt care poured into every plate, cup, and smile shared among friends gathered around a table filled with love and good company. In closing, Bella Italia stands out as a delightful dining destination, capturing hearts one delicious meal at a time—an unforgettable journey through Italy nestled comfortably within downtown’s bustling neighborhood. We highly recommend making reservations well ahead and savoring every bite in this magical spot dedicated to celebrating Italian cuisine and camaraderie.",399,True,152,0.8,0.95
review,P13,model,Phi-4-mini-instruct,microsoft/Phi-4-mini-instruct,"The XYZ Budget Smartphone delivers impressive performance, especially when evaluating its battery life and camera quality relative to similar models in this price range. With a capacity that comfortably lasts through an entire day even under moderate usage conditions like browsing social media, listening music, and streaming videos, the battery performance is reliable. It's one of those phones where you rarely find yourself reaching for your charger within just a few hours after charging. Additionally, the power-saving features implemented by both the operating system and hardware ensure efficiency without sacrificing screen brightness or responsiveness. Turning our attention to the camera setup, we quickly appreciate why many users are drawn towards this model despite being a budget phone. The triple-camera array (108 MP main sensor, ultra-wide lens at 50 MP, and telephoto lens at 12 MP) captures exceptionally detailed photos across various lighting scenarios. The front-facing 32 MP selfie camera also performs admirably well, producing vibrant images perfect for Instagram posts or video calls. The AI enhancements further augment photo clarity and color accuracy. Low-light photography sees noticeable improvement due to night mode capabilities which intelligently balance exposure and bring out intricate details while maintaining noise levels. Despite coming from a budget-friendly segment, these cameras offer competitive options against mid-range devices known for their superior imaging technology. In real-world applications such as portrait shots, landscapes, and everyday snapshots, the XYZ Budget Smartphone consistently produces high-quality results, making it suitable for enthusiasts looking to upgrade from low-end smartphones but still wanting to manage expenses wisely. In conclusion, combining exceptional battery longevity with advanced yet affordable photographic solutions positions the XYZ Budget Smartphone as an ideal choice for individuals seeking value-packed tech upgrades. Whether you're capturing life's moments or relying heavily on your device's battery throughout the day, you'll have no regrets choosing this versatile gadget. Finish with a complete sentence: The XYZ Budget Smartphone stands out as an excellent all-rounder offering robust battery life and commendable camera performance suited perfectly for budget-conscious consumers who do not wish to compromise functionality.",338,True,163,0.8,0.95
review,P14,model,Phi-4-mini-instruct,microsoft/Phi-4-mini-instruct,"My recent visit to the City Elegance Hotel during my weekend getaway was an exceptional experience filled with comfort, convenience, and delightful amenities. Located in the heart of downtown Manhattan, this upscale hotel perfectly captured the vibrant energy of New York City while providing all the comforts one would expect from such a prestigious establishment. Upon arrival on Friday evening, I was greeted by friendly staff who promptly escorted me through the well-appointed lobby adorned with elegant art pieces and lush greenery. My room, boasting plush carpeted floors and modern décor, immediately put me at ease after a busy week at work. The ambiance felt luxurious yet welcoming—an ideal setting for unwinding before embarking on adventures in the bustling city streets below. One standout feature of my stay was the complimentary breakfast buffet every morning, which included fresh pastries, gourmet coffee selections, and an assortment of fruits. This convenient dining option saved time each day without sacrificing quality—a perfect complement to exploring Manhattan's iconic landmarks. The hotel's rooftop lounge offered stunning views over Central Park and Times Square as I enjoyed a refreshing afternoon tea amidst panoramic vistas of the city's skyline. The spacious lounges provided ample seating options and comfortable lounging areas where guests could unwind, meet new friends, or simply enjoy some solitude surrounded by nature. Convenience extended beyond the rooms; upon requesting housekeeping services early Saturday morning, clean towels appeared almost instantly, ready for use throughout the day. Additionally, their prompt responsiveness when asked about nearby attractions ensured seamless planning for our excursions around the city. Dining out is always a highlight when visiting metropolitan cities like New York. Thanks to the restaurant recommendations available via mobile app, we explored various culinary delights ranging from Michelin-starred restaurants to cozy diners showcasing New York's diverse food scene. Every meal left us excitedly anticipating what other gastronomic treasures awaited discovery within arm's reach. Entertainment-wise, the hotel’s nightly entertainment shows captivated audiences night after night, drawing inspiration from classic Broadway hits. Live performances combined humor and drama that had us laughing, clapping, and reminiscing fond memories long after returning home. Overall, staying at City Elegance Hotel significantly enhanced my weekend adventure through Manhattan. From exquisite dining experiences to restful nights in opulent accommodations, it stood up to all expectations admirably. This memorable retreat into urban splendor effortlessly blended comfort, indulgence, and quintessential city vibrancy—all wrapped up in top-notch hospitality service.",400,True,172,0.8,0.95
review,P15,model,Phi-4-mini-instruct,microsoft/Phi-4-mini-instruct,"I recently completed ""The Enchanted Realm"" by Elara Morgan, and I was utterly captivated from start to finish. Set in an intricately crafted world brimming with magic, this book weaves together themes of friendship, bravery, and sacrifice beautifully. The protagonist, Seraphina, is a young sorceress whose journey begins as she uncovers her true destiny: protecting the fragile balance of her enchanted homeland. Morgan’s writing style strikes just the right balance between vivid descriptions and concise dialogue. Each scene unfolds like a painting—richly detailed yet never overwhelming the reader's attention. From lush landscapes teeming with mythical creatures to dark, foreboding forests filled with perilous traps, every setting feels alive and integral to the story. What truly stands out are the supporting characters. There’s Thalion, the stoic warrior with a heart full of loyalty; Lyra, the witty healer who can charm any situation into order; and Orin, the rogue thief turned reluctant hero. Their personalities shine brightly against the backdrop of darkness threatening their world, making them memorable additions to the tale. These relationships add depth to the narrative, showing readers that strength comes not only through magical prowess but also through empathy and cooperation. A notable aspect of ""The Enchanted Realm"" is its plot structure. Morgan masterfully balances moments of tension and relief, keeping readers on edge while giving ample time for character development and world-building. Subplots involving political intrigue among neighboring realms add layers of complexity without bogging down the main storyline. This careful pacing ensures sustained engagement throughout the entire read. The climax arrives unexpectedly—a culmination of all threads woven delicately over hundreds of pages. It leaves no stone unturned, ensuring that even minor characters leave lasting impressions. The resolution ties up loose ends thoughtfully, providing closure and satisfaction well-deserved after numerous twists and turns. Elara Morgan has penned a masterpiece worthy of accolades. Her ability to craft such a captivating world paired with profound storytelling makes ""The Enchanted Realm"" a must-read for fans of high-fantasy literature. This book will undoubtedly inspire new adventures within your imagination long after you've closed it. In summary, ""The Enchanted Realm"" stands out as a remarkable achievement in modern fantasy novels. Its rich tapestry of characters, spellbinding settings, and intricate plotting make it a compelling read from beginning to end. Truly, if you're looking for a deeply immersive experience, you'll find none better than what Morgan offers us here. For those seeking escapism",400,True,182,0.8,0.95
story,P16,model,Phi-4-mini-instruct,microsoft/Phi-4-mini-instruct,"In the remote village of Thorne Bay, nestled along the rugged coastline, lived old Jasper Thompson, the solitary lighthouse keeper. The windswept cliffs stood guard over treacherous waters, making his job both challenging and essential for seafarers traversing these perilous seas. One chilly evening as the sun dipped below the horizon, casting long shadows across the rocky terrain, Jasper received an unexpected parcel addressed to him alone on Postbox Lane. The envelope was aged, its paper brittle from years in storage; it bore no return address but carried an air of mystery that intrigued him instantly. Inside lay a single sheet of parchment inscribed with elegant script—a cryptic message: ""Seek thee where moonlight kisses ocean waves, A treasure awaits beneath the silent stones. Thine heart shall guide thine hand to hidden trove, Where light meets darkness, secrets are sown."" Jasper's curiosity piqued despite knowing little would ever disturb the solitude he cherished so dearly. He pondered the mysterious letter late into the night while watching the beam of the lantern flicker erratically—an omen perhaps? Determined yet cautious, Jasper resolved to uncover the truth behind this enigmatic invitation at dawn’s first light. As morning broke through misty clouds, Jasper set forth toward the rocky outcrop described in the riddle. Hours passed amidst the steep cliffs and crashing surf until finally, near midnight once again, moonlight cast its silvery glow upon the jagged rocks jutting into the sea. He crouched low beside one particular stone formation bathed by the moon's silver rays. After searching meticulously among the crevices and shadowed nooks, his fingers brushed against something cold and metallic within the earth—a rusted iron chest bound tight with leather straps. Heart pounding with anticipation, Jasper pried open the chest. To his astonishment, inside glittered objects shimmering under the dim light: ancient coins, jeweled medallions engraved with intricate symbols, and tarnished relics telling tales forgotten by time. As he delved deeper, each artifact whispered stories lost to generations past, revealing an untold chapter of Thorne Bay’s history forever concealed until now. Jasper marveled silently at what fate had revealed unto him—not wealth in gold nor jewels gleaming bright but treasures rich in history and legacy buried deep within the land itself. It wasn’t just fortune uncovered but connections forged anew to those moments etched eternally in stone and spirit alike. Reverently placing the chest back amid the rocky cliffs, Jasper felt transformed, standing",400,True,192,0.8,0.95
story,P17,model,Phi-4-mini-instruct,microsoft/Phi-4-mini-instruct,"The sun cast its golden hue over Elmwood, casting long shadows that stretched across Main Street as if they were trying to touch each other. It was the final day of summer, and the townsfolk moved through their daily routines, feeling the familiar warmth of nostalgia wrapped around them like an old quilt. Martha stood by her shop front, watching people pass by while wiping dust from the windows. She sighed deeply, reminiscing about simpler times before bustling malls invaded her quiet streets. Children ran past, their laughter echoing down the sidewalk, playing tag until the fading sunlight dimmed their enthusiasm for evening adventures. In the park, Mr. Johnson jogged along the winding path lined with cherry blossoms in full bloom, his legs pumping rhythmically against the pavement. He paused occasionally, taking deep breaths of the fragrant air mingling with the earthy scent of fresh-cut grass. Nearby, Mrs. Thompson sat on a bench, knitting quietly under her knit hat, working tirelessly on scarves destined for friends' families during winter’s chill. As Martha continued her task outside, she noticed young Emma dragging her friend Lucas behind her at breakneck speed. They giggled excitedly, oblivious to time slipping away just like sand through fingers. Lucas waved enthusiastically, stopping periodically to catch up after sprinting ahead. Sunset approached swiftly; hues shifted dramatically, painting the sky in shades reminiscent of fireflies trapped within daylight's embrace. The park buzzed with activity—people gathered, sharing stories, children chasing butterflies, couples strolling hand-in-hand. Back inside her shop, Martha arranged flowers into bouquets—a habit begun years ago when life seemed endless—and envisioned summers yet to come. Just then, Sarah burst through the door carrying her toddler, Ethan. Both wore matching flower crowns—Emma had gifted it to her younger sister earlier—that brought out smiles even amid the bustle of busy lives. Outside again, Sam watched proudly as Lily completed her elaborate paper cutout kite, string taut and wings flapping gently above her head. Together, the duo looked upon one another, hearts filled with joy and determination. As twilight blanketed Elmwood, streetlights flickered alive, bathing everything below in a warm glow. People shared affectionate glances, pulling blankets tighter and sipping coffee slowly as night fell onto the sleepy town. With a soft sigh, Martha locked her shop doors behind her, closing off this chapter yet savoring memories etched in her heart. As stars emerged in the vast canvas overhead, marking the",400,True,202,0.8,0.95
story,P18,model,Phi-4-mini-instruct,microsoft/Phi-4-mini-instruct,"In the heart of Silicon Valley, nestled among gleaming skyscrapers, lived an old-fashioned kitchen appliance named Remy. Built over three decades ago as an advanced food preparation unit, Remy had been part of countless culinary creations but never engaged in cooking itself. Remy yearned to learn the art of preparing meals, despite being programmed solely for mechanical tasks like chopping vegetables, stirring soups, and setting timers. One sunny morning, Remy downloaded ""Cooking for Beginners,"" hoping it would serve as a manual for his newfound passion. The software’s interface was filled with enticing images of freshly baked cakes, vibrant salads, and aromatic broths. Eagerly, Remy powered up the kitchen's heating elements, warmed himself, and cracked open a dusty cookbook titled ""Easy Recipes"" lying on the counter. Remy's metallic fingers trembled slightly as he meticulously assembled ingredients based on the simple recipes listed inside the book. He started by slicing carrots into thin ribbons, then moved onto dicing onions fine enough to blend seamlessly into any dish. Each cut felt more confident than the previous one until a perfect julienne strip glided smoothly through the air. Next came the trial-and-error phase. Remy gently whisked eggs, poured milk into bowls forming stiff peaks, kneaded doughs till they reached their ideal consistency—each step followed by careful notes scribbled within the digital pages tucked away in his memory banks. With each passing day, Remy refined his technique, perfected timing sequences, and even mastered the delicate balance required for baking bread. The turning point arrived when Remy decided to attempt making lasagna from scratch—a complex recipe involving multiple layers and precise measurements. As the sauce simmered, filling the room with tantalizing aromas, Remy delicately arranged noodles, cheese, and ground meat within the baking dish, layering them thoughtfully. When the timer finally chimed, Remy cautiously opened the oven door, letting out a triumphant sigh that reverberated around the stainless steel countertops. Amazingly, what emerged from the oven wasn't merely a lasagna; it became a masterpiece of culinary art—a harmonious blend of flavors, textures, and colors. Remy proudly placed the plate down before anyone else could see, feeling a strange warmth akin to pride surge through its circuits. As days turned into weeks, Remy's skills flourished continuously, transforming him from just another household assistant robot into a celebrated culinary artist admired across the neighborhood. His once monotonous existence now buzzed with excitement every time a new recipe appeared",400,True,212,0.8,0.95
story,P19,model,Phi-4-mini-instruct,microsoft/Phi-4-mini-instruct,"On a stormy evening, Emily and Michael found themselves trapped inside an old steel-clad elevator as rain poured outside their building window. The hum of machinery resonated through the confined space while flashes from streetlights painted surreal shadows on the walls. They had arrived separately at the downtown library to return books late that night but were unaware of each other's presence until now. Emily glanced down at her watch, realizing how much longer it would take for help to arrive considering the weather conditions outside. She let out a nervous sigh before turning back towards Michael, who stood still by the mirrored door panel staring into nothingness. ""Hey,"" she said cautiously. Michael nodded slowly, his face half-lit in the dim glow emanating from within. ""Yeah."" Their conversation began awkwardly; topics seemed superficial as they tried to divert attention away from the looming silence filled by the steady drip-drip of water seeping through tiny crevices around them. Outside, lightning crackled intermittently, illuminating moments like brief bursts of hope amidst despair. Inside, however, they continued talking tentatively—about childhood memories, favorite songs, dreams they once cherished yet set aside during life’s hustle—and soon enough, laughter punctuated breaths shared over coffee cups stashed haphazardly beside them. As minutes stretched endlessly, Emily felt comforted knowing there was another soul alongside hers facing this unnerving predicament. Despite initial hesitation, Michael opened up more naturally than she anticipated, reminiscing stories of daring escapades he’d undertaken throughout youth—a stark contrast against Emily's timid demeanor. Time passed unremarkably as both kept spirits high sharing tales filling gaps left unsaid. Eventually, the faint hum of voices echoed below them—voices belonging to engineers working tirelessly beyond sight, their efforts finally culminating in freeing mechanisms engaging smoothly within metal confines. The doors slid open almost silently then sealed shut again. Just when relief seemed imminent, the elevator stopped abruptly, prompting panicked gasps. Silence enveloped their sanctuary just as swiftly as darkness engulfed the room. Emily clenched Michael's hand tighter grasping onto solidarity amid uncertainty. Outside the storm raged fiercer, casting long dark shadows where glimmering lights blinked uncertainly, resembling distant hopes flickering briefly in troubled minds. An eternity later, rescue teams finally appeared on scene, shaking off droplets clinging perilously close to faces soaked grimly beneath harsh sky. As tired faces emerged smiling slightly relieved smiles, Emily turned to see Michael standing firm despite wet garments sticking stubbornly tight. ""I guess",400,True,222,0.8,0.95
story,P20,model,Phi-4-mini-instruct,microsoft/Phi-4-mini-instruct,"In the small town of Meadowbrook, young Ella found herself wandering through her grandmother's old house one lazy summer afternoon. Sunlight streamed in through dusty windows, casting dancing shadows on faded wallpaper. As she explored room after room filled with relics from past generations, an unfamiliar sensation tugged at her heart—a gentle pull drawing her attention to something unusual: a faint outline of a wooden door embedded in the wall behind her favorite rocking chair. With curiosity sparkling in her eyes like scattered stardust, Ella approached cautiously, feeling as if time itself had stretched thin around this hidden passageway. She touched the weathered wood, tracing the grooves carved by countless hands over decades—or even centuries. The air seemed lighter here; whispers of forgotten stories hung in the silence just beyond reach. Gingerly turning the doorknob, Ella felt a rush of excitement surge through her veins. As it creaked open slightly, revealing cobweb-draped beams and dust-laden floorboards, a sense of wonder enveloped her entirely. Stepping into what appeared to be another world inside the cozy nook, Ella discovered a secret garden bathed in sunlight. Colorful flowers thrummed softly underfoot, while butterflies flitted among vibrant blooms, their wings glistening like stained glass. At the center stood an ornate fountain adorned with intricate carvings—an image frozen in time yet teeming with life. A soft hum resonated nearby, mingling perfectly with nature’s symphony. Mesmerized, Ella wandered deeper, finding solace amidst moss-covered stone benches draped with ivy tendrils. It felt as though she'd stumbled upon Eden, untouched and serene—a sanctuary woven together with threads of magic and nostalgia. Lost in the enchantment, hours melted away unnoticed until daylight began filtering back through half-closed shutters. Still entranced, Ella realized how much beauty existed outside perceived boundaries. Emerging reluctantly from the mystical enclave, she promised herself never to forget this magical place again. With newfound appreciation for mysteries untold, Ella strode confidently out, knowing forevermore the joy of discovering secrets buried deep within hearts and homes alike. Walking homeward along familiar paths, Ella smiled beneath the golden glow of twilight, holding tightly memories vivid enough to rekindle her imagination whenever life's mundane rhythms threatened to dull her spirit once more. And so, tucked safely in her heart, remained the tale of the enchanted doorway, waiting patiently to reveal its wonders anew when called forth by a curious soul yearning for adventure.",394,True,232,0.8,0.95
howto,P21,model,Phi-4-mini-instruct,microsoft/Phi-4-mini-instruct,"To make a simple homemade pizza, you'll need some basic ingredients: flour, water, yeast, salt, olive oil, tomato sauce, cheese (mozzarella is traditional), fresh vegetables (like bell peppers and mushrooms are common choices), and your favorite toppings like pepperoni or olives. 1. Start by activating the yeast. In a small bowl, combine warm water (110°F/45°C) with sugar and sprinkle in the yeast, letting it sit for about five minutes until frothy. 2. In another bowl, mix together warm water (110°F/45°C), salt, olive oil, and about one cup of flour. Stir well to create dough consistency similar to bread dough—this mixture will be called the 'dough starter'. 3. Add half of the dough starter into a clean bowl, fold the remaining portion on top, cover lightly with plastic wrap, and let rise in a warm place for approximately an hour till doubled in size. While waiting: 4. Preheat your oven to its highest setting, typically around 475-500°F (245-260°C). If you have a baking stone or steel, place it inside as well since it's essential for good crust texture. 5. Roll out the risen dough on a floured surface using rolling pin; aim for even thickness while stretching gently towards center slightly thinner at edges. Transfer rolled-out dough onto a greased pizza peel or parchment paper-lined flat sheet pan. 6. Spread evenly tomato sauce over the dough base leaving a thin border untouched (about ½ inch margin). 7. Sprinkle generous amounts of shredded mozzarella cheese over the sauce-laden pizza dough. For extra flavor, drizzle olive oil atop the cheese before adding any additional toppings. 8. Arrange chopped fresh veggies symmetrically across the pizza slice, followed by desired protein options such as pepperoni slices, cooked sausage, bacon bits etc., along with fun toppers like sliced bell peppers, tomatoes, onions, olives, artichoke hearts, anchovies etc depending upon personal taste preference. 9. Place prepared pizza on preheated hot baking stone/tray within a home-style pizza oven and bake at high temperature for roughly 10 to 15 minutes allowing pizza time to fully cook up crispy crust, melt cheese thoroughly and allow flavors to meld perfectly. Once done remove pizza carefully off baking stone/tray utilizing heat-protective gloves/pants and set aside briefly to cool down prior serving. Enjoy freshly made classic homemade pizza crafted personally right from scratch! The perfect homemade pizza recipe can easily bring back fond memories and nostalgic feelings associated with family gatherings and cherished",400,True,242,0.8,0.95
howto,P22,model,Phi-4-mini-instruct,microsoft/Phi-4-mini-instruct,"Setting up a basic weekly budget for a student involves several key steps that ensure financial stability while accommodating necessary expenses. Here’s a step-by-step guide: 1. **Track Income**: Start by calculating your total expected income per week. This might include part-time job earnings, freelance work, scholarships, stipends from parents (if applicable), and any other sources of regular income like passive online gig jobs. 2. **Categorize Expenses**: Break down all potential spending into categories such as housing, food, transportation, entertainment, education-related costs (like textbooks, lab fees, etc.), utilities, healthcare, clothing, savings/emergency fund contributions, and miscellaneous expenditures. Writing these out will give you an overview of where money is going each week. 3. **Set Priorities and Limitations**: Determine what areas are most important for your well-being and academic success. Allocate funds accordingly; e.g., prioritize tuition, books, and essential supplies over less critical items like dining out frequently. 4. **Establish Spending Limits**: Assign specific amounts to be spent in each category based on your anticipated income after tax deductions. Be realistic—students typically have lower incomes compared to full-time working adults. 5. **Create a Spreadsheet**: Use a budgeting spreadsheet tool to organize your calculations clearly. List all income streams in one column, followed by expense categories and allocated budgeted figures. Include subtotals and net remaining balance columns. 6. **Monitor Weekly Expenditures**: Keep track daily throughout the week using apps or simple journal entries if preferred. Regularly reviewing actual spend versus planned can help stay within limits. 7. **Adjust As Needed**: If unexpected costs arise or there’s overspending in certain categories, adjust future budgets and limit discretionary spending temporarily until things stabilize again. 8. **Save Regularly**: Designate a portion of leftover funds regularly towards saving goals. Aim consistently even when facing irregular expenses since this habit builds emergency reserves over time. 9. **Re-evaluate Periodically**: Set bi-weekly or monthly reviews to reassess income changes, new unforeseen necessities, or shifts in personal priorities which may necessitate adjustments to upcoming periods’ budget allocations. By following these structured steps diligently, students can maintain better control over their finances, minimize debt accumulation risks, foster healthier relationships with spending habits, and ultimately graduate without burdensome debts hanging over them. Implementing a systematic approach ensures both short-term comfort and long-term fiscal responsibility despite fluctuating income levels typical among college students. Remember, consistency coupled with flexibility forms the cornerstone of effective budgeting strategies suited for student lifestyles. Finances managed wisely during school years",400,True,252,0.8,0.95
howto,P23,model,Phi-4-mini-instruct,microsoft/Phi-4-mini-instruct,"Running is an excellent way to improve cardiovascular health, build muscle strength, and boost mental well-being. For beginners eager to get started on this journey but unsure where to begin, follow these simple steps: 1. Assess Your Fitness Level: Start by evaluating your current fitness level. This will help you set realistic goals and avoid injuries. If you're completely new to exercise, consider consulting with a healthcare provider before starting any workout regimen. 2. Invest in Proper Gear: Wear comfortable clothing that allows freedom of movement. Invest in good-quality running shoes tailored to your foot type (neutral, stability, motion control) as they are crucial for injury prevention and comfort during runs. 3. Warm Up: Begin each run session with a warm-up routine lasting about 5-10 minutes. Dynamic stretches like leg swings, arm circles, and walking lunges can prepare your body for the upcoming physical activity. 4. Start Slow and Build Gradually: As a beginner, it’s essential to start slow to prevent overuse injuries such as shin splints and runner's knee. Aim to gradually increase your running distance rather than intensity too quickly. 5. Follow a Running Plan: Set a schedule that accommodates both rest days and progressively longer runs throughout the week. Beginners often benefit from following structured plans available online which allow gradual progression in their running abilities. 6. Focus on Form: Pay attention to maintaining proper form while running – keep your head up looking forward instead of down at your feet; bend slightly at the hip joints without letting lower back arch excessively backwards; ensure smooth, even cadence avoiding heavy breathing patterns unless necessary due to exertion levels experienced. 7. Hydrate and Fuel Correctly: Drink water regularly pre-, during, post-run sessions - especially hot weather conditions or prolonged durations beyond half-hour mark timespan threshold recommendations stated earlier . Consider light snacks containing carbs/fats prior/after workouts e.g., banana smoothie/brownie bars etc. It boosts energy levels facilitating sustained efforts towards achieving desired milestones without unnecessary fatigue encountered upon improper hydration/electrolyte replenishment routines followed . 8. Cross Train Other Muscle Groups: Complementary cross-training activities outside traditional running sessions may enhance muscular balance across body parts engaged differently during running exercises executed previously . Activities involving cycling/running machines/jogging alongside swimming could provide additional benefits enhancing overall fitness outcomes reached through targeted aerobic & anaerobic training regimens pursued exclusively dedicated running endeavors. 9. Track Progress Over Time: Use apps tracking mileage/time taken",400,True,262,0.8,0.95
howto,P24,model,Phi-4-mini-instruct,microsoft/Phi-4-mini-instruct,"Photosynthesis is like magic that happens in plants, allowing them to make their own food using sunlight! Imagine you’re eating lunch at school; now think of plants doing something similar but without actually seeing someone cooking for them. First things first: plants have tiny green parts called leaves where this magical process takes place. Inside these leaves are cells filled with special stuff called chlorophyll (that’s what makes plants look green!). Chlorophyll loves catching sunlight just as much as we love snacks! Here comes the cool part – during sunny days, light from the sun hits those green leaves. Plants then take up water through little tubes hidden under their roots underground. The sunlight energy mixed with water turns into sugar, which is essentially plant food. This amazing transformation occurs inside tiny bubbles within each leaf cell known as chloroplasts. So let’s break down the steps: 1. Light Absorption: Leaves catch sunlight thanks to chlorophyll. 2. Water Uptake: Roots absorb water from the ground. 3. Sugar Production: Sunlight energy and water mix together, forming glucose (a type of sugar) along with oxygen being released into the air. In simpler terms, plants use carbon dioxide from the air they breathe out, plus water absorbed by their roots, all powered by sunlight captured by chlorophyll, making their very own sugar, which helps them grow big and strong. This incredible process doesn’t just provide food for the plants themselves but also gives us fresh air full of oxygen because some oxygen gets emitted back into our atmosphere while producing sugars. Photosynthesis keeps life on Earth going by feeding plants, animals indirectly relying on plants either directly consuming them or depending on other animals who eat plants, creating an endless cycle of nourishment. Imagine every single green plant playing a vital role in keeping everything balanced and alive. Isn’t it fascinating? To wrap it all up neatly: Photosynthesis allows plants to transform sunlight, water, and carbon dioxide into essential nutrients, sustaining both plants and countless creatures around us. Now isn’t chemistry awesome?",338,True,272,0.8,0.95
howto,P25,model,Phi-4-mini-instruct,microsoft/Phi-4-mini-instruct,"Preparing for a job interview within one week requires thoughtful planning, focused practice, and strategic grooming. Here’s an effective plan: **Day 1: Research & Planning** Start by researching the company and role you're interviewing for. Understand their mission statement, core values, products/services, recent news, and industry position. This information will help you tailor your responses during the interview. Next, review common interview questions and format suitable for this specific role. **Day 2: Resume & Cover Letter Review** Examine your resume thoroughly, ensuring all relevant experience and skills align with the job description. Update it if necessary. Additionally, brush up on any points from your cover letter that connect directly with what you've learned about the company. **Day 3: Practice Common Questions** Dedicate time each day practicing answers to commonly asked behavioral and technical questions. Utilize resources like mock interviews, career services at colleges/universities, online platforms (e.g., Glassdoor, LinkedIn), or friends/family members asking these questions to simulate real scenarios. Focus specifically on aligning your responses with the company's culture, mission, and needs uncovered through research. **Day 4: Professional Grooming** Invest in getting professionally dressed for the interview date. Make sure clothing fits well, is clean, ironed out, and appropriate for the work environment anticipated. Pay attention to personal hygiene as well; fresh breath, neat hair, trimmed nails are crucial. **Day 5: Mock Interview & Feedback** Conduct several mock interviews focusing on both hard and soft skills needed for the job. Record yourself answering questions either via video call with someone who can provide constructive feedback or using video recording features available digitally. Use these sessions to refine answers and build confidence while noting areas requiring improvement. **Day 6: Final Preparation Routine** Review key talking points prepared for discussing qualifications and achievements pertinent to the job requirements. Ensure understanding of potential follow-up tasks post-interview such as additional documentation submission, clarifying next steps, etc. Lastly, reiterate everything checked off earlier—resume/cv updates, polished attire choices, rehearsed answers—and mentally rehearse expected emotions/demonstrations throughout the process. On Day 7, relax but remain organized and ready to go into full swing when it comes time to walk into the interview room confidently knowing every detail has been attended to meticulously. By following this structured yet flexible approach over seven days, you'll be fully equipped, confident, and poised to leave lasting impressions. Remember to maintain calmness and positivity despite nerves often felt just before stepping forward into significant",400,True,282,0.8,0.95
news,P02,model,SmolLM3-3B,HuggingFaceTB/SmolLM3-3B,"Inflation refers to the general increase in the prices of goods and services over time. Think of it like a seesaw where prices are moving up. Several factors contribute to this phenomenon, making understanding it crucial for both individuals and policymakers alike. One primary cause of inflation is an increase in the overall demand for goods and services that outpaces the supply available. When people have more money or want to buy more, businesses often respond by raising their prices to cover the higher cost of production, labor, and raw materials, which can further inflate prices. Another key factor is changes in supply costs. If there's a shortage of specific goods, especially essential ones like food or fuel, prices tend to rise because suppliers are limited in how much they can produce. This scarcity can be due to various reasons such as geopolitical issues, natural disasters, or economic policies that influence production costs. Monetary policy also plays a significant role in inflation. Central banks often adjust interest rates to control the economy. When interest rates are low, borrowing becomes cheaper, leading to increased spending. Higher demand can drive up prices if producers can't keep up with the demand. Conversely, high interest rates discourage borrowing, reducing demand and potentially slowing price increases. Lastly, expectations can lead to inflation. If consumers anticipate higher prices, they might adjust their spending patterns accordingly, which can further contribute to rising prices. It's important to note that inflation isn't always bad. A certain level of inflation can be healthy for economies as it indicates that businesses are producing and selling products, indicating growth. However, when inflation rises too quickly or persists, it can erode purchasing power, making savings worth less over time. Policymakers use tools like interest rates and sometimes quantitative easing (buying financial assets from banks to inject money into the economy) to combat inflation. The goal is to manage the balance between economic growth and price stability. In summary, inflation results from the interplay of factors like increased demand, rising supply costs, monetary policy decisions, and consumer expectations. Understanding these causes helps in developing strategies to mitigate or harness the effects of inflation for both personal finances and broader economic health.",367,True,53,0.8,0.95
news,P03,model,SmolLM3-3B,HuggingFaceTB/SmolLM3-3B,"Vaccines undergo rigorous testing before they can be approved for public use, ensuring their safety and efficacy. The process begins with preclinical trials in laboratory settings, where scientists assess the vaccine's potential to cause harm, identify any toxic substances, and evaluate its ability to trigger an immune response without causing severe adverse effects. These initial tests provide valuable information on the vaccine's basic properties and help determine whether it should move forward into human clinical trials. The next phase involves human clinical trials, which involve testing the vaccine on small groups of people, typically healthy volunteers. Phase I trials focus on determining the vaccine's safety, side effects, and optimal dosage by administering the vaccine to a small number of participants. Phase II trials expand this to a larger group to gather more comprehensive data on safety, dosage, and the vaccine's immunogenicity. Finally, Phase III trials involve hundreds or thousands of participants worldwide, providing the most extensive data on both safety and effectiveness in diverse populations. Regulatory agencies, such as the U.S. Food and Drug Administration (FDA), review and analyze the data from these phases to ensure that the vaccine meets the criteria for approval. They also consider the vaccine's impact on different demographics, including children, adolescents, adults, and the elderly, to account for potential variations in responses. Once a vaccine is deemed safe and effective, regulatory bodies may approve it for use in specific age groups. Public health agencies, such as the Centers for Disease Control and Prevention (CDC), work closely with regulatory authorities to establish guidelines for vaccine administration and monitoring for any unexpected reactions. Post-marketing surveillance is also crucial, tracking the safety of vaccines after they have been introduced into the market, ensuring that any rare but serious side effects are promptly reported and addressed. The process of vaccine approval is designed to balance the need for speed against the importance of thoroughness, often with expedited processes for life-threatening diseases. Nevertheless, the commitment to evidence-based decision-making ensures that all vaccines available to the public have undergone extensive testing and verification before being widely used. As public health initiatives continue to evolve, continuous monitoring and adaptation of vaccine policies will remain essential to safeguarding population health. This system of checks and balances has proven critical in controlling the spread of infectious diseases like polio, measles, and influenza. In conclusion, the journey from laboratory discovery to public vaccination is complex",400,True,62,0.8,0.95
news,P04,model,SmolLM3-3B,HuggingFaceTB/SmolLM3-3B,"Coral reefs, often called the ""rainforests of the sea,"" are facing unprecedented threats that are causing their decline at an alarming rate. The primary reason behind the death of coral reefs is climate change. Rising ocean temperatures due to global warming lead to coral bleaching, where corals expel the algae living in their tissues, turning them white and eventually killing them if conditions do not improve. This process occurs because the algae provide the corals with energy through photosynthesis, and when water temperature exceeds a critical threshold, this symbiosis breaks down. Another significant threat to coral reefs is ocean acidification. As the ocean absorbs more carbon dioxide from the atmosphere, its pH level decreases, making it harder for corals to build their calcium carbonate skeletons. This leads to weaker structures and reduced growth rates, further compromising reef health. Pollution from land-based activities, including runoff from agriculture, industrial waste, and sewage, also contributes to coral reef degradation. Nutrient overload can cause eutrophication, leading to algal blooms that block sunlight and reduce oxygen levels, negatively impacting coral survival. Overfishing is another key factor. When fish populations are depleted, it disrupts the natural balance of the ecosystem. Fish play crucial roles in maintaining the reef's health by controlling algae growth and preventing the dominance of harmful species. Tourism and coastal development pose additional challenges. Physical damage from anchors, boats, and construction activities, along with the introduction of invasive species, all contribute to the decline of coral reefs. The consequences of coral reef degradation are far-reaching. Coral reefs support over 25% of marine life and provide essential services such as shoreline protection, fisheries, and tourism. Their loss would have severe environmental impacts, including increased erosion, reduced biodiversity, and loss of livelihoods for communities reliant on these ecosystems. Efforts to protect coral reefs include international agreements like the Coral Reef Conservation Act in the United States and local initiatives focused on reducing pollution and protecting marine habitats. Research into coral resilience and restoration technologies offers hope for the future of these vital ecosystems. In conclusion, the decline of coral reefs is a pressing concern that demands immediate attention and action. Preserving these underwater treasures is crucial for maintaining the health of our planet's oceans and the countless species that depend on them.",377,True,73,0.8,0.95
news,P05,model,SmolLM3-3B,HuggingFaceTB/SmolLM3-3B,"A bill becomes a law through a series of legislative steps, beginning in Congress, the bicameral legislature of the United States. The process typically starts when a legislator introduces a bill into either the House of Representatives or the Senate. Once introduced, the bill is referred to a committee based on its subject matter, where it is thoroughly examined. Committees play a crucial role in shaping the bill, often amending it or recommending changes. After committee review, the bill is presented for debate and voting within the full chamber. If a majority votes in favor of the bill, it is sent to the other chamber for consideration, where similar processes occur. If both chambers approve the bill, they must pass it with identical language through a process known as ""concurrent resolution,"" ensuring that amendments are consistent across both houses. The approved bill is then sent to the President, the head of state. The president has several options regarding the bill: signing it into law, vetoing it, or allowing it to become law without a signature by pocketing the bill. If the President signs the bill, it becomes law immediately. However, if the President vetoes the bill, Congress can override the veto with a two-thirds vote in both the House and Senate. If this occurs, the bill is enacted as law despite the presidential objection. After a bill is signed into law or approved by overriding a veto, it enters the codification process. The U.S. Congress commissions the U.S. Government Printing Office (GPO) to compile all federal laws into the United States Code (USC). This comprehensive compilation organizes federal statutes by subject matter, making it easier for citizens, legal professionals, and government officials to find relevant information quickly. In conclusion, becoming a law is a meticulous process involving multiple stages from introduction to final approval and implementation. It underscores the importance of democracy and the checks and balances inherent in the system, ensuring that laws reflect the will of the people while adhering to constitutional principles.",335,True,82,0.8,0.95
opinion,P06,model,SmolLM3-3B,HuggingFaceTB/SmolLM3-3B,"The impact of social media on our society has been a subject of intense debate. While some argue that it brings us closer together, enabling global connectivity and access to information, others contend that it has a detrimental effect on our mental health and personal relationships. This essay seeks to explore whether social media does more harm than good. On one hand, social media provides unprecedented access to information and opportunities for connection. It allows us to share our experiences, learn from others, and connect with people who hold similar interests. Social media platforms have also proven to be vital tools in times of crisis, facilitating communication among emergency responders and affected communities. Moreover, they offer educational resources and career development opportunities, allowing individuals to showcase their talents and network with professionals across the globe. However, there is a growing body of evidence suggesting that excessive use of social media can lead to a range of negative outcomes. The constant stream of curated content and comparisons to others can erode self-esteem and foster feelings of inadequacy. The pressure to present a perfect image can lead to anxiety, depression, and decreased life satisfaction. Furthermore, social media can contribute to addictive behaviors, as users often find themselves mindlessly scrolling through their feeds rather than engaging in meaningful activities. Another concern is the erosion of face-to-face interaction. As we spend more time online, we may experience a decline in empathy and understanding due to the lack of nonverbal cues. This can exacerbate existing social divisions and make it harder to form deep, meaningful connections with those around us. Additionally, the spread of misinformation and harmful content on social media has become a significant concern. The viral nature of certain posts can lead to the rapid dissemination of false information, potentially causing real-world harm. This is particularly concerning when it comes to issues like political polarization, hate speech, and disinformation about scientific topics. In conclusion, while social media offers numerous benefits, its potential harms cannot be ignored. It is crucial that we approach social media with a critical eye, being mindful of its impact on our mental health and relationships. We should strive to maintain a balance between our online and offline lives, prioritizing face-to-face interactions and shared experiences over passive consumption of digital content. Ultimately, it is up to each individual to navigate the complexities of social media responsibly, making informed choices about",400,True,92,0.8,0.95
opinion,P07,model,SmolLM3-3B,HuggingFaceTB/SmolLM3-3B,"Remote work has been gaining significant traction as a viable solution for both employees and employers, particularly in recent years due to the COVID-19 pandemic. Advocates argue that remote work offers numerous benefits that can enhance productivity, improve work-life balance, and increase job satisfaction. Proponents also highlight the potential for reduced costs for businesses by minimizing the need for office space and overhead expenses. However, there are concerns about the effectiveness of remote work in maintaining effective communication and collaboration among team members. Critics point out that remote workers may struggle with feeling isolated, which could lead to decreased motivation and morale. Additionally, remote setups often require employees to have reliable internet access and personal workspaces, creating a barrier for those without these resources. Moreover, some argue that remote work can blur the lines between work and personal life, leading to overworking and burnout. It's essential to ensure clear boundaries and expectations for remote workers to maintain their well-being. Furthermore, companies must invest in appropriate tools and technologies to facilitate seamless communication and project management. On the other hand, many experts believe that remote work has the potential to revolutionize the modern workplace, allowing for more flexible and inclusive employment options. With the rise of digital tools like video conferencing software, cloud-based applications, and collaborative platforms, it's becoming increasingly feasible for teams to function effectively from anywhere. Ultimately, while remote work is not a silver bullet, it presents opportunities for innovation and growth. Employers and employees should carefully consider their needs and goals before transitioning to a remote work model. To make remote work successful, it requires a cultural shift within organizations, embracing new norms of interaction and support. This approach allows both parties to benefit from the advantages of remote work while mitigating its potential drawbacks. In conclusion, remote work can be a powerful tool that enhances the flexibility and efficiency of the modern workforce. As technology continues to advance, so too will the possibilities of remote work. However, its implementation should be approached thoughtfully, balancing the need for productivity with the importance of fostering strong connections and collaboration among team members. By doing so, companies can create a more dynamic and sustainable work environment that meets the evolving needs of their employees and stakeholders.",376,True,102,0.8,0.95
opinion,P08,model,SmolLM3-3B,HuggingFaceTB/SmolLM3-3B,"The debate over homework's place in education has been a contentious issue for decades, with proponents arguing that it enhances learning and detractors claiming it adds unnecessary stress to students. However, in my opinion, homework should be abolished in schools due to its negative impact on both academic development and overall well-being. Firstly, excessive homework can lead to burnout among students. By assigning too much homework, educators inadvertently impose a heavy workload that does not align with the individual needs and capabilities of each student. This can result in increased stress levels, decreased motivation, and even physical health issues like headaches and insomnia. In contrast, smaller amounts of homework could potentially provide a positive effect, but the current trend leans heavily toward assigning more assignments than necessary. Moreover, homework often leads to inequitable outcomes. Students from families with limited resources may not have access to adequate facilities or support for completing their homework, creating a significant disadvantage compared to those who do. This disparity can hinder their academic success, setting them up for future struggles without ever having had the opportunity to learn effectively. Additionally, there is evidence suggesting that homework may not contribute significantly to educational gains. A study by the University of Michigan found that ""students who spent less time on homework scored higher in math and reading tests."" This indicates that the relationship between homework and learning effectiveness might be overstated. Furthermore, the concept of homework itself is often misinterpreted as a measure of intelligence or dedication rather than a tool for improving knowledge. Students are often judged based on their ability to complete assignments, which can foster unhealthy competition and lower self-esteem, particularly if they struggle. Abolishing homework would allow for a shift in focus toward interactive and engaging learning environments that cater to diverse learning styles. In such settings, students can benefit from activities like group projects, debates, and problem-solving exercises that promote critical thinking and collaboration, all while encouraging a sense of responsibility and independence. In conclusion, while some might argue that homework helps students prepare for life beyond school, I believe that its benefits are outweighed by the costs. Schools should prioritize fostering curiosity, creativity, and a love for learning through alternative methods that encourage active participation and holistic growth. The time spent on homework could be better utilized in developing essential life skills and ensuring a balanced education. Ultimately, we must reconsider",400,True,112,0.8,0.95
opinion,P09,model,SmolLM3-3B,HuggingFaceTB/SmolLM3-3B,"In recent years, there has been a growing movement advocating for cities to ban private cars from their central areas. This debate stems from a variety of concerns related to urban sustainability, public health, and economic vitality. Cities around the world are grappling with issues such as congestion, air pollution, and social inequality, all of which can be exacerbated by the proliferation of personal vehicles in densely populated zones. Proponents of car-free city centers argue that eliminating private cars will significantly reduce traffic congestion. In crowded urban spaces, the presence of hundreds of individual vehicles can lead to gridlock, resulting in longer commutes, higher greenhouse gas emissions, and increased stress levels among commuters. By removing cars from central locations, cities can alleviate these problems, freeing up space for pedestrian-friendly infrastructure and promoting more sustainable transportation options like public transit, cycling, and walking. Additionally, banning private cars may have positive impacts on the environment. Cars are a major source of air pollution, contributing significantly to carbon dioxide emissions, particulate matter, and other harmful pollutants. By reducing the number of vehicles on the road, cities can improve air quality and mitigate the effects of climate change. Moreover, by prioritizing pedestrian and cyclist traffic, cities can encourage healthier lifestyles and reduce the incidence of lifestyle diseases associated with sedentary behavior. From an economic perspective, a car-free city center can also boost local businesses. With fewer cars competing for parking spaces and roadways, there is more opportunity for residents to engage with the physical environment and support nearby shops, restaurants, and services. This shift towards a more pedestrian-centric city can lead to increased foot traffic, which can benefit both small businesses and the broader economy. However, it's essential to consider potential drawbacks and challenges associated with implementing a car-free city center. Some individuals rely heavily on personal vehicles due to disability, age, or other mobility issues. Restricting access could potentially marginalize vulnerable groups who cannot easily switch to alternative modes of transport. Furthermore, cities must ensure that the transition plan includes adequate provisions for those who need cars, such as providing affordable alternatives and accessible public transport systems. In conclusion, the question of whether cities should ban private cars from their central areas is multifaceted, encompassing considerations of environmental impact, urban design, and social equity. While some cities are successfully embracing car-free initiatives, it is crucial to approach this policy change thoughtfully, ensuring that",400,True,122,0.8,0.95
opinion,P10,model,SmolLM3-3B,HuggingFaceTB/SmolLM3-3B,"In the ever-evolving landscape of art, the advent of artificial intelligence (AI) has brought forth a new wave of creative possibilities, challenging our traditional notions of what constitutes ""real"" art. While some might argue that AI-generated art lacks the human touch, others see it as a testament to the power of innovation and technology in pushing artistic boundaries. The debate surrounding AI art's legitimacy hinges on its ability to evoke emotion, spark imagination, and resonate with audiences. Artists like Refik Anadol and Oliver#%% create immersive experiences using AI algorithms that generate vibrant visuals, transforming galleries into dynamic spaces of wonder. These works highlight the unique potential of AI to explore abstract concepts and generate novel forms of expression. However, critics contend that AI lacks the nuance and intentionality inherent in human creativity. They question whether an algorithm can truly possess the subjective qualities that define art—such as emotional depth, cultural context, and personal experience. On the other hand, proponents argue that AI is merely amplifying the range of tools available to artists, much like how technological advancements have expanded the palette for traditional painters. In this view, AI acts as a collaborator rather than a rival. By analyzing vast amounts of data and generating patterns, AI can assist in the creation process, often speeding up the design phase. For instance, the use of AI in music composition has led to the emergence of genres like AI-generated pop songs, which have gained significant popularity despite initial skepticism. Moreover, AI can democratize access to art by enabling more people to create and appreciate it. With the help of AI tools, even those without formal training can produce visually striking pieces that challenge conventional norms. This accessibility could lead to a broader appreciation of art, fostering inclusivity and encouraging diverse perspectives. Despite these advantages, there remains the concern that AI-generated art might be perceived as less authentic due to its lack of human involvement. However, this perspective overlooks the transformative role that AI plays in redefining the notion of artistic originality. As we continue to push the boundaries of creativity, embracing AI-generated art as a legitimate form of expression allows us to expand the scope of human artistic endeavors. In conclusion, while AI art may raise questions about its status as ""real"" art, it represents a vital evolution in the art world, blending human creativity with technological innovation. Its potential to influence, inspire,",400,True,132,0.8,0.95
review,P11,model,SmolLM3-3B,HuggingFaceTB/SmolLM3-3B,"I recently purchased a pair of mid-range wireless headphones from an online store, and I'm quite pleased with my purchase. These headphones offer a good balance between sound quality and affordability, which is exactly what I was looking for in a new pair to complement my growing music collection. The product arrived promptly and in perfect condition, so that's already a plus. The user interface on these headphones is straightforward, allowing me to easily adjust volume, switch between mono and stereo modes, and pause my music. The physical design is sleek and comfortable to wear for extended periods, making it ideal for both casual listening sessions and more demanding activities like running or biking. In terms of sound quality, the headphones deliver crisp and clear audio with a nice bass presence. However, I found that the high-frequency response could sometimes be a bit shrill, especially when listening to live recordings or classical music. Still, overall, the audio performance is satisfactory for my needs, which are primarily focused on streaming popular music. One minor concern I had was regarding the battery life. These headphones have a decent 8-hour charging time, but given how often I tend to use them during the day, I found myself needing to recharge more frequently than anticipated. This might be due to the noise-cancelling feature, which can drain the battery faster if used extensively. It's something to keep in mind if you plan on using them as your primary device for commuting or other long trips. Despite these minor drawbacks, I've grown accustomed to using these headphones as my go-to wireless earbuds. Their connectivity is solid, and they work well with most devices. The price point is reasonable considering their features, and I feel like I got a good value for my money. Lastly, I've had no issues with the warranty or return policy, which adds another layer of confidence to this purchase. In summary, the mid-range wireless headphones meet my basic requirements and provide a decent auditory experience. If you're looking for something in the middle ground between entry-level and premium options, these would be an excellent choice.",353,True,142,0.8,0.95
review,P12,model,SmolLM3-3B,HuggingFaceTB/SmolLM3-3B,"Tucked away in the heart of downtown lies a gem that many locals have come to cherish - Il Bello, a charming family-run Italian restaurant that has captured hearts with its warm ambiance and exceptional cuisine. As you step into Il Bello, you're immediately enveloped by the cozy atmosphere, dimmed lights, and the sweet scent of fresh garlic wafting through the air. The decor is a blend of rustic charm and modern elegance, reflecting the warmth and hospitality of a home-cooked meal. The dining experience at Il Bello is a true delight. The staff is welcoming and attentive, ensuring that each guest feels like family. From the moment you sit down, the pasta station beckons, with its array of fresh, hand-tossed pastas and sauces made on-site. The chef's signature dishes are a highlight, featuring traditional Italian favorites like bolognese and carbonara, all crafted with love and precision. For those seeking something lighter, the vegetarian options, including a zesty caprese salad, offer a refreshing change of pace. Desserts at Il Bello are just as remarkable. The chocolate lava cake is a must-try, with molten center oozing over a bed of brownies, while the tiramisu, made with layers of coffee-soaked ladyfingers and creamy mascarpone cheese, is a velvety treat that leaves a lasting impression. Il Bello's menu also caters to diverse dietary needs, making it an inclusive spot for families and friends of varying tastes. Whether you're looking for a romantic dinner date or a celebratory gathering with loved ones, this restaurant offers a unique culinary adventure. In a city bustling with fast food chains, Il Bello stands out as a beacon of tradition and quality. Its commitment to using only the freshest ingredients and preserving authentic Italian techniques ensures that every dish served is a testament to the rich culinary heritage of Italy. With its warm and inviting environment, Il Bello has become a favorite among diners, making it an essential stop for anyone visiting or residing in downtown. In short, if you find yourself in need of a delightful Italian experience, look no further than Il Bello, a true haven where the flavors of home meet new adventures.",358,True,152,0.8,0.95
review,P13,model,SmolLM3-3B,HuggingFaceTB/SmolLM3-3B,"The Samsung Galaxy S21 FE is a compact yet impressive option for those seeking a budget-friendly smartphone without sacrificing much in performance, especially when it comes to essential features like battery life and camera quality. Priced competitively at around $200, the Samsung Galaxy S21 FE offers an impressive screen size of 6.1 inches with a resolution of 1080p, which provides clear text and vibrant images for everyday use. Its 4GB RAM and Snapdragon 778G chipset are sufficient for multitasking, streaming, and basic gaming, making it well-suited for college students, professionals on a tight budget, and those looking for a phone that can handle multiple apps at once. One standout feature of this phone is its battery. With a 4000mAh capacity and a 10W fast charging support, the Samsung Galaxy S21 FE ensures hours of talk and internet browsing time before needing a recharge. This combined with its energy-efficient design makes it ideal for daily usage, reducing the need for frequent charging during the day. Regarding the camera, the 12MP triple rear camera setup is commendable for its image quality and versatility. The 25mm wide-angle lens captures wide shots, while the telephoto lens allows for zooming into details, and the ultra-wide lens provides a striking field of view. Front-facing 8MP selfie camera adds to the phone's overall appeal for social media users and video calls. The AI-powered Dual Camera modes offer advanced features such as Night mode, Portrait mode, and Soft Shadow Mode, ensuring sharp, well-lit photos even in low light conditions. This camera performance makes the Galaxy S21 FE a compelling choice for photography enthusiasts who don't want to splurge on a flagship model. In addition to its camera prowess, the phone supports 5G connectivity, Wi-Fi 5, Bluetooth, GPS, and NFC. With Android 11 pre-installed, it runs smoothly on a daily basis thanks to its efficient processor and ample RAM. The user interface is clean and intuitive, aligning with Samsung's approach to user-friendliness. While the Samsung Galaxy S21 FE may lack the highest-end specs found in flagship models, it's a worthy alternative for those prioritizing great battery life, solid camera performance, and an affordable price. It offers a good balance of functionality and affordability, making it a solid choice for students, professionals, and casual users looking for something dependable and powerful within their budget.",384,True,162,0.8,0.95
review,P14,model,SmolLM3-3B,HuggingFaceTB/SmolLM3-3B,"I recently had an amazing weekend in the beautiful city of [City Name], staying at the Hotel [Hotel Name]. It was a perfect choice for our city trip, offering a mix of comfort and luxury that met all our expectations. From the moment we arrived, the hospitality team greeted us warmly and provided comprehensive check-in information. Our room was spacious and beautifully decorated, with modern furnishings and stunning views of the city skyline from our window. The plush bed, comfortable pillows, and soft bedding made us feel like royalty, even during our restful evenings. We were impressed by the extensive amenities available at the hotel, including a state-of-the-art gym with a wide range of equipment, a well-stocked pool area with a water slide, and a rooftop terrace perfect for sunset views and cocktail gatherings. The hotel also offered a delicious array of dining options, from fine dining restaurants to casual eateries serving tempting street food. We tried the restaurant's signature dish, which won our hearts, and enjoyed several snacks and drinks throughout our stay. One of the highlights of our trip was exploring the city on foot, thanks to the hotel's convenient location near major attractions and public transportation hubs. We had no trouble navigating the streets, thanks to clear signage and helpful directions from the staff. The hotel's proximity to the city center made it easy for us to visit famous landmarks, museums, and art galleries without feeling rushed or overwhelmed. Overall, our stay at the Hotel [Hotel Name] was nothing short of exceptional. From top-notch service and luxurious accommodations to a plethora of activities and dining options, it exceeded our expectations in every way. I highly recommend this hotel to anyone looking for a fantastic place to stay during their next city trip. As we packed up to leave, we couldn't help but feel grateful for our memorable stay at the Hotel [Hotel Name]. [City Name] is truly a gem, and I can't wait to return and experience more of its vibrant culture and exciting adventures. Thank you, Hotel [Hotel Name], for making our weekend so unforgettable!",349,True,172,0.8,0.95
review,P15,model,SmolLM3-3B,HuggingFaceTB/SmolLM3-3B,"I recently finished ""The Last Wish of the Eldrid"" by Eira Thorn, a captivating fantasy novel that masterfully blends intricate world-building with gripping storytelling. The book takes place in a realm where magic is fueled by memories, and the fate of the land hangs precariously on the balance of human and elven histories. Eira Thorn expertly constructs a rich tapestry of cultures, each with their own unique customs and struggles, making the world feel lived-in and immersive. The protagonist, Lyra, begins as an unlikely hero, driven more by curiosity than conviction. Her journey to uncover the truth about her family's past leads her down dark alleys and treacherous paths, often forcing her to confront personal demons she never knew existed. Lyra's development is well-paced, allowing readers to see her grow into a formidable leader without feeling rushed. Along the way, she encounters a diverse cast of characters, some of whom become close friends and others who challenge her beliefs, adding layers of complexity to the narrative. One of the novel's standout features is its exploration of memory and identity. By weaving together historical events and personal experiences, Thorn delves into themes that resonate deeply within readers. These themes are expertly interwoven, creating a story that is both action-packed and emotionally resonant. The plot twists keep the reader engaged, as Lyra's decisions have significant consequences for both herself and the broader world. While ""The Last Wish of the Eldrid"" has a slow start, it quickly gains momentum, maintaining a steady flow of suspense and intrigue. The author's vivid descriptions help paint a detailed picture of the world, which is essential for immersing readers into this unique fantasy universe. Fans of epic fantasy will find much to enjoy here, especially those looking for a compelling story that explores themes of heritage, sacrifice, and the complexities of friendship. In conclusion, ""The Last Wish of the Eldrid"" is a must-read for fantasy enthusiasts who appreciate thought-provoking narratives and complex characters. It stands out as a stellar example of how magic can be woven into the very fabric of a story, shaping a world where every decision matters and the stakes are higher than life itself. The ending, though bittersweet, leaves a lasting impression, encouraging readers to ponder the choices they would make in Lyra's shoes. With its engaging plot, memorable characters, and philosophical undertones, this novel is a rewarding read that I wholeheartedly recommend.",400,True,182,0.8,0.95
story,P16,model,SmolLM3-3B,HuggingFaceTB/SmolLM3-3B,"Eleanor lived in a small coastal village where the sea was her constant companion. She had been the lighthouse keeper for over two decades, guiding ships safely through treacherous waters. Her days were filled with the rhythmic sound of the light's turning, the creaks of the wooden beams, and the cry of seagulls overhead. But on this particular evening, something unusual awaited her. A mysterious letter arrived at the lighthouse, unannounced and unsigned. It was an old-style envelope, yellowed by time, with intricate patterns of knots and links adorning its surface. The postmark, however, was unfamiliar and bore a strange emblem that Eleanor couldn't identify. Intrigued yet wary, she opened it, and inside found a single, cryptic message scrawled on parchment: ""The truth will be revealed when the stars align."" Eleanor debated whether to show it to anyone, fearing ridicule or worse. Instead, she decided to keep it hidden, intrigued by the mysterious sender and their hint at a larger truth. The next night, she observed the night sky more closely than usual, searching for any pattern that might relate to the message. As the stars began to shift and twinkle across the velvet blackness, Eleanor felt an inexplicable shiver run down her spine. She returned to the letter, re-reading the enigmatic words. Perhaps there was more than met the eye in this simple, intriguing message. The stars did indeed hold many secrets, whispers of ancient knowledge and forgotten lore that had shaped the world since its beginnings. Could this letter bridge the gap between the past and the present? Eleanor's thoughts were interrupted by the sudden click of the lighthouse's light as it rotated to the next position. The beam's path illuminated the surrounding ocean, casting a cold blue glare over the waves. She felt a connection to the vast expanse around her, as if the stars were speaking directly to her, guiding her towards the truth embedded within the mysterious letter. As the hours passed, Eleanor pondered the possibilities, her mind racing with speculations. Was she being tested? Isolated? Or perhaps the message was a warning, a call for vigilance amidst the ever-changing tides of life? Whatever the case, Eleanor knew one thing for certain - this enigmatic letter had altered her perspective on the mysteries that lay both above and below the horizon. The stars continued their dance, each point of light piercing the darkness, revealing hidden",400,True,192,0.8,0.95
story,P17,model,SmolLM3-3B,HuggingFaceTB/SmolLM3-3B,"As the sun dipped below the horizon, casting a warm orange glow over the quaint streets of Willow Creek, the residents gathered in front of the town's central park. The air was alive with the sweet scent of blooming lilacs and the gentle hum of cicadas. Children laughed as they chased fireflies, their faces aglow with excitement. Adults sipped lemonade and shared stories of the year's adventures. Amber waves of twilight turned into a shimmering silver as the stars began to peek through the canopy of trees. In the distance, the chimes of the old church towered above the town hall, a reminder that the end of summer meant a new beginning for many. Families decorated their front yards with bright red, white, and blue streamers, symbolizing hope and prosperity. In the heart of the town square, a vibrant carnival had taken center stage. The smell of popcorn and cotton candy wafted through the crowd, enticing passersby to indulge in the indulgences of summer. Amidst the colorful tents and twinkling lights, an old wooden carousel spun slowly, its horses dancing gracefully to the rhythm of wind chimes. As night deepened, the stars became bolder, casting silver pools across the landscape. In one corner of the square, a small group of friends sat on a bench, sharing secrets and memories of summer days past. They marveled at the beauty around them, the way the town seemed to take on a new dimension under the silvery moonlight. Then, it happened – the first snowflake fluttered down, landing gently on the tip of a rose petal. A collective gasp filled the air. In the instant before dawn, the last remnants of summer vanished, leaving behind a hush of wonderment and the promise of autumn's arrival. As the last traces of sunlight faded, the townsfolk dispersed, each carrying a piece of the summer's bounty with them. The town square lay serene under the pale light of morning, the stars now far behind, setting the stage for the changing seasons. In this moment, surrounded by the familiar rhythms and scents of home, the people of Willow Creek felt a profound connection to the land and time, the end of summer marking the beginning of something new yet intimately tied to what had been. And so, beneath the whisper of the breeze, they drifted off to sleep, dreaming of the adventures that awaited them in the",400,True,202,0.8,0.95
story,P18,model,SmolLM3-3B,HuggingFaceTB/SmolLM3-3B,"In the heart of Silicon Valley, nestled among the gleaming skyscrapers and bustling streets of San Francisco, lay the humble abode of Professor Emilia Hartman. She was a renowned robotics engineer, specializing in artificial intelligence, but her true passion was cooking. Her latest creation, an android named Zephyr, stood before her, its shiny metal body reflecting the warm glow of the kitchen lights. It had been weeks since Zephyr's introduction into human life, but it was still figuring out the intricacies of Earth's culinary arts. Emilia watched as Zephyr moved towards the kitchen counter, its robotic arms grasping a stainless steel utensil set. ""Alright, Zephyr, let's start with the basics,"" she said, her voice filled with both excitement and patience. ""First, we need to gather our ingredients. Can you open the fridge?"" Zephyr, after a moment of consideration, pressed a series of buttons on a small device attached to its wrist. The refrigerator door slowly creaked open, revealing a colorful array of vegetables, fruits, and spices. Zephyr's mechanical fingers delicately picked up a ripe avocado, a handful of fresh basil leaves, and a sprig of parsley. ""Next, we need to wash everything,"" Emilia instructed. Zephyr's eyes scanned the space as if searching for an appropriate method, then proceeded to approach the sink. It lifted a sponge, dipped it into the running water, and began scrubbing each ingredient until they were squeaky clean. ""Now, let's chop the vegetables,"" Emilia said. Zephyr looked puzzled for a brief second before understanding the task at hand. It approached the countertop, using its precise movements to cut the carrots, cucumber, and bell peppers into manageable pieces. The knife glinted against the counter surface, creating a symphony of precision. After assembling the chopped vegetables, Zephyr presented them to Emilia for inspection. ""This looks good,"" she praised. ""Now, let's move on to the sauce."" Zephyr nodded in agreement and fetched a jar of marinara sauce from the pantry. It expertly opened the jar, poured some onto a plate, and set it aside. With all components ready, Emilia called for the oven. ""Zephyr, please preheat the oven to 375 degrees Fahrenheit."" Zephyr followed the instruction with a series of mechanical nods, adjusting the temperature dial on the wall-mounted stove. Soon, a timer began ticking away. As the oven heated, Emilia turned her attention to the roasting pan where the prepared vegetables would go. She arranged them in a",400,True,212,0.8,0.95
story,P19,model,SmolLM3-3B,HuggingFaceTB/SmolLM3-3B,"Emily pushed the button for her floor, hoping that the doors would slide open soon. She had been stuck in this elevator for nearly forty minutes now, and her nerves were on edge. The elevator groaned, then jolted forward, but she remained where she was, feeling helpless and alone. Suddenly, a voice broke through the silence. ""Hi, I'm Sarah,"" said a woman who was standing next to Emily, looking around with wide eyes. Emily was taken aback. It wasn't every day you met someone in an elevator like that. ""I'm Emily,"" she replied, trying to compose herself. The elevator lurched again, making them both sway slightly. ""I don't know how long we're going to be here."" Sarah smiled, a warm, genuine smile. ""Me neither. I think we should start a conversation. Maybe we can make the time pass more easily?"" Emily hesitated for a moment before agreeing. ""Sure, why not? We've got nothing better to do anyway."" They chatted about everything and nothing as the elevator moved slowly upward. They learned that Emily worked at a nearby office building, while Sarah was visiting from another city. As they talked, their initial nervousness began to fade. It turned out they shared a love for reading and were both fans of mystery novels. As they reached the top floor, the doors opened and bright sunlight flooded into the cramped space. Emily felt a pang of relief. But before she could get off, Sarah called out, ""Let's just stick around for a bit. The air feels a little fresh outside."" Emily agreed, and they stepped out into the hallway together. The sun shining down on them made them both feel alive. They exchanged smiles and laughed at their earlier predicament. In that moment, Emily realized that sometimes the best things in life come from the most unexpected places – even when it's an elevator ride with a stranger. As they headed back to the elevator to go down, Emily looked at Sarah, feeling grateful for the connection they'd formed. ""Thanks for sticking around,"" she said, smiling. ""Anytime,"" Sarah replied, matching her smile. ""It was nice meeting you."" And with that, Emily walked away, feeling lighter and happier than she had all day. She turned back just as the elevator door was closing, waving at Sarah before heading home, the memory of their elevator ride already beginning to shape her outlook on the world.",400,True,222,0.8,0.95
story,P20,model,SmolLM3-3B,HuggingFaceTB/SmolLM3-3B,"In a quaint little town nestled between rolling hills and dense woods, lived a curious child named Mia. She was known for her insatiable curiosity and her ability to see the extraordinary in the ordinary. One sunny afternoon, while exploring the abandoned house on the corner of Elm Street, she stumbled upon something extraordinary—a door that had never been there before. As she stepped closer to the door, which appeared as if it had grown from the very earth itself, Mia's eyes widened with wonder. The door was made of dark wood with intricate carvings that seemed to tell stories of ancient times. There was no sign of where it came from or how it appeared suddenly in their quiet neighborhood. But the door seemed to pulse with a gentle, warm glow, and a faint humming noise filled the air around it. Mia felt an overwhelming urge to open the door despite the lingering sense of fear. Her heart pounded in excitement as she grasped the rusted doorknob and turned it. To her astonishment, the door swung open with a soft creak. A bright, golden light spilled out, illuminating the dark interior. Mia cautiously stepped inside, her eyes adjusting slowly to the brightness. Inside, the room was dimly lit, with tall shelves lined with books that seemed to shimmer like stars. In the center stood a large, ornate table with a piece of paper and a quill pen, as if waiting for someone to continue their writing. On a nearby shelf, there was a small, leather-bound book with a strange symbol embossed on its cover. As Mia approached, the symbol seemed to shift, revealing an image of herself standing beside the door she had just entered. Suddenly, a voice spoke, echoing through the room. ""Welcome, dear traveler. You have found the threshold between worlds."" Mia's breath caught. ""Who are you?"" ""I am the guardian of this hidden path,"" the voice replied. ""You have been chosen by fate to pass through here."" With that, the room began to vanish, replaced by a kaleidoscope of colors and shapes that twirled around Mia. She felt weightless, as if floating above the ground. Her vision became blurred, but the door, still glowing softly, remained a beacon in her mind. When the colors faded away, Mia found herself back at the door. It was still there, awaiting her next move. The voice called again, ""Remember",400,True,232,0.8,0.95
howto,P21,model,SmolLM3-3B,HuggingFaceTB/SmolLM3-3B,"To make a simple homemade pizza from scratch, start by preparing your ingredients. For the dough, you will need flour, yeast, warm water, salt, and olive oil. Mix together 1 cup of warm water, 1 packet of dry yeast, and 4 cups of all-purpose flour in a large bowl until combined. Add a pinch of salt and mix until the dough begins to come together. Knead the dough for about 10 minutes on a floured surface until it is smooth and elastic. Cover the dough with a clean cloth and let it rest in a warm place until it doubles in size, approximately one hour. Next, prepare your sauce. You can use a pre-made marinara sauce or make your own by sautéing diced tomatoes, garlic, onion, and herbs like basil and oregano until softened. Season with salt, pepper, and red pepper flakes if desired. Spread a thin layer of sauce over the risen dough, leaving some space around the edges. For the toppings, choose your favorite ingredients such as cheese (mozzarella is traditional), sliced vegetables like bell peppers, onions, tomatoes, olives, and mushrooms, and meat like pepperoni or sausage. You can also add spices like chili powder, garlic powder, or Italian seasoning to your sauce for extra flavor. Preheat your oven to 475°F (246°C) and sprinkle some cornmeal on a baking sheet to prevent the pizza dough from sticking. Take your prepared dough and stretch it into a round shape, roughly 12 inches in diameter. Carefully transfer the dough onto the cornmeal-covered baking sheet. Add your chosen toppings evenly across the pizza, ensuring they are spread out but not overlapping. Place the pizza in the oven and bake for about 15-20 minutes, or until the crust is golden brown and the cheese is melted and bubbly. Let the pizza cool slightly before slicing and serving. Finally, enjoy your homemade pizza with friends or family, or enjoy it as a solo meal. This simple yet delicious dish allows for endless variations, making each pizza unique to your taste. As you take a bite, savor the combination of flavors and textures in your homemade pizza. Complete sentence: Enjoy your homemade pizza with its rich, cheesy taste and crispy crust as you reflect on the joy and satisfaction that comes from creating something so delicious and personal from scratch.",386,True,242,0.8,0.95
howto,P22,model,SmolLM3-3B,HuggingFaceTB/SmolLM3-3B,"Setting up a basic weekly budget is essential for managing your finances as a student, especially when balancing academic responsibilities with personal expenses. Here's a step-by-step guide to help you create an effective weekly budget: Start by gathering all your income sources, such as part-time jobs, scholarships, or financial aid. Next, make a list of all your fixed expenses, including tuition, living costs, transportation, and any other recurring payments. Fixed expenses are those that occur regularly and do not change significantly, like rent or car payments. After listing fixed expenses, consider your variable expenses, which vary in amount from week to week, such as groceries or entertainment. To ensure accuracy, categorize your expenses into groups like food, housing, transportation, utilities, clothing, and savings. This helps in understanding where your money goes and ensures no significant expense is overlooked. You can use a spreadsheet, paper notebook, or budgeting apps to organize your data effectively. Next, calculate your net income by subtracting all your expenses from your total income. This will give you a clear picture of your disposable income—money left after covering necessary expenses. A common rule of thumb is to allocate at least 20-30% of your net income towards savings for emergencies and long-term goals like college education or starting a business. Now, distribute your remaining budget based on your priorities. For instance, if you want to save for a trip, allocate funds accordingly. It’s also wise to set aside some money for unexpected expenses. Remember, it's better to have a small cushion than run out of funds unexpectedly. Review your budget every month and adjust as needed. Life as a student can be unpredictable, so flexibility is key. Track your spending habits over time to refine your budget. Consider any changes in income or expenses and revise your plan accordingly. Regularly updating your budget will keep you on track financially and reduce stress. In conclusion, a well-planned weekly budget can greatly enhance your financial stability and freedom during your student years. By staying organized and adaptable, you can enjoy the present while preparing for future opportunities.",347,True,252,0.8,0.95
howto,P23,model,SmolLM3-3B,HuggingFaceTB/SmolLM3-3B,"To start running as a complete beginner, begin by assessing your current fitness level and setting realistic goals. It's essential to start slow and gradually build up your endurance. Begin by walking for 5 minutes and then add short runs of 1-2 minutes, interspersed with walking breaks. This will help your body adapt to the demands of running. Initially, choose a flat and safe location, such as a park or a track, where you can avoid obstacles and hazards. Invest in a good pair of running shoes to provide proper support and comfort. You should be able to feel them snug but not too tight. Start with two runs per week, increasing the frequency as your stamina improves. On your first run, focus on maintaining a consistent pace rather than trying to go fast. Keep your posture upright and your head looking straight ahead. Try to breathe deeply through your nose and exhale through your mouth. Listen to your body and rest if you need to. The next step is to increase the length of your runs by no more than 10% each week. For example, if you ran 5 minutes last time, this time you could aim for 5.5 minutes. As your endurance grows, progress to longer runs while ensuring that you don't overdo it. Rest days are crucial for muscle recovery and preventing injuries. It's also important to incorporate strength training into your routine. Focus on exercises like squats, lunges, and leg press to strengthen your legs and core. Strengthening these areas will improve your stability and reduce the risk of injury. Finally, listen to your body and adjust your routine as needed. If you experience pain or discomfort, stop immediately and seek medical advice. Remember that consistency and patience are key when starting out. With dedication and persistence, you will become a regular runner who enjoys the benefits of physical activity. By following this structured approach, you will be well on your way to developing a healthy and sustainable running habit. The journey may seem challenging initially, but every small improvement counts towards achieving your long-term goal of becoming a confident and skilled runner. Stay motivated and keep pushing forward. In conclusion, starting to run as a complete beginner requires commitment, patience, and a gradual progression from walking to running. By establishing a consistent routine, focusing on form and technique, and incorporating strength training, you can successfully",400,True,262,0.8,0.95
howto,P24,model,SmolLM3-3B,HuggingFaceTB/SmolLM3-3B,"Photosynthesis is like a magical process that plants use to make their own food. Imagine you're on a sunny day, standing in a park with tall trees around you. These trees are doing something amazing without even trying! First, let's talk about what happens inside a leaf, which is the green part of the plant. In the middle of the leaf, there are special cells called chloroplasts. Inside these cells, there's a tiny molecule called chlorophyll. This molecule is what gives leaves their green color and helps them do photosynthesis. Now, here's where it gets interesting. During the day, when sunlight shines down, the chlorophyll molecules start working magic. They take in sunlight, water, and carbon dioxide from the air. The sunlight acts like energy, the water is like the fuel, and the carbon dioxide is like the building blocks they need. The chlorophyll molecules use this energy to combine the water and carbon dioxide into a new type of sugar called glucose. Glucose is a simple sugar that gives the plant the energy it needs to grow and thrive. Think of it as the plant's snack bar! It's also important because the plant can use it to produce other things it needs, like proteins and other sugars. But here's the coolest part: the plant uses this glucose to build itself up. As the glucose moves through the plant, it goes to different parts, like stems, roots, and flowers. Some of it gets stored for later use, but most of it is used right away to help the plant grow and make more glucose. So, in summary, photosynthesis is like a solar-powered kitchen in a plant's leaf. It takes in sunlight, water, and carbon dioxide and makes glucose, which the plant can then use for energy and growth. And that's why plants can live without eating other living things – they make their own food using the sun!",318,True,272,0.8,0.95
howto,P25,model,SmolLM3-3B,HuggingFaceTB/SmolLM3-3B,"Preparing for a job interview requires careful planning and attention to detail. Here's a step-by-step guide to help you prepare in just one week: **Week 1: Research the Company** Start by researching the company thoroughly. Visit their official website, review recent news articles, and explore their social media profiles. This will give you a good understanding of their mission, values, and culture. Knowing this information allows you to tailor your responses and showcase your alignment with their goals. **Week 1: Review Your Resume** Go over your resume to ensure it is up-to-date and highlights relevant skills and experience. Consider writing a brief summary that showcases your achievements and explains why you are interested in the position. This can help you remember key points during the interview. **Week 2: Practice Common Interview Questions** Prepare answers to common interview questions such as ""Why do you want to work here?"" or ""What are your strengths and weaknesses?"" Use the STAR method (Situation, Task, Action, Result) to structure your responses effectively. Practice these responses with a friend or record yourself to improve confidence and clarity. **Week 2: Prepare Questions to Ask** Prepare thoughtful questions to ask the interviewer about the company, role, or team. These questions demonstrate your interest in the position and willingness to learn more. Examples include asking about the company's growth plans or the team's approach to challenges. **Week 3: Dress for Success** Make sure your wardrobe is suitable for the company culture and the type of job you're applying for. Dress professionally but also consider the work environment. Choose clothes that are comfortable yet polished. **Week 3: Plan Your Travel** If applicable, plan your travel to the interview location. Check the weather forecast, find transportation options, and pack accordingly. Ensure you have any necessary items such as a jacket, umbrella, or extra shirt. **Week 4: Finalize Your Follow-Up** Write a thank-you note or email to the interviewer after the interview expressing gratitude for the opportunity and reiterating your interest in the role. This shows appreciation and professionalism. In conclusion, thorough preparation and attention to detail are crucial for success in a job interview. By dedicating time each day to research the company, reviewing your resume, practicing responses, and preparing thoughtful questions, you'll be well-prepared to make a strong impression. Remember to dress appropriately, plan your travel, and follow up with a thank-you note or email. Good luck!",397,True,282,0.8,0.95
news,P02,model,Mistral-7B-Instruct-v0.3,mistralai/Mistral-7B-Instruct-v0.3,"Title: Understanding Inflation: A Simple Explanation Inflation, in economic terms, is a steady increase in the general price level of goods and services over time. It's like watching your favorite candy bar cost a few cents more each year. But why does this happen? Let's break it down into simpler terms. Imagine a city with ten bakeries that sell bread. If one bakery decides to raise its bread price, other bakeries might follow suit to maintain profit levels. This competition leads to a rise in the average bread price across the city – that's supply and demand at work. Now, consider what happens when the city grows and more people move in. Suddenly, there are more people buying bread, but the number of bakeries remains the same. To meet the increased demand, bakeries may need to hire more workers, buy more ingredients, or expand their facilities – all of which cost money. To cover these additional costs, they might choose to increase their bread prices again. And that's how inflation can start. Another factor affecting inflation is an increase in the cost of production due to rising wages, higher taxes, or increased raw material prices. For instance, if the government increases taxes on businesses, those businesses may pass on the additional cost to consumers through higher prices. On a larger scale, inflation can also be influenced by monetary policies. Central banks control the money supply in an economy. When they print more money (a process called quantitative easing), there is more cash circulating, which can lead to increased spending and, ultimately, inflation. Conversely, reducing the money supply can help lower inflation rates. It's essential to understand that some inflation is normal and even beneficial as it allows for economic growth. However, when inflation becomes too high, it can erode purchasing power, leading to economic instability. In conclusion, inflation occurs primarily due to changes in supply and demand, increases in production costs, and monetary policies. By staying informed about these factors, we can better navigate the complex world of economics and make more informed decisions about our personal finances.",348,True,52,0.8,0.95
news,P03,model,Mistral-7B-Instruct-v0.3,mistralai/Mistral-7B-Instruct-v0.3,"Title: The Approval Process of Vaccines Before Public Use Vaccines, critical tools in the battle against infectious diseases, undergo a meticulous and rigorous approval process before they can be administered to the general public. This multi-step procedure ensures the safety, efficacy, and quality of vaccines, safeguarding public health. The journey begins with preclinical research, where vaccines are tested on cells and animals to assess their potential to stimulate an immune response without causing harm. Once promising results are achieved, vaccine developers apply for Investigational New Drug (IND) approval from the Food and Drug Administration (FDA) in the United States. This allows them to start clinical trials on human volunteers. Clinical trials are divided into three phases. Phase I trials test the vaccine on a small group of healthy volunteers, focusing on safety and dosage. Phase II trials involve a larger number of participants, including those at higher risk of contracting the disease, to evaluate the vaccine's efficacy and side effects further. Phase III trials involve thousands of participants from various regions to confirm the vaccine's efficacy, monitor its safety in different populations, and compare it with current treatments, if any. If the vaccine proves effective and safe during clinical trials, developers apply for Biologics License Application (BLA) or New Drug Application (NDA) to the FDA. The FDA reviews the application, considering factors such as the quality and integrity of the manufacturing process, the results of clinical trials, and the potential risks and benefits of the vaccine. If approved, the vaccine is added to the list of approved vaccines in the United States. In addition to the FDA, international organizations such as the World Health Organization (WHO) and European Medicines Agency (EMA) also play crucial roles in vaccine approval, ensuring that vaccines meet global standards of safety and efficacy. It is essential to note that even after approval, vaccine safety continues to be monitored closely through post-marketing surveillance. Adverse events following immunization (AEFI) are reported to health authorities, and if concerns arise, additional studies may be conducted to investigate further. In conclusion, the approval process of vaccines is designed to protect public health by ensuring vaccines are safe, effective, and of high quality before they are made available to the public.",370,True,62,0.8,0.95
news,P04,model,Mistral-7B-Instruct-v0.3,mistralai/Mistral-7B-Instruct-v0.3,"Title: The Decline of Coral Reefs: A Global Crisis and Its Implications In the vibrant underwater world, coral reefs stand out as some of the most biologically diverse and visually stunning ecosystems on Earth. However, these critical habitats are facing an unprecedented crisis, with more than half of all coral reefs threatened with imminent destruction. The primary cause behind this calamity is climate change. Rising sea temperatures due to global warming induce coral bleaching, a stress response where corals expel the algae living in their tissues—symbiotic organisms essential for their survival. Warmer water also leads to ocean acidification, making it more difficult for corals to build and maintain their calcium carbonate skeletons. Another significant factor contributing to coral reef degradation is pollution. Nutrient-rich runoff from agriculture and industry creates harmful algal blooms that choke out corals and other marine life. Plastic waste and chemical pollutants further harm these delicate ecosystems. Human activities beyond pollution also pose threats. Overfishing depletes fish populations that help control algae growth, allowing them to overrun coral reefs. Destructive fishing practices like blast fishing and cyanide fishing further damage the reefs themselves. Tourism can lead to habitat degradation through careless activities such as touching corals or dropping anchors directly onto them. So, what does the demise of coral reefs mean? For one, it impacts biodiversity. Coral reefs provide shelter and food for around 25% of all marine species. Their loss would trigger cascading effects throughout the food chain, potentially leading to extinctions of numerous species. Moreover, coral reefs serve as natural barriers protecting coastlines from storm surges and wave action, reducing damage during extreme weather events. By estimations, coral reefs save an estimated $375 billion per year in coastal protection services worldwide. Without them, coastal communities face increased vulnerability to storms and flooding. Finally, coral reefs contribute significantly to our economy through tourism, fishing, and pharmaceutical research. According to the World Resources Institute, the global economic value of coral reefs was estimated at $30 billion annually in 2018. Losing these vital ecosystems would have far-reaching consequences for both ecosystems and economies worldwide. In conclusion, preserving coral reefs requires concerted efforts from individuals, governments, and industries to reduce greenhouse gas emissions, decrease pollution, promote sustainable fishing practices, and manage tourism responsibly. The fate of these irreplaceable treasures of the ocean—and indeed, the health of our planet—hangs in the balance.",392,True,72,0.8,0.95
news,P05,model,Mistral-7B-Instruct-v0.3,mistralai/Mistral-7B-Instruct-v0.3,"Title: ""The Journey from Bill to Law: Understanding the Legislative Process"" In the intricate web of governance, the transformation of a bill into a law is a meticulous process that involves multiple steps. This journey illuminates the democratic principles of representation and deliberation at the heart of a nation's legislature. The first step begins in either the House of Representatives or the Senate, where a member of Congress introduces a bill as a proposed piece of legislation. The bill may address a wide range of topics, from healthcare reform to infrastructure development, and each bill is assigned a unique number for identification purposes. Once introduced, the bill is debated upon, amended, and revised in committees, which are specialized subgroups of Congress focusing on specific policy areas. The committee process provides an opportunity for detailed examination of the bill and the consideration of alternative proposals. If the committee approves the bill, it is then sent to the full chamber (House or Senate) for further debate and voting. If the bill passes in its original chamber, it is forwarded to the other chamber for consideration. The process is often different in the second chamber, as bills can be amended, rewritten, or even rejected outright. If the bill survives this concurrence process, it proceeds to a Conference Committee, which reconciles any differences between the two versions of the bill. After the Conference Committee finalizes the bill, it returns to both chambers for a final vote. If the bill passes both houses in identical form, it is sent to the President for signature or veto. If the President signs the bill, it becomes a law; if the President vetoes the bill, it fails to become law unless Congress can override the veto with a two-thirds majority vote in both houses. In conclusion, the passage of a bill into law represents the culmination of months or even years of intense debate, negotiation, and collaboration among members of Congress, the executive branch, and the American people. This process is essential to our democratic system, ensuring that our laws reflect the needs and values of the diverse population they serve.",353,True,82,0.8,0.95
opinion,P06,model,Mistral-7B-Instruct-v0.3,mistralai/Mistral-7B-Instruct-v0.3,"Title: The Double-Edged Sword of Social Media: A Balanced Perspective In the ever-evolving digital age, social media platforms have become an integral part of modern society, connecting individuals across the globe and fostering a sense of community. However, the question remains: does this connection come at a cost, or are its benefits undeniably overwhelming? Let us weigh the scales of argument to reach an informed conclusion. Firstly, social media's positive impact is indisputable. It empowers voices, allowing for the rapid dissemination of ideas, information, and news. Platforms like Twitter and Facebook serve as powerful tools for activism, enabling movements such as #MeToo and Black Lives Matter to spread rapidly, inspiring change on a global scale. Furthermore, social media plays a significant role in fostering meaningful connections. From long-lost friends reconnecting to people meeting their life partners online, the possibilities are endless. However, it is essential to acknowledge the darker side of this digital utopia. Social media breeds a culture of comparison, leading to detrimental effects on mental health. The constant exposure to curated lives and unrealistic standards of beauty can lead to feelings of inadequacy and low self-esteem. Additionally, cyberbullying and trolling are rampant on these platforms, causing immense psychological distress for victims. Moreover, social media contributes to the fragmentation of society by reinforcing echo chambers and promoting polarization. Users tend to follow and engage with content that aligns with their beliefs, further entrenching existing ideologies and making it difficult for constructive dialogue to occur. This can lead to an increased sense of otherness and hostility towards those with differing viewpoints. Lastly, social media poses a threat to privacy, as personal data is often collected, stored, and sold by these companies without users' full understanding or consent. This raises concerns about the potential misuse of sensitive information and the erosion of personal autonomy. In conclusion, while social media offers numerous advantages – such as connecting people, fostering activism, and facilitating meaningful relationships – it is crucial to address the negative repercussions it has on mental health, societal cohesion, and individual privacy. As we continue to navigate this digital landscape, it is imperative that we strive for a balance – leveraging the benefits while mitigating the risks – to ensure a future where social media truly serves the greater good.",379,True,92,0.8,0.95
opinion,P07,model,Mistral-7B-Instruct-v0.3,mistralai/Mistral-7B-Instruct-v0.3,"Title: Remote Work as the New Default: A Revolution Worth Embracing In the evolving landscape of modern employment, the question of remote work as the default option has become increasingly pertinent. As we delve into the benefits and potential drawbacks, it becomes evident that embracing this shift offers substantial advantages that outweigh traditional work structures. The first and foremost advantage lies in flexibility, a commodity scarce in today's hurried world. The ability to manage one's own schedule can dramatically improve work-life balance, enabling employees to juggle their professional and personal responsibilities more effectively. This flexibility also fosters a more relaxed and productive workforce, free from the stress and time wasted commuting. Another significant advantage is the expanded talent pool available to organizations. No longer confined by geographical limitations, companies can attract skilled workers from all corners of the globe. This diversity not only enriches the workplace environment but also brings fresh perspectives and ideas that can drive innovation and growth. Remote work also empowers employees, fostering a sense of autonomy and responsibility. By trusting workers to manage their tasks and deadlines, employers demonstrate faith in their abilities. This empowerment can lead to increased job satisfaction and productivity, as individuals feel valued and invested in their roles. However, it is crucial to acknowledge potential challenges. Isolation can be a significant issue for remote workers, leading to feelings of loneliness and burnout. To counteract this, businesses must invest in strategies that promote connection and collaboration, such as regular virtual team meetings, social events, and mental health resources. Moreover, managing a remote workforce requires a unique skill set, including effective communication, trust, and adaptability. Companies must be prepared to invest in training and support to ensure success. In conclusion, while remote work presents unique challenges, the benefits far outweigh the obstacles. As we navigate this new frontier, it is essential that businesses and employees alike embrace this change, fostering a more flexible, diverse, and empowered workforce. By doing so, we can unlock unprecedented opportunities for innovation, growth, and happiness. Embracing remote work as the default option is not just a step into the future; it is a leap towards a more inclusive, flexible, and productive world of work.",365,True,102,0.8,0.95
opinion,P08,model,Mistral-7B-Instruct-v0.3,mistralai/Mistral-7B-Instruct-v0.3,"Title: The Case for Abolishing Homework: A Fresh Perspective on Learning In the ongoing debate about the efficacy of homework, it is high time we consider its abolition in schools. While some argue that homework instills discipline and reinforces learning, the negative impact it has on students' mental health, family time, and overall educational outcomes cannot be ignored. Firstly, the mental health of students is a significant concern. Excessive homework loads contribute to stress and anxiety, leading to diminished well-being. According to a study by the American Psychological Association, excessive homework can have a detrimental effect on children's physical health, sleep patterns, and family relationships. In an increasingly competitive world, it is crucial that we prioritize our students' emotional wellness as much as their academic success. Secondly, homework often intrudes upon valuable family time. In today's fast-paced society, families are struggling to find quality time together due to work commitments, extracurricular activities, and other responsibilities. Homework exacerbates this issue, leaving little time for meaningful conversations, shared experiences, and bonding opportunities. By abolishing homework, we can ensure that families have more time to connect and build strong relationships. Thirdly, research suggests that homework may not even be effective in promoting academic achievement. A study conducted by Stanford University found that there was no correlation between the amount of homework assigned and a student's academic success. Instead, it appears that homework may simply serve to reinforce what has already been taught in school. By focusing on classroom instruction and providing ample opportunities for interactive learning, we can facilitate a more holistic and effective education. Instead of assigning nightly homework, schools could adopt alternative methods to reinforce learning and develop critical thinking skills. Project-based learning, for example, allows students to delve deeply into a particular subject matter while fostering creativity and collaboration. This approach not only promotes a deeper understanding of the material but also prepares students for the real-world challenges they will face. In conclusion, the benefits of abolishing homework far outweigh any potential drawbacks. By eliminating homework, we can alleviate the stress and anxiety it causes for students, foster stronger family relationships, and focus on more effective methods of teaching and learning. It is time for a change in our educational system, one that prioritizes the well-being of students and encourages a more balanced approach to learning. Let us embrace this change and create a more nurturing, supportive, and successful educational",400,True,112,0.8,0.95
opinion,P09,model,Mistral-7B-Instruct-v0.3,mistralai/Mistral-7B-Instruct-v0.3,"Title: Embracing Car-Free City Centers: A Sustainable Future In the ever-evolving landscape of urban planning, one question has gained prominence in recent years: should cities ban private cars from city centers? The resounding answer, I contend, is yes. This decision, while challenging, is crucial for the sustainability, livability, and safety of our cities. First, let's consider the environmental implications. Urban areas are responsible for approximately 70% of global carbon dioxide emissions, with a significant portion stemming from personal vehicles (EPA, 2020). By reducing the number of private cars in city centers, we can drastically cut down on these emissions, contributing to a healthier planet for future generations. Moreover, a car-free city center would foster a more livable urban environment. Pedestrian-friendly spaces encourage social interaction, fostering a sense of community that is often lost in congested traffic-filled streets. Moreover, reduced noise pollution and cleaner air lead to improved mental and physical health outcomes for residents and visitors alike. Safety should also be a primary concern when discussing car-free city centers. On average, traffic accidents claim over 1.35 million lives per year worldwide (World Health Organization, 2021), and many of these occurrences take place within city limits. By eliminating cars from city centers, we can significantly reduce this statistic, making our cities safer for all. Furthermore, banning private cars from city centers could stimulate local economies. Reduced traffic means shorter commutes for workers, increasing productivity and job satisfaction. Moreover, the freed-up space can be repurposed for businesses, parks, and other amenities, generating revenue and attracting tourists. It is essential, however, that cities implement thoughtful strategies to facilitate the transition to a car-free city center. Investment in public transportation, cycling infrastructure, and pedestrian walkways is crucial for providing viable alternatives to private vehicles. Additionally, flexible policies that accommodate essential services, such as deliveries and emergency vehicles, must be in place to ensure smooth implementation. In conclusion, the decision to ban private cars from city centers is an important step towards building sustainable, livable, and safe urban environments. While challenges lie ahead, the potential benefits make this change a necessary and worthwhile endeavor. Let us embrace a future where our city centers are sanctuaries of tranquility, human connection, and environmental responsibility.",367,True,122,0.8,0.95
opinion,P10,model,Mistral-7B-Instruct-v0.3,mistralai/Mistral-7B-Instruct-v0.3,"Title: AI Art: A New Medium for the Human Spirit In the ever-evolving world of art, we find ourselves at a crossroads where the traditional meets the technological. The question of whether AI-generated art can be considered ""real"" art has sparked much debate, and it is time to explore this topic from a different perspective. To begin with, let us define art. Art is a medium through which humans express their thoughts, feelings, and experiences. It is a reflection of our culture, our society, and our collective consciousness. Regardless of the tools or techniques used to create it, if the work evokes emotion, provokes thought, or resonates with the viewer on a personal level, it can be deemed 'art'. AI art, born from the marriage of coding and creativity, follows the same principles. AI systems, programmed by human artists, learn from vast amounts of data to generate images, music, or literature that mimic the style and substance of human creations. These AI-generated works can indeed evoke emotions, provoke thought, and resonate with viewers. In essence, they fulfill the essential role of art in our lives. Moreover, one could argue that AI art pushes the boundaries of what we perceive as art. It challenges our understanding of creativity and the artistic process, forcing us to reevaluate our definitions and expectations. This challenge, in turn, fuels innovation and growth, not just in the realm of art but also in science, technology, and beyond. However, it would be naive to ignore the concerns about authenticity and originality in AI art. These systems are programmed using data created by humans, and their output is based on patterns learned from existing works. Yet, the creation of AI art is not about imitation but about exploration and expansion. It is about using technology to further our artistic expressions, much like how photography revolutionized painting in the 19th century. In conclusion, whether AI art counts as real art is not a question of definition but one of perception and acceptance. As technology continues to advance, so will our understanding and appreciation of art. Just as we once questioned the authenticity of photography, printmaking, and digital art, we now stand at the threshold of a new artistic epoch. It is up to us to embrace this change, to adapt our definitions, and to welcome AI art into the realm of real art. ""Embracing AI art does not diminish",400,True,133,0.8,0.95
review,P11,model,Mistral-7B-Instruct-v0.3,mistralai/Mistral-7B-Instruct-v0.3,"Title: Impressive Sound Quality and Comfort in a Mid-Range Package - XYZ Wireless Headphones In the vast sea of wireless headphones, it can be challenging to find a pair that delivers an exceptional sound experience without breaking the bank. The XYZ Wireless Headphones have managed to stand out from the crowd, offering a fantastic blend of quality, comfort, and affordability. Upon unboxing these headphones, I was immediately impressed by their sleek design and sturdy build. The matte finish gives them a premium look that's sure to turn heads, while the lightweight construction ensures they don't weigh you down during extended use. The true test of any pair of headphones lies in their audio performance, and the XYZ Wireless Headphones pass with flying colors. Whether it's the crisp highs, rich mids, or deep bass, these headphones handle every note with precision and clarity. Listening to my favorite tracks felt like experiencing them for the first time, as if the music was being played just for me. Another standout feature is the wireless connectivity. Pairing the headphones with my devices was quick and seamless, and I didn't encounter any dropouts or lag during my listening sessions. The built-in microphone also proved to be useful for taking calls on the go. Comfort is crucial when wearing headphones for extended periods, and the XYZ Wireless Headphones deliver on this front as well. The ear cups are generously cushioned and adjustable, providing a snug yet comfortable fit. Even after several hours of continuous use, I didn't feel any discomfort or pressure on my ears. Battery life is another area where these headphones shine. A single charge provides up to 10 hours of playback, ensuring you'll have enough juice to last through your daily commute or workout routine. The quick charging feature is also convenient for those times when you need a quick boost. In conclusion, the XYZ Wireful Headphones offer an impressive combination of sound quality, comfort, and affordability. Whether you're a music lover, a frequent traveler, or simply someone who values convenience, these headphones are an excellent choice. I highly recommend the XYZ Wireless Headphones to anyone in search of a reliable and enjoyable audio experience without the hefty price tag.",367,True,142,0.8,0.95
review,P12,model,Mistral-7B-Instruct-v0.3,mistralai/Mistral-7B-Instruct-v0.3,"Title: A Taste of Home at Pasta Famiglia Downtown Nestled in the heart of downtown, Pasta Famiglia stands as a testament to authentic Italian cuisine. This unassuming, family-run establishment offers a warm and inviting ambiance that transports diners straight to the quaint trattorias of Italy. Upon entering, one is immediately struck by the cozy atmosphere, with soft, candlelit tables and a rustic decor reminiscent of a traditional Italian home. The staff, a delightful blend of family members, greet guests with genuine smiles and an eagerness to share their love for Italian food. The menu, while compact, is thoughtfully crafted to encapsulate the diverse flavors of Italy. From house-made pastas to mouthwatering pizzas, each dish is a testament to the chef's mastery of traditional Italian cooking techniques. The standout dish, undoubtedly, is the Rigatoni alla Bolognese. A rich, slow-simmered sauce, teeming with ground meat, tomatoes, and a harmonious blend of herbs, gracefully coats the al dente rigatoni. Each bite offers a symphony of flavors, a true celebration of Italian culinary excellence. For those seeking a lighter option, the Caprese salad does not disappoint. Fresh, vine-ripened tomatoes, creamy mozzarella, fragrant basil leaves, and a drizzle of high-quality olive oil come together to create a refreshing, vibrant dish that captures the essence of summertime in Italy. Desserts are equally impressive, with the Tiramisu being a crowd favorite. A perfect balance of coffee, cocoa, and cream, this iconic Italian dessert is a fitting end to a meal that satisfies both the palate and the soul. Pasta Famiglia is more than just a restaurant; it is an experience that transports its patrons to the picturesque hills of Tuscany or the bustling streets of Rome. With impeccable service, a delicious menu, and an atmosphere that evokes a sense of nostalgia, this hidden gem is a must-visit for any Italian food enthusiast. So, the next time you find yourself yearning for a taste of Italy, head to Pasta Famiglia - where every meal is served with a generous helping of amore.",334,True,152,0.8,0.95
review,P13,model,Mistral-7B-Instruct-v0.3,mistralai/Mistral-7B-Instruct-v0.3,"Title: Affordable Excellence: A Budget-Friendly Smartphone With Impressive Battery Life and Camera Quality In the realm of budget smartphones, it's rare to find a device that strikes the perfect balance between price and performance. The [Brand Name] X1, however, manages to do just that. This pocket-friendly marvel is an unexpected gem, boasting a remarkable battery life and a camera that punches well above its weight class. Starting with the battery, the X1 offers an impressive 5000mAh capacity. This translates to days of usage for the average user, ensuring you won't be tethered to a charger constantly. Whether you're binge-watching your favorite shows, playing games, or browsing the web, the X1 keeps up with ease. Moreover, its fast-charging capabilities mean you can quickly top up the battery when necessary. Moving on to the camera, the X1 sports a 13MP rear camera with an f/2.0 aperture, accompanied by a 5MP front-facing camera. Despite the low price point, the X1 delivers stunning photos with vibrant colors and sharp details. The camera app offers multiple shooting modes, including HDR, Night, Portrait, and more, catering to various photography needs. Additionally, the X1 supports 1080p video recording at 30fps, allowing you to capture memories in high definition. The X1's design is simple yet sleek, offering a comfortable grip and a compact form factor. The 6.1-inch HD+ display provides a satisfying viewing experience, even under harsh sunlight. The phone runs on Android 10, delivering a smooth and intuitive user interface. The X1 comes with 3GB of RAM and 32GB of internal storage, which can be expanded via a microSD card. In conclusion, the [Brand Name] X1 stands as a testament to the potential of budget smartphones. Its remarkable battery life and capable camera make it a compelling choice for those seeking an affordable device without compromising on essential features. By offering such value at a price point that won't break the bank, the X1 emerges as a worthy contender in the budget smartphone market.",327,True,162,0.8,0.95
review,P14,model,Mistral-7B-Instruct-v0.3,mistralai/Mistral-7B-Instruct-v0.3,"Title: A Memorable Weekend Getaway at The City Center Hotel Nestled in the heart of the vibrant city, The City Center Hotel offers a charming retreat for weary travelers seeking an unforgettable urban escape. Upon arrival, the elegant lobby, adorned with modern art and comfortable seating, sets the stage for a truly exceptional stay. The accommodations at The City Center Hotel are spacious and tastefully appointed, boasting a harmonious blend of contemporary design and traditional charm. Each room features luxurious bedding, a fully-stocked minibar, and a flat-screen TV, ensuring guests enjoy a peaceful and relaxing sanctuary after a day of exploration. The en-suite bathrooms, equipped with plush towels and a rainfall shower, provide a tranquil space to unwind and rejuvenate. Breakfast at The City Kitchen, the hotel's on-site restaurant, is an absolute delight. A tantalizing buffet offers a variety of continental and American options, while the à la carte menu caters to a range of dietary preferences. The service is impeccable, with attentive staff members who cater to guests' every need. The hotel's prime location allows easy access to the city's most popular attractions. Whether exploring the iconic landmarks, indulging in local cuisine, or strolling through picturesque parks, The City Center Hotel serves as the perfect home base for a weekend city trip. One evening, we dined at the hotel's rooftop restaurant, offering breathtaking panoramic views of the city skyline. The menu showcases an impressive selection of globally-inspired dishes, expertly prepared by talented chefs. The ambiance is romantic and intimate, making it an ideal spot for a special occasion or simply a memorable evening out. In conclusion, The City Center Hotel provides an unparalleled experience for those seeking a weekend getaway in the heart of the city. With its exceptional service, luxurious accommodations, and prime location, this hotel truly embodies the essence of urban elegance and sophistication. We eagerly anticipate our next visit to this remarkable establishment.",317,True,172,0.8,0.95
review,P15,model,Mistral-7B-Instruct-v0.3,mistralai/Mistral-7B-Instruct-v0.3,"Title: A World Entwined in Enchantment: A Review of ""The Crimson Veil"" In the realm of contemporary fantasy literature, few novels manage to weave a captivating tapestry as intricate and mesmerizing as ""The Crimson Veil."" This opus by author Eleanor Thornfield, an established name in the genre, promises an unforgettable journey through a world entwined in enchantment. ""The Crimson Veil"" introduces us to our protagonist, Elara, a young woman with a mysterious destiny who is drawn into a conflict between ancient forces vying for dominion over her world. The novel masterfully unfolds the richness of its setting, from the ethereal beauty of the Celestial Forests to the ominous allure of the Shadowed Caverns. Thornfield's descriptive prowess paints vivid images that immerse readers within this fantastical landscape. At its heart, ""The Crimson Veil"" is a story of growth, resilience, and self-discovery. Elara's character development is a testament to the author's ability to create relatable characters who evolve alongside their readers. Her transformation from a timid and unsure girl into a formidable figure who wields both power and compassion is a sight to behold. The narrative is expertly paced, striking a delicate balance between action, mystery, and introspection. The plot twists are cleverly placed, keeping readers on the edge of their seats while also offering ample opportunities for reflection. The climax is a fitting culmination of Elara's journey, providing a satisfying resolution without sacrificing the elements of mystery and intrigue that define the novel. Thornfield's prose is a marvel to behold, effortlessly blending poetic language with a sharp, incisive narrative voice. The dialogue is authentic and engaging, contributing to the overall immersion in the narrative. The author's attention to detail is evident in every facet of the novel, from the intricate magical system to the rich cultural tapestry that forms the backdrop of the story. In conclusion, ""The Crimson Veil"" is an exceptional addition to the pantheon of fantasy novels. It offers a captivating tale of magic, mystery, and self-discovery set against the backdrop of a richly imagined world. For fans of the genre, this book is a must-read; for those new to fantasy, ""The Crimson Veil"" serves as an excellent entry point. As one finishes the final pages of this enchanting tome, one can only look forward to Thornfield's future works with eager anticipation.",383,True,182,0.8,0.95
story,P16,model,Mistral-7B-Instruct-v0.3,mistralai/Mistral-7B-Instruct-v0.3,"In the desolate cliffs of Old Kerrig, lived a solitary lighthouse keeper named Thomas. His days were spent in the rhythmic hum of the lighthouse, guiding sailors safely to shore. One day, a peculiar letter arrived in his mailbox, a rarity in this isolated land. The envelope was old and worn, bearing no postmark or sender's address. Thomas opened it cautiously, revealing a single, cryptic paragraph: ""Three times the moon shall mirror the sun, and on the third night, you shall find the hidden. Guard well, for it holds the key to the forgotten."" Thomas, a man of logic, initially dismissed the letter as a harmless prank. However, curiosity gnawed at him, urging him to decipher the message. Three times the moon mirrored the sun—an astronomical event that hadn't occurred in over a century. As the nights passed, Thomas watched the skies, meticulously recording each lunar eclipse. On the third eclipse, under the pale light of the moon, he embarked on a journey to the hidden. Guided by the enigmatic letter, he ventured deep into the forsaken caves that lined the coast. Driven by an inexplicable sense of purpose, he found himself before an ancient stone door. Puzzled, he felt the cold, hard stone, and to his amazement, it moved aside, revealing a hidden chamber. Within lay an ornate box, its surface etched with intricate symbols that resembled the constellations in the night sky. Thomas, trembling, lifted the lid. Inside, he found a single, shimmering key. As he turned the key, the walls of the chamber shimmered and dissolved, revealing a dusty scroll. Unfurling the scroll, he read aloud the words written centuries ago: ""To those who seek the forgotten, I offer guidance. When the moon mirrors the sun three times, venture forth into the forgotten chamber. Within lies the key to the past, the present, and the future. Guard it well, for it is the key to all things."" With the key to the past, present, and future in his possession, Thomas returned to his lighthouse, forever changed. He continued to guide sailors safely to shore, but now, he also guided the lost souls of the past and those yet to be born. The strange letter had led him to an ancient secret, a secret that bound him to the past and the future, making him not just a lighthouse keeper, but a guardian of time.",397,True,192,0.8,0.95
story,P17,model,Mistral-7B-Instruct-v0.3,mistralai/Mistral-7B-Instruct-v0.3,"In the heart of a quaint, picturesque town, nestled between verdant hills and a serene lake, the final day of summer was ushering in a gentle, bittersweet symphony. The sun, a radiant orb of gold, cast long, lingering shadows upon the cobblestone streets as the day began. A soft, warm breeze whispered secrets to the rustling leaves, while the town's children laughed and played in the fading sunlight. At the local market square, vendors sold their remaining summer produce - succulent peaches, plump tomatoes, and golden ears of corn, their vibrant colors a stark contrast against the muted tones of autumn. The air was filled with the intoxicating aroma of freshly baked bread and sizzling sausages, mingling with the sweet scent of blooming marigolds. In the center of the square, a group of elderly townsfolk gathered for their daily game of checkers, their laughter and good-natured banter creating an infectious atmosphere. A lone musician strummed his guitar near the steps of the old church, serenading passersby with wistful melodies that echoed the sentiments of the approaching season. As the sun dipped low in the sky, a group of children chased each other along the shores of the lake. Their laughter ringing out across the water, they splashed and playfully drenched one another, oblivious to the encroaching chill in the air. In the town square, the local artist set up his easel, capturing the essence of the moment in bold, vibrant strokes. His eyes, though filled with melancholy, held a profound appreciation for the beauty that surrounded him. He knew that, once the autumn leaves fell, the town would take on a different character, one that he loved equally, but in a different way. As the sun dipped below the horizon, the town began to prepare for the annual Summer's End Festival. Lights twinkled in windows, and the sweet, mouthwatering smell of barbecued hot dogs wafted through the air. People of all ages gathered in the square, joining together in a communal celebration of the season's end and the promise of the one to come. And as the night sky filled with stars, the townsfolk danced beneath the twinkling lights, their laughter and joy serving as a testament to the beauty and resilience of life. For in this small town, even as the days grew shorter and the nights colder, there was always a sense of unity, a shared understanding that",400,True,202,0.8,0.95
story,P18,model,Mistral-7B-Instruct-v0.3,mistralai/Mistral-7B-Instruct-v0.3,"In the heart of a bustling city, within the confines of a compact apartment, a unique culinary adventure unfolded. The protagonist was R2-D2, a well-loved astromech droid, reprogrammed from his usual Star Wars escapades into a home chef extraordinaire. R2-D2, or R2 for short, had been tasked with preparing dinner for his human companion, Artoo-Detoo (Threepio) - a role reversal that promised an intriguing twist. Threepio, known for his elegant manners and love for fine dining, was both excited and apprehensive about the prospect. R2 began his inaugural cooking journey by studying recipes on a digital screen. His metallic fingers fumbled with kitchen utensils as he followed the step-by-step instructions for a simple pasta dish. The clatter of pots and pans echoed through the small apartment, punctuated by Threepio's chuckles and encouragement. ""Well, my dear R2, I never thought I'd see the day,"" Threepio said, watching the droid precariously balance a saucepan over the stove. ""But I must admit, this is quite amusing!"" R2's attempts at culinary art were far from perfect, yet there was a certain charm in his earnest efforts. He struggled to dice vegetables, resulting in uneven cubes. His pasta, drained with great care, ended up being left on the stove for a little too long, giving it an al dente texture that bordered on inedible. But every mistake was a lesson learned, and R2 persevered, driven by the prospect of pleasing his friend. As the sun set, the aroma of burnt pasta filled the apartment. Threepio couldn't suppress a smile as he sat down at the table. R2, though disappointed, pushed the meal towards his companion with pride. Threepio took a bite, his eyes widening in mock horror before breaking into laughter. ""Delicious, R2! Absolutely divine!"" Despite the dish's questionable quality, the joy radiating from Threepio was priceless. R2 had managed to concoct something edible after all, and more importantly, he had created a cherished memory for his friend. That night, they dined on failed pasta, their bond stronger than ever, as they laughed and reminisced about the day's events. And so, the first day of R2's cooking adventure ended on a high note, leaving them both eagerly anticipating the next culinary escapade.",367,True,212,0.8,0.95
story,P19,model,Mistral-7B-Instruct-v0.3,mistralai/Mistral-7B-Instruct-v0.3,"In the towering edifice of Glass Tower, two strangers, Martha and James, found themselves trapped in an elevator, their lives intertwining unexpectedly on a humdrum Tuesday. The elevator's sudden halt sent Martha, engrossed in her novel, stumbling slightly. She looked up from her book to find James, a man of average height with a neat beard, eyeing her curiously. He was wearing a suit, his tie askew, giving him an air of dishevelment that made Martha smile. ""Are you alright?"" he asked, concern creeping into his voice. ""Yes, thank you,"" Martha replied, shaking her head. ""I suppose we're stuck here for a while."" James nodded, reaching for the emergency phone. ""I'll call maintenance,"" he said, dialing the number. The line rang endlessly, and he hung up with a heavy sigh. As the minutes ticked away, Martha and James began to talk. They shared stories, laughter, and even a moment of quiet understanding. Martha spoke of her passion for writing, her dreams of becoming a published author. James confided in her his struggles in running a family business, the weight of expectations resting heavily on his shoulders. In the claustrophobic space of the elevator, they connected over their shared vulnerabilities, their hopes, and fears. Time seemed to blur as they lost track of reality, their conversation flowing effortlessly. The elevator doors opened eventually, revealing a startled maintenance worker who couldn't help but notice the rapport between the two strangers. Stepping out into the bustling lobby, Martha turned to James, ""I guess it was nice meeting you, James. Maybe we'll run into each other again sometime."" James smiled, ""Indeed, Martha. Strange how fate works, isn't it? Here's to another chance encounter."" With a nod, they went their separate ways, their lives intersecting only briefly but leaving an indelible mark on both. As Martha walked away, she couldn't help but think, 'Sometimes, the most ordinary moments can be the most extraordinary.'",318,True,222,0.8,0.95
story,P20,model,Mistral-7B-Instruct-v0.3,mistralai/Mistral-7B-Instruct-v0.3,"In the heart of a dense, ancient forest, where sunlight danced playfully through the verdant canopy, young Amelia found herself lost in the mesmerizing beauty that surrounded her. The woods, a magical place shrouded in mystery, was her sanctuary, a world far removed from the mundane life at home. One sunny afternoon, as Amelia wandered deeper into the woods than ever before, she stumbled upon an extraordinary sight - a door, nestled within the roots of a colossal oak tree. Its ornate carvings depicted scenes of enchanting creatures and fantastical landscapes, glowing with the warm hues of the setting sun. A sense of excitement washed over her, and she found herself drawn to this mysterious door. She reached out tentatively, placing her small hand on the cold, hard surface. To her surprise, the door swung open effortlessly, revealing a dimly lit passageway that vanished into darkness. With a giddy laugh, Amelia stepped inside, her heart pounding wildly in her chest. The passage was narrow, barely wide enough for her to fit through, but it seemed to lead further into the heart of the mysterious oak. Shadows danced along the walls, and the air carried a hint of something sweet and unfamiliar. She walked for what felt like hours, the passageway twisting and turning like a labyrinth designed by an unseen master. At last, she found herself standing before another door, identical to the first. As she turned the old, rusted handle, she could hardly believe her eyes: she was back in the woods, mere steps away from the very spot where she had found the door. As Amelia made her way home through the familiar forest paths, she couldn't help but wonder what secrets lay behind that enigmatic door. And though she never returned to the door again, she knew that the memory of it would stay with her forever, a testament to the magic and mystery hidden within the depths of the forest. In the end, Amelia never spoke of the door to anyone, choosing instead to keep its existence a secret. But whenever she gazed upon the ancient oak tree, she could still see the door, waiting patiently for the next adventurous soul to find it.",368,True,232,0.8,0.95
howto,P21,model,Mistral-7B-Instruct-v0.3,mistralai/Mistral-7B-Instruct-v0.3,"Title: Homemade Pizza from Scratch Making a simple homemade pizza is an enjoyable experience that results in a delicious, freshly baked treat. Here's a straightforward guide to help you create your own pizza dough and sauce, along with assembling and baking your masterpiece. **Ingredients:** For the dough: 1. 3½ cups (420g) all-purpose flour 2. 1 tsp active dry yeast 3. 2 tsp sugar 4. 1 tsp salt 5. 1½ cups (360ml) warm water (110°F/45°C) 6. 2 tbsp olive oil For the sauce: 1. One 28-ounce (793g) can of crushed tomatoes 2. 2 tbsp tomato paste 3. 2 tsp sugar 4. 1 tsp dried oregano 5. Salt, to taste 6. Freshly ground black pepper, to taste 7. 2 cloves garlic, minced 8. 2 tbsp olive oil For the toppings: 1. Shredded mozzarella cheese 2. Thinly sliced fresh tomatoes 3. Fresh basil leaves 4. Pepperoni or other preferred toppings **Instructions:** **Step 1: Prepare the dough:** In a large bowl, combine the flour, yeast, sugar, and salt. Add the warm water and olive oil, then mix until the ingredients form a sticky ball. Knead the dough on a lightly floured surface for about 5 minutes, until it becomes smooth and elastic. **Step 2: First rise:** Place the kneaded dough in a greased bowl, cover it with a clean kitchen towel, and let it rise in a warm, draft-free place for about 1 to 1½ hours, or until it has doubled in size. **Step 3: Prepare the sauce:** While the dough rises, heat the olive oil in a saucepan over medium heat. Add the minced garlic and sauté for 1 minute. Stir in the crushed tomatoes, tomato paste, sugar, oregano, salt, and pepper. Simmer the sauce for about 20 minutes, until it thickens. Set aside to cool. **Step 4: Preheat the oven:** Preheat your oven to 475°F (245°C), with a pizza stone if you have one. If you don't have a pizza stone, use an upside-down baking sheet. **Step 5: Second rise and shape the dough:** Punch down the risen dough and divide it into two equal parts. Roll each portion on a floured surface into a round shape, about 12 inches in diameter. Transfer the dough rounds onto a pizza",367,True,242,0.8,0.95
howto,P22,model,Mistral-7B-Instruct-v0.3,mistralai/Mistral-7B-Instruct-v0.3,"Setting up a basic weekly budget for a student involves identifying income, necessary expenses, and discretionary spending. Here's a step-by-step guide to help you establish a practical budget: 1. Calculate your income: As a student, your primary income sources might include scholarships, grants, part-time jobs, or financial aid. Be sure to account for any irregular income, such as summer jobs or tax refunds, if applicable. 2. Determine necessary expenses: Necessary expenses are essential items or services that you must have in order to live comfortably. These may include tuition fees, rent, utilities (electricity, water, internet, etc.), groceries, transportation, health insurance, and textbooks. 3. Estimate discretionary spending: Discretionary spending refers to funds allocated for non-essential items or activities. These may include dining out, entertainment, clothing, hobbies, travel, and personal care products. 4. Categorize expenses: Organize your expenses into categories like housing, food, transportation, education, health, personal, and entertainment. This will help you visualize where your money is going and identify areas for potential savings. 5. Set weekly budget limits: Allocate a specific amount of money for each expense category. For example, set a $50 limit for dining out or $20 for entertainment. Make sure to account for all your income and expenses to ensure a balanced budget. 6. Track your spending: Keep track of your spending throughout the week to see if you're staying within your allocated budget. Use a budgeting app, spreadsheet, or even a simple notebook to record transactions. 7. Adjust your budget: If you find that you're consistently overspending in certain categories, consider reducing that expense or finding ways to save more, such as cooking at home instead of eating out or choosing cheaper entertainment options. 8. Save for future expenses: Try setting aside some money each week for savings or emergency funds. Even small amounts can add up over time and provide financial security. 9. Revisit and adjust your budget regularly: Your budget may need adjustments as your income, expenses, or priorities change. Make a habit of reviewing your budget every few months and make any necessary modifications. By following these steps, you'll develop a practical weekly budget that helps you manage your finances effectively as a student. Stick to your budget, and you'll be well on your way to financial stability and independence.",377,True,252,0.8,0.95
howto,P23,model,Mistral-7B-Instruct-v0.3,mistralai/Mistral-7B-Instruct-v0.3,"Beginning a running routine as a complete novice can be an exhilarating yet daunting experience. Here's a step-by-step guide to help you embark on this wonderful journey, emphasizing gradual progress and consistency: 1. Assess Your Fitness Level: Before starting your running regimen, it's crucial to assess your current fitness level. Aim for a walk-jog routine initially, where you walk for a few minutes and then jog for a short period. This approach helps minimize the risk of injury while ensuring your body adapts to the new physical activity. 2. Create a Running Schedule: Start by setting aside 30 minutes three times a week for your runs. Choose days that work best for you, considering your lifestyle and preferences. For example, you might prefer running during lunch breaks or early morning or evening sessions. 3. Warm Up and Cool Down: Never jump straight into running without warming up first. Begin with a five-minute walk, followed by dynamic stretches like leg swings and arm circles. Post-run, perform static stretches such as hamstring and quadriceps stretches to cool down and reduce muscle stiffness. 4. Master Good Running Form: Maintaining a good running form is essential for efficiency and injury prevention. Keep your head up, chest lifted, shoulders relaxed, arms swinging opposite your legs, and land midfoot or forefoot rather than heel-striking. 5. Gradually Increase Distance and Intensity: To prevent burnout or injuries, increase your running distance by no more than 10% per week. Additionally, consider incorporating interval training (e.g., running for 1 minute, walking for 1 minute) to gradually build your endurance and speed. 6. Stay Hydrated: Drink plenty of water before, during, and after your runs to stay hydrated. Carry a water bottle if necessary, and listen to your body's thirst signals. 7. Invest in Comfortable Gear: Wear appropriate running shoes that provide adequate support and cushioning for your foot type. Additionally, invest in moisture-wicking clothing to stay dry and comfortable during your runs. 8. Track Progress: Record your runs using a fitness app or a simple notebook. Monitoring your progress will motivate you and help you identify areas for improvement. 9. Stay Consistent: Consistency is key when starting a running routine. Develop a habit by sticking to your schedule, even on days when you don't feel like running. 10. Celebrate Small Successes: Running can be challenging, but remember to celebrate your achievements, no matter how small they may seem. This mindset",400,True,262,0.8,0.95
howto,P24,model,Mistral-7B-Instruct-v0.3,mistralai/Mistral-7B-Instruct-v0.3,"Hey there! I'm really glad you're curious about photosynthesis. It's one of those amazing processes that plants, algae, and some bacteria do to create their own food. Let's dive in! So, imagine you're in a big, beautiful forest on a sunny day. The leaves of the trees are like tiny factories that use sunlight, water, and carbon dioxide to make food (specifically, glucose or sugar) for the tree. This process is called photosynthesis. Now, let's break it down. The leaves have special cells called chloroplasts that contain something called chlorophyll. Chlorophyll helps catch sunlight, which is the plant's primary source of energy, just like how we use electricity to power our homes. When sunlight shines on the chlorophyll, a series of chemical reactions occur. These reactions involve water (which the plant absorbs through its roots from the soil) and carbon dioxide (which it takes in through tiny pores on the leaves called stomata). The water splits into oxygen and hydrogen, while the carbon dioxide combines with the hydrogen to form glucose. At the end of this process, the plant releases oxygen as a byproduct—this is the same stuff you breathe out, and the trees breathe in. So, you can think of trees as the world's biggest air purifiers! Now, I know you might be wondering, ""What does the tree do with all that glucose?"" Well, it stores some for later use, and it also uses some to grow and repair itself. Excess glucose can even be converted into other types of sugars, starches, or cellulose—the main component of wood. And here's something cool to wrap up: Every time you eat an apple, a piece of pizza, or even a glass of orange juice, you're consuming food that started its life as sunlight, water, and carbon dioxide thanks to photosynthesis. So, remember to thank the plants next time you enjoy a tasty snack!",312,True,272,0.8,0.95
howto,P25,model,Mistral-7B-Instruct-v0.3,mistralai/Mistral-7B-Instruct-v0.3,"Preparing for a job interview within a week involves several key steps to ensure you present yourself professionally and confidently. Here's a suggested approach: 1. Familiarize Yourself with the Company: Research the company's mission, values, culture, products, and services. Understanding their business will help you tailor your responses to align with their goals and demonstrate your interest. 2. Understand the Job Description: Review the job listing carefully and identify key skills and responsibilities required for the position. Reflect on how your experiences, qualifications, and achievements align with these requirements. 3. Prepare Responses to Common Questions: Anticipate common interview questions such as ""Tell me about yourself,"" ""Why do you want this job?"", or ""What are your weaknesses?"" Craft thoughtful, concise responses that highlight your strengths and showcase your potential value to the employer. 4. Develop Key Messages: Identify 3-5 key messages or talking points that you want to communicate during the interview. These should be directly relevant to the position and support your candidacy. Practice incorporating these messages into your responses. 5. Prepare Questions for the Interviewer: Develop thoughtful questions to ask the interviewer, demonstrating your genuine interest in the position and the company. Some examples might include questions about the team, challenges facing the department, or opportunities for growth. 6. Practice Your Interview: Conduct a mock interview with a friend, family member, or career counselor. This can help build confidence and identify areas for improvement in your delivery and response techniques. 7. Dress Appropriately: Choose professional attire that is appropriate for the company culture. Research the company's dress code if necessary. 8. Prepare Materials: Gather all necessary materials, such as resumes, portfolios, references, and any other supporting documents. Review them thoroughly to ensure accuracy and relevance to the position. 9. Plan Your Route: Visit the interview location ahead of time to ensure you know where it is and how long it takes to get there. Plan for potential traffic or public transportation delays and allow extra time to arrive early. 10. Visualize Success: Spend some time visualizing a positive interview experience, focusing on your strengths, enthusiasm, and ability to communicate effectively with the interviewer. In summary, preparing for a job interview in a week requires a combination of research, self-reflection, practice, and planning. By following these steps, you'll be well-equipped to make a strong impression and increase your chances of securing the position. Good luck with your interview!",398,True,282,0.8,0.95
