domain,prompt_id,source_type,model_name,model_id,text,n_words,valid_length,seed,temperature,top_p,human_dataset
howto,,human,human,human,"Talk to your friend and try to appreciate his or her position. Your friend may have genuine feelings for your crush that seem to be reciprocated. If they really are your friend, you should want to see things work out for them one way or another.If your friend really cares about your crush, the right thing to do may be to see how things go. If your friend doesn’t seem to feel too seriously about your crush, he or she may understand if you tell them about how you feel. If your friend has strong feelings for your crush and you interfere, you risk ending your friendship.; , Your crush’s feelings should be paramount to you if you really care about him or her, so take a step back and consider the situation. Does your crush seem to truly care about your friend? Are there any signs that he or she may have been interested in you? It may be difficult to accept that your crush may not have an interest in you romantically, but understand that it doesn’t mean you are any less valuable or attractive as a person. Maybe you two simply aren’t right for each other. If your crush seems like he or she is interested in you and doesn’t care too deeply about your friend, you may want to consider being honest with each of them about your feelings. , There are many different kinds of crushes one can have on another person. How deep are your feelings for your crush? How well do you know him or her? If you have strong feelings you fear you may not be able to push aside, you may want to tell them the truth.If you don’t know your crush very well, it may not be worth the damage honesty could cause to your friendship. If you are uncertain about your feelings, take a step back and give yourself some time. There’s no reason to make any rash decisions. Infatuation and love are different emotions that feel very similar. Infatuation often occurs when you are caught up in the excitement of meeting a person you like, but the feelings often lack longevity. , After considering your feelings, the feelings of your friend and the feelings of your crush, you’ll have to determine what you think the best course of action is.",392,True,,,,boundless-asura/wikihow
howto,,human,human,human,"Clearly there was a reason you were dropped from the side and you'll need to work on remedying the reason before you can earn back your place on the team. Whether it's poor passing or being too unfit, focus on doing what you can to improve your performance. If it's lack of fitness or a particular physical weakness, put together a training program that targets the areas you're not strong in. If it's about lacking mental determination or stamina, you'll need to spend some time working on improving your confidence and belief in your abilities. You might find improving your visualization skills to be helpful. ; , Even if you aren't the best at a lot of things that are involved in the game, doing even one thing better than anyone else can prove to others that you need to be on the team. If you're not the fastest bowler or the strongest batsman, make yourself the best fielder, the person with the most motivation or the best team-player. , People who attend team meetings and practices, who become friends with other players or team members, or who perform fundraising and other non-game related tasks, show that they committed to the team, and that is the most important attribute no matter your skill. , Since you've been dropped from the side, you'll need to work harder than anyone else on the team, so get in extra practices and read up about your sport frequently to keep ahead of the other players. Learn from the professionals in your sport by reading their biographies and about their wins – what moves, tactics, and thinking strategies are they using to make their game or sporting prowess much greater? , Although being too obvious is probably a bad idea, make sure you show off your new skills at practices and make sure other team members can see you've improved. Whenever there is a new round of try-outs or selections for your team, be sure to put down your name and go for it with the attitude that this is a fresh start. , Nothing is more important than maintaining a good attitude, even when you may feel sour for being dropped. Remember to keep in there and never give up!",376,True,,,,boundless-asura/wikihow
howto,,human,human,human,"Find a park bench and sit on it for awhile. Lay a blanket on the grass and take a quick, sunny nap. Lounge on a tree-shaded chair. You may feel compelled to stay inside due to your nesting instinct, etc., but push yourself to head outdoors for at least 30 minutes every day. , Make sure that you consume consistent meals and healthy snacks throughout the day. For example, eat at least four servings of veggies every day and between two to four servings of fruit as well. Try to include a protein, dairy, and grain product in every major meal as well. Limit your consumption of processed foods and sugars. Eating well will make you more able to cope with the physical and emotional challenges you’ll face during pregnancy.Staying hydrated by drinking plenty of water will also help to alleviate pregnancy headaches, which will provide a boost to your spirits as well. If you struggle to eat properly while pregnant, you may want to see a nutritionist. They can provide you with easy-to-follow meal plans and also give you positive support during and after your pregnancy. , Do at least three 30-minute sessions of some sort of exercise each week. This could mean walking or even taking a prenatal yoga class. The point is not to prove that you can run a marathon, this is about you recognizing the strength and beauty of your body. Do activities that make you feel exhilarated, not exhausted.Watching how well your body continues to respond to exercise, even late in pregnancy, will also help to diminish some of the concerns that you might have about the birth process itself. Trusting your body is something that takes time to develop. Make sure to consult with your doctor regarding your exercise patterns. You may need to avoid certain activities, such as horseback riding, or tailor other activities to accommodate the changing health needs of you and your baby. , Aim to get at least eight solid hours of uninterrupted sleep a night. And, try to fit in at least one 30-minute nap each day, add additional and longer naps if you can. Getting enough rest is important because lack of sleep can increase negative emotions and aggravate other physical symptoms that you may be experiencing, such as nausea. Exhaustion is the most common complaint made by women in the first trimester of pregnancy.",398,True,,,,boundless-asura/wikihow
howto,,human,human,human,"One symptom you'll notice immediately is a change in your energy levels and recovery time. If you are over exercising you'll see a decrease in energy and an increase in the amount of time you need to recover from certain exercises.If you're noticing an overall lack of energy or inability to complete your normal workouts, this is a sign you need a rest. Also, if you notice continued muscle soreness (past the 72 hour mark), this is a signal your muscles have not recovered or repaired themselves. You'll need to continue with rest until the soreness resolves completely.If you have increased injuries or an injury that won't heal, take a rest and definitely go see a doctor to diagnose the issue. If you notice muscle pain while you are exercising, you may not have gotten enough rest in between exercise days.; , One obvious sign of exercising too much is a disrupted sleep pattern. This is one of the first signs you may notice. Either sleeping too much or experiencing insomnia is a sign that you might be pushing yourself too much.First, start by figuring out how much sleep you typically get on a ""good night."" Do you sleep eight hours or a little more or less? This will be your norm and the basis for you to judge whether or not your sleep habits have changed. Many people start to notice they're having difficulty sleeping or they're experiencing some insomnia.Insomnia is defined as having difficulty falling asleep or staying asleep.Studies have shown that too much exercise may increase stress hormones in your body preventing you from falling or staying asleep.On the other hand, you may notice that you experience increased fatigue and increased desire to sleep longer or more often during the day. If you're staying in bed for nine, 10 or more hours, you may be exercising too much. , You may not realize how your mood, mental state or motivation is affected by over exercising. Any changes to your typical personality may also be a sign you've put in too much time at the gym.Changes in mood or feeling depressed are associated with overtraining. If you notice you've been snappy more often, feeling ""blue"" or have just been more irritable, take a look at how much you've been exercising.Another thing to track along with mood is your feelings about working out.",394,True,,,,boundless-asura/wikihow
howto,,human,human,human,"You will want to look for a level area most likely covered with grass or a previously grown crop. Two pot bellied pigs can till up a 10ft x 10ft (3 meters x 3 meters) pasture area in the summer in approximately a month.; , You will want to have a place for the pigs to seek shelter from storms and get shade on sunny days. The house can be bottomless to allow the pigs to make a nest in the dirt below it. The house should also be light enough that you will be able to move it. Twelve bales of straw arranged in 3.5 sides make a great, portable pig house, especially if topped with polycarbonate that overlaps the edges, especially on the shady side, and is weighted down with heavy metal. The pig will nose loose straw into bedding and nestle within it at night. , If using a permanent fence, make sure that the fence is very sturdy - pigs are strong. Cattle panels work well if they're well anchored. Pigs can push down or root under many fences. If you are planning on moving the pigs to make your garden bigger (or if you want to make sure you have a fence the pigs cannot get out of) you may want to set up an electric fence. Several strands of poly-tape or electric tape suspended approximately one foot off the ground can contain pigs, once they are trained to the fence. ElectroNet fences also will work well. , Pigs are very social animals and like to live with at least one other pig. A pig's size depends on its breed and can range from a 150 pound pot bellied pig to a 700 pound Hampshire boar. If you do not have any experience with large livestock, your best choice is probably a smaller breed. , Make sure the pigs have access to water via a large water bowl or trough. , Pigs love nothing more than rooting around in the soil, eating grass, roots, bugs and any other delicious treats they may find. While exhibiting this natural behavior, they unearth anything that is growing and leave behind tilled soil that is full of organic material and the pigs' own natural ""fertilizer."" , Once the area is turned over and most of the previous ground cover has been eaten, you have two choices.",397,True,,,,boundless-asura/wikihow
howto,,human,human,human,"Before, he always seemed ready to hang out, and now, his reasons for not being able to see you are piling up. At first, you believed him when he said he had a stomach ache or was too tired to go out, but you're starting to wonder if he's really trying to tell you that he doesn't want to spend time with you because he's busy hanging out with some other girl. Here are some signs that he may be cheating: If he used to save all of his free time for you, but now he's always going out for ""boy's night."" This is especially suspicious if he doesn't have that many male friends, or never showed much of an interest in hanging out with his bros before. If he's suddenly working overtime all the time. Though he's worked overtime occasionally in the past, suddenly things are really busy at work, and he seems to always be there instead of hanging out with you. Of course, many professions have a busy season, and he could be working on a more time-consuming project, but it's more likely that he's using overtime to mean ""time with my other girlfriend."" If he's always too tired to stay out late or hang out and was never tired before, this may be a sign that he's using his energy on someone else. If you made a routine of having lunch or dinner together often and now he's never in the mood, or just doesn't feel well or isn't hungry. None of these signs alone means that your boyfriend is cheating on you. But if all of these things come up repeatedly, then it either means that he's spending a lot of quality time with someone else, or that he doesn't want to spend time with you anymore. If he's always making excuses for why he doesn't want to hang out with you, then you should ask yourself why you're still in the relationship. , Even when he's not making excuses, your boyfriend could start saying things that make him sound like another person all together. If there's suddenly a change in how he talks to you and how he talks in general, then he may be thinking of another lady. Here are some signs that the things he says may show that he's cheating: If he stops complementing you.",394,True,,,,boundless-asura/wikihow
howto,,human,human,human,"People can experience pain from a fight or break up in different ways, and your sister is no exception. Don't just assume what she is feeling; it will vary depending on who the fight was with or what the break up entailed. If she looks devastated, now is the time to step in and show some love; don't say anything along the lines of, 'Your boyfriend was a jerk anyway"" or ""You deserved better than a fight like that"". Maybe hug her or bring her a bowl of ice cream. If she looks angry or frustrated, show her that you feel the same way. Help her express her anger positively, whether it's screaming into a pillow or going to a karate class.; , If she is in the middle of crying her heart out, you should give her some space. While you may think bringing her some chocolate will help, it could come across that you don't care about her pain and are trying to change the subject. It is crucial to let your sister be alone and figure out her emotions herself if you are the one who started the fight or made her upset. You can cheer her up and say your apologies later when she is done crying and has had some time to think. If your sister is angry or frustrated and yells at you when you try to comfort her, back off. She obviously doesn't want your help if she verbally told you so. This also goes for if she is having an anger episode or expressing her emotions violently (screaming/yelling, kicking, punching, throwing things, etc.) , If she says no, respect that and say something like, 'That's okay, we don't have to talk. I'm happy just to sit here with you' and hug her. If she does talk about her feelings, genuinely listen and say something like, 'I'm here for you' or 'this must be hard for you'. Sometimes this will help her feel better, but in some situations it may not be the best option. , Make her a special breakfast in bed, give her a homemade card, do something with her that she loves, or anything that will show her that you're there for her in her time of pain. , Just because you're there, doesn't mean she'll chin up immediately.",389,True,,,,boundless-asura/wikihow
howto,,human,human,human,"Dictionaries contain definitions of words, their usage, and their origins. All of this information can help you decide if a given word is the right word to use in the section of text you're working on. Dictionaries are available in both hard-copy and online format; you may want to make use of both formats. Use the dictionary to help you communicate better with your readers, not to inject fancy words into your writing that send them to the dictionary to understand what you're trying to say. Do use less-familiar words that can readers can figure out the meaning of from the context the words are used in. Specialized dictionaries exist for certain industries that have their own jargon, such as information technology, the law, or medicine. If you write a certain type of fiction, such as medical thrillers, police procedures, or science fiction, you may want to get a dictionary devoted to specialized terminology to go alongside your general dictionary. , A thesaurus is a listing of synonyms, grouping words and phrases together that have the same or similar meanings. Printed thesauruses are organized in 1 of 2 ways, either in dictionary fashion or with an index in the front, listing categories and code numbers for each subtopic, followed by the synonym groups that fall under those categories and code numbers. Online thesauruses feature a search field into which you type the word or phrase you want to find a synonym for and then list the synonyms grouped by the particular connotation (shade of meaning) of the word you typed. , You can take advantage of vocabulary builders such as Word of the Day, in either day calendar or Internet form, and books such as ""30 Days to a More Powerful Vocabulary."" , As you read, pay attention to how the writer uses words to paint a visual picture in your mind and look for ways to emulate those techniques in your own writing. , Poetry makes considerable use of imagery and symbolism in the words it uses, as well as the meter and rhyme. Reading and writing poetry can help you learn to use words that convey images to others in your prose writing. , Games such as Scrabble, Bananagrams, and Unspeakable Words help you develop and practice your vocabulary, with the competition against other players substituting for the pressure of a deadline to stimulate your thinking process.",399,True,,,,boundless-asura/wikihow
howto,,human,human,human,"Do jumps over a soft surface and always wear sneakers or other gym appropriate shoes.; , Always stretch before jumping and during any other free time. You can even stretch while you watch TV. The following are only a few of many exercises that will help stretch the important muscles used for jumping: Sitting Straddle: Sit on the floor with your legs out in the shape of a ""V"" as far as possible. First, lean to your left foot and grab around the foot. You should feel it stretching your side and the back muscles of your thigh. Then, switch to the right side. Finally lean down the middle by pushing your hands forward as far as possible without having the legs or feet turn inwards. Sitting Toe touch: Sit on the floor with your legs beside you. Point your toes and lean to each side holding for about 10 seconds. Grab your feet if possible and pull your head to your knees. Flex your feet so that your toes point up and stretch side to side again. The stretch will be in the back of your calves (the back of the bottom part of your legs). Sitting Pike: Sit on the floor with your legs stretched in front of you, knees extended outwards, and your feet touching each other. Stretch in front of you holding for 10 seconds.. Lean forward as far as possible, getting your face close your feet. Then, still keeping your feet together, try holding it longer, or for another 10 seconds. , As a main part of cheerleading, jumps should be practiced as often as possible. Great jumps make a better cheerleader. Jumps are always done in eight counts. Some popular jumps include the t-jump, spread eagle, hurdler- front and side, shushunova, around the world, double hook, and double 9. Here are a few examples of how to do important jumps: Toe-Touch. Begin with feet shoulder width apart and hands on your hips. Hold this position for ""5,6,7,8"". On ""1"", snap your feet together and put your arms up in a tight V. On ""2"", swing your arms down so that they cross each other in front of you, and bend your knees. When your arms are fully crossed your knees should be in a deep bend. As you swing your arms out, begin to jump up. Hit the full toe-touch on ""3"".",398,True,,,,boundless-asura/wikihow
howto,,human,human,human,"Hold the ball between your index and middle fingers. Slot the ball between these fingers, so they’re split wide but comfortably and the seam runs between them horizontally. Bend your ring and little fingers, so the inside of your ring finger touches against the side of the ball. Your little finger should rest along your ring finger.“Two fingers down and two fingers up” is a quick way to remember the grip. Your index and middle fingers are straight and point “up,” while your ring and little fingers are bent and point “down.”; , Make sure there is space between your palm and the ball. If it is pushed too far into your palm, then you won’t have the leverage you need to properly spin it. Your wrist and middle finger will do all of the work., Holding the ball too tight also prevents you from getting the right leverage and from controlling the spin. Let it gently rest between your middle and index fingers, with your thumb held close to the index finger but off the ball. Your whole hand will give the ball motion, but only these contact points will give it rotation and curve. Keeping your grip loose allows for more freedom of motion when you spin it., Bend your wrist at a 90-degree angle to prepare your delivery, so that if you put your arm straight down and flat at your side, the palm of your hand (and the ball) face upwards. Holding your wrist at this angle will allow you to quickly rotate the ball from right to left when you release it. Remember that the leg break’s rotation comes from the motion of the wrist and middle finger, so set your wrist so you’ll be able to cock it correctly., Aligning the left side of your body with your target. This will help you aim and control your approach. It will also allow you to gather momentum when you rotate your body when you throw the ball., Get your stance ready for your approach. Your run up cannot too straight nor too angled. Either extreme will prevent you from rotating the ball properly and from using your non-bowling arm for momentum. , Right before you bowl, lift and slice your non-bowling arm down hard in front of you. Use your arm and the left side of your body to give you more momentum.",398,True,,,,boundless-asura/wikihow
howto,,human,human,human,"When you are having any kind of conflict with another person, it’s best to to avoid dealing with the problem while you are feeling angry, frustrated, or upset.You will probably not communicate well, and may just make the situation worse. If possible, remove yourself physically from your little sister. Talk about what happened when you both feel calmer. If you can’t get away, try to keep your head. Blowing up at her will only make things worse. Take a breath and count to ten before responding.; , Instead of saying, “You are such a brat!” or or “Why won’t you leave me alone?” try telling her, “When you do that, I feel sad/hurt/disrespected/upset. It hurts my feelings. Do you like it when people hurt your feelings?” This helps your sister understand the impact of her behavior and teaches her that her actions have consequences.Using ""I"" language rather than blaming, criticizing, or accusing your sister will also show her that you respect her. She will be much more likely to treat you with respect in return., How is she experiencing your conflict? Even if you continue to disagree, understanding where she's coming from will help you both move toward a solution., Were you always totally rational, or did you sometimes do ridiculous or embarrassing things? Do you think you ever annoyed people? Do you remember how it felt when people you loved or looked up to were mean to you? Your sister’s brain is still developing, and she needs patience as she figures out how to interact with others. The more empathy you show her, the more she will learn, and the less annoying she will become., If you want to change her behavior, you have to understand why she acts the way she does.Although it may not always seem like it, your sister looks up to you. She wants to spend time with you, and to know that you love and respect her.If you show her that you do, your relationship with her will become much easier. Consider the consequences of your own actions. For example, if you give your sister the silent treatment she will become desperate for your attention, which may make her even more annoying.",368,True,,,,boundless-asura/wikihow
howto,,human,human,human,"It isn’t professional or collegiate football, but at a high school level coaching football still takes up a lot of time. Depending on your position, the job can take anywhere from 15-60 hours a week, often on top of a full-time job.Possible commitments include leading game film studies, weightlifting, coaches’ meetings, drawing up game plans, scouting, recruitment, and parent meetings. Those that have a significant other or a family should speak with them first. The time commitment involved means less time you get to spend with them, so if they aren’t on the same page with your goals, relationship problems will occur down the line.; , To become better at not just winning games but inspiring players in their personal lives, there’s no better way to learn than to hear it from the people who have been there. Pick up media from actual coaches, including books and interviews, as well as discussing the sport with others.You can start with books such as 'Finding the Winning Edge by Bill Walsh for on-field coaching, Faith in the Game by Tom Osborne for impacting the lives of players off the field, and Quiet Strength by Tony Dungy and Wooden by John Wooden for living a balanced life. Don’t forget to study up on plays! While a positional coach can get by learning the position, a head coach needs to know offense, defense, and special teams inside and out. Read books and study game film. Dig deep to find football documentaries that offer insight on coaching, such as those in ESPN’s 30 for 30 series. Popular movies can help too, but keep in mind that movies such as “Remember The Titans” and “The Blind Side” are criticized for placing feel-good messages over historical accuracy.Online reading is always an option. Seek out discussion forums, coaching interviews, and other places where you can meet and benefit from avid fans, former players, and coaches. , Chances are you're already doing this in some capacity. If you live near a city with a professional team, you can get tickets to the games. If you have a child, you may attend their games. Either opportunity gives you a chance to expose yourself to not only plays, but how people learn. Naturally, as a potential high school coach you want to focus most of all on the high school level, so show up to those games.",396,True,,,,boundless-asura/wikihow
howto,,human,human,human,"Ask mutual friends about the boy’s hobbies or favorite past times. Snoop on his social media to find out his favorite music, movies, and television shows. Pay attention to any sports he plays at school or when he is around friends. For example, you may ask his mutual friends, “What is his favorite thing to do outside of school?” or “Can you tell me what his favorite television show is?”; , Find him on social media platforms like Instagram, Snapchat, Twitter, and Facebook. Follow him so you can get to know him better through social media. If he follows you back, this can help to build your friendship.You can also use social media to learn more about his interests as well as a direct line of communication. This may help you feel more comfortable with talking to him and help your friendship blossom. , People are generally attracted to others with similar backgrounds and it will be easier for him to connect with you if he sees these similarities. Think about interests you have in common with the boy, such as a favorite television show or sport. Then, use these shared interests as icebreakers for your first conversations.For example, you may find out that you both like action movies. Or you may discover that you share a common interest in video games. Do not pretend to like things the boy likes just to become friends with him. You will likely find at least one thing you have in common with him so you do not have to fake it. , If you have not had a lot of interaction with him, you may feel more comfortable getting to know him within a group. If you have mutual friends, ask them to help facilitate an introduction when you’re all together.If you do not have mutual friends, you could consider becoming involved in a group or club that he attends. This will not only aid in increasing your interaction with him, but will also create an instant common ground that may feel more natural. , When you are around the boy, try to project an open, friendly demeanor. Avoid aggressive body language such as clenching your fists and crossing your arms.",369,True,,,,boundless-asura/wikihow
howto,,human,human,human,"Minimizing bras are specialty bras which specifically add no bulk. They help a little and may be enough for your purposes, especially if you're just wanting to fit into particular clothes. Sports bras, however, not only provide support but also flatten your chest. These originally served the purpose of stopping breasts from moving during exercise, causing pain. If large, painful movements are a concern (for both physical and superficial reasons), sports bras may be the solution for you.; , You probably have heard of Spanx or other shapers. These are items you wear under your clothes that suck everything in. You can buy ones which cover all sorts of different areas of your body but for you, one which covers the chest will be the most helpful. You might find these sold online under the word shaper or chest binder, but they will usually both be roughly the same thing. , If you're desperate and none of the other options have worked for you, you can use chest binding as a temporary solution and last ditch effort. It only is really helpful for those with breasts in the US C-DD cup range, but you can use it outside of the range as well. Keep in mind that this may not be comfortable but it will get the job done if you just want to have some nice pictures taken or fit into a special dress. , You can buy good, safe binders from many different sources online. Make sure any binder you wear is safe and will not cause any physical problems. Only bind with a specialized binder, do not use Ace bandages or any similar product. Ace bandages are meant to compress, and can cause breathing problems, bruises, rib fractures, or otherwise damage breasts if when worn for frequent and extended periods of time. , Wearing baggy clothes will only make you look larger all over and increase the problem. Wear clothes that aren’t tight, but fitted, and cover the breasts entirely to look good without attracting excessive attention. You'll want to do the same with your bra. Just wearing a bra that fits makes a huge difference in how your breasts feel. , Avoid cowl-neck sweaters and shirts, turtle neck shirts and sweaters, tops with puckers or gathers around the chest, ruffle-front shirts, and any other items which add volume to your chest.",395,True,,,,boundless-asura/wikihow
howto,,human,human,human,"Free verse poetry does not have a structure and there are no rules around meter or rhyme scheme. As the poet, you have the freedom to express yourself any way you would like, while bearing in mind that free verse poetry is still a form of artistic expression. You can use the freedom of the free verse to create striking images and explore a range of emotions. To get yourself in the mindset of a free verse poet, you should read several examples, including:“After the Sea-Ship” by Walt Whitman“Little Father” by Li-Young Lee“Winter Poem” by Nikki Giovanni“in Just” by e.e. cummings, Once you review the examples, you should look at how the examples address their subject matter and how they use keywords to discuss their subject in the poem. Though the form of the poem is open, the poet likely still uses key terms and images to create meaning in the poem. For example in Li-Young Lee’s poem “Little Father”, Lee uses the topic of his father and flips the idea on its head by calling his father “my strange son”, and “my little root”. He then imagines his father as a “little pale foot” and a “little clock”. These strange and vivid images allow Lee to explore the idea of fathers from an interesting perspective.Another good example is Walt Whitman’s “After the Sea-Ship”, where Whitman describes the scene after a ship has passed through a stretch of ocean. He uses strong images like “white-gray sails” and “myriad waves” to create a strong impression in the reader’s mind. The poem also builds on image after to image until it follows the movement of waves. Though the poem is technically not structured, it does have an arc and build up to an ending., In free verse poetry, you have the freedom to play with meter, structure, and language. To generate content for your poem, you can write down a list of keywords and images that relate to your subject or theme. You can then string these words and images together to form lines for the poem.For example, if you want your poem to focus on the theme of sadness, you may write down words and images that communicate “sadness” to you. You may focus on specific moments in your life when you felt sadness and use these images to create the poem.",391,True,,,,boundless-asura/wikihow
howto,,human,human,human,"If only one of your tubes is blocked, and you are otherwise healthy, your doctor may suggest a course of fertility drugs like clomiphene, Femera, Follistim, Gonal-F, Bravelle, Fertinex, Ovidrel, Novarel,Antagon, Lupron, or Pergonal.Several of these drugs (Lupron, Pergonal) shut down the pituitary gland so you can control it with medication. They may be used in combination with other drugs, which cause your pituitary gland to release follicle-stimulating hormone (FSH) and luteinizing hormone (LH), thereby increasing the likelihood that you will ovulate and become pregnant (using the open fallopian tube). Note that this treatment will not work if both your fallopian tubes are blocked. If this is the case, you’ll need to begin with more aggressive treatment options. The most common risks of taking fertility drugs are multiple pregnancy and ovarian hyperstimulation syndrome (OHSS).OHSS occurs when your ovaries become filled with too much fluid.; , If your doctor thinks you are a good candidate for surgery, they may recommend a laparoscopy to open blocked tubes and remove any existing scar tissue. Laparoscopic surgery does not always work. The success of your procedure will depend on your age and the cause and extent of your blockage. If your blocked tube is relatively healthy, you have a 20 – 40% chance of getting pregnant after surgery. The procedure will not be painful because you will be under general anesthesia. Risks of laparoscopic surgery include bladder infection and skin irritation around the surgery site.If you have a particular kind of blocked fallopian tube known as hydrosalpinx, in which the tube fills with fluid, you may not be a good candidate for surgery. Discuss your options with your physician — they may recommend removing the tube. This kind of surgery increases your risk of future ectopic pregnancies (in which the fertilized egg implants outside of the uterus). If you do get pregnant after your laparoscopy, your doctor should follow your progress closely and watch for signs of an ectopic pregnancy. , Salpingectomy involves removing part of your fallopian tube. This procedure is done when a tube has a buildup of fluid called hydrosalpinx. This procedure is done before undergoing an attempt at in vitro fertilization (IVF).If the end of the fallopian tube is blocked due to hydrosalpinx, a salpingostomy is performed. This procedure creates an opening in the fallopian tube near the ovaries.",389,True,,,,boundless-asura/wikihow
howto,,human,human,human,"If you are suffering from ongoing nightmares that are affecting you during the day, then seeking help from a mental health professional is a good first step.You can start by seeing your doctor to discuss your nightmares and determine if the nightmares may be the result of medications or a physical condition. To receive a diagnosis of nightmare disorder, your nightmares cannot be explained by drug or alcohol use, medications, or another physical or mental health condition.If you have any of these factors, then see your doctor to find a way to correct the problem. For example, if you are taking a prescription drug that lists nightmares as a potential side effect, then your doctor may need to switch you to a different medication. If you have an existing mental health problem, then seeking treatment for that condition may help to alleviate your nightmares.; , One of the criteria for nightmare disorder is that the dreams must be bad enough to cause you to wake up. The dreams may seem to threaten your life, safety, and self-esteem. For example, you might dream that you are being attacked by a person or a wild animal, or that you are being ridiculed by a group of your peers. After you wake up, you will feel alert and aware of your surroundings.You may feel quite distressed upon waking as well. This feeling may last all day and interfere with your ability to engage with work, friends, family, and/or hobbies., The length of time that you have been suffering from nightmares will affect how the clinician evaluating your condition will rate your disorder. The categories include:Acute. Nightmares have been ongoing for one month or less. Subacute. Nightmares have been ongoing for one to six months. Persistent. Nightmares have been ongoing for six months or longer. , Your doctor or mental health practitioner will also assign a specifier to indicate the frequency of your nightmares. These specifiers include:Mild. This means that you have no more than one nightmare per week. Moderate. This means that you have more than one nightmare per week, but that you do not have a nightmare every night. Severe. This means that you have nightmares every night.",366,True,,,,boundless-asura/wikihow
howto,,human,human,human,"Update your antivirus software and firewalls so you don't have to worry about strangers sending virus or malicious software to you. Make sure you're dressed appropriately - err on the side of modesty if you're nervous - and make sure there is no personal information such as a phone number or full name visible in the background behind you, as this could be caught by your webcam while chatting.; , Choose a genuine interest, but choose a fairly specific one like ""classical musicals"" or ""cross-country skiing."" Avoid general, ambiguous interests like ""movies,"" and never put anything even remotely sexual, as this will attract precisely the wrong kind of people. , Omegle warns you if the stranger is using a simulated or recorded webcam, and most people who do this are some kind of troll or are otherwise untrustworthy. Instead, opt to chat with someone using an authentic, real-time webcam, as this will allow you to have an actual conversation and make friends. , If the stranger swears or abuses you verbally, asks you to strip or perform a sexual action, offers to do so himself, or does so without asking, leave the conversation and report the user immediately. If anything they say makes you feel uncomfortable or unsafe, even if it's not explicitly abusive, leave the conversation immediately. , If the person you're talking to is worth making friends with, chances are they'll also be worried about internet safety. Asking for (or giving) personal information like age and location can make you seem rash and suspicious. Instead, focus on getting to know them and having a casual conversation. If it goes well, you can trade contact information at the end of the conversation, so you don't need to ask for this information until then. , Chat with them for a considerable amount of time - more than an hour - on Omegle Video Chat. Try to get to know them before becoming friends. Make sure there are no red flags during the conversation - make sure they seem like a normal, safe, reliable person. If at the end of the conversation you feel that you want to be friends with them, find another way to contact them. Give them your IM screen name, email address, or, if you really want to, your Facebook account.",384,True,,,,boundless-asura/wikihow
howto,,human,human,human,"Fresh breath is important for kissing because you want to give the boy as many excuses as possible to keep on kissing you. Try using lifesavers or mints and always brush your teeth before you meet up with him. Remember, bad breath isn't the end of the world but avoid it if you can. Try not to eat strong, spicy, or garlicky food before you see him. Again, if you can't avoid it, it's not a huge deal but it's better to avoid it altogether.; , You can't always plan when and where you'll kiss a boy, but you can try to be prepared. If you're dressed pretty and in a way you feel comfortable, you'll have a spring in your step. That means you will be more confident. More confidence means that there's a bigger chance the boy comes back to kiss you again. Don't necessarily wear lip-gloss, and don't wear heavy lipstick. Lip-gloss and lipstick, especially, will rub off on your partner, making him look sparkly or sloppy, depending on the situation. Stick with lip balm instead. Don't wear a bunch of accessories like hats, or wear your hair so that it gets in the way. Boys like natural beauty anyway. You may want to try kissing the boy when you have your hair up, so that he focuses only on you and the kiss, not the hair tickling his face. , Public places are generally not so good for the first kiss, as you can get people staring at you or even heckling you. Try to find a place that's public, but still intimate, for you to share your first kiss. , This will not only make him understand that you like him, but will also give him some time to adjust to you, so that you're not going from 0 to 60 in a second. Hold his hand or put your arms over his shoulders. Start moving your body so that he's much closer to you; it'll be awkward if you have to move a long way to kiss him. Touch his hair or face to make him know that you are interested. Gently touch his nose with your pointer finger and smile at him. You can even try hugging him first, and while you're still hugging him, lean back and go in for the kiss. This creates a connection from the very moment you hug.",400,True,,,,boundless-asura/wikihow
howto,,human,human,human,"Prove to her that you’re going to get a lot of use out of the clothing you want now by showing her that you still wear clothes that you wanted really badly in the past–even if you hate them now. If you can’t stand being seen in them, save them for the weekend and family functions, when you’re less likely to see schoolmates.; , Feel free to take fashion cues from your friends (it’s perfectly normal for you and your friends to influence each other),but stop short of wanting something just because that’s what they’re wearing these days.The more you follow your friends’ lead, the less likely your mom will buy the clothes you pick out if she doesn’t like them, just because she doesn’t think your fashion choices are your own. Dress the way you want to dress and convince your mom that she won’t have to buy you a whole new wardrobe the next time your friends switch theirs. If you’re adopting a certain style, start small. Say you’re Goth; your mom might refuse to buy you really ornate outfits right away because she thinks this is just going to be a “phase” for you. Choose simple ways to dress Goth in the beginning. Stick to black jeans, black shirts, black jackets, etc. Prove to her over time that this is more than just a phase. Convince her that more elaborate clothing won’t be money wasted. , Convince your mom that this isn’t just an impulse buy. Go to stores on your own or ask your mom to take you so you can just look at stuff. Try clothes on and see what you like. Then tell your mom you’ll think it over before asking her to buy anything. Show her that this is something you really want and not just a passing fancy. , Ask yourself why you like these clothes in the first place. Based on your answers, come up with clear reasons why it’s important for you to have them. Use these reasons to convince your mom. Show her that you’re putting actual thought into this, like an adult.For example, if she argues that these clothes are too “old” for you, tell her that you’re only growing older; mention things like job- or college-interviews as reasons why you need to look more mature.",388,True,,,,boundless-asura/wikihow
howto,,human,human,human,"What information is important to you? What will you do with the marketing report after it is created? This process requires an investment of time and expense. Make sure that you have a clear plan for using the information that you collect.Market research is the process of evaluating how well your marketing efforts are working. Specifically, does your marketing get the attention and interest of prospects? Are you converting enough of those prospects into clients?; , Before you can identify your customer's need or problem, you must identify your target or typical customer. Your target audience is the specific customer profile your are trying to reach. This could be people of a certain gender, age, profession, interest set, group, or any other quality that you think makes a customer want to buy your product. In other words, these are the people who are most likely to buy your product and the people that you tailor your marketing to.The more specific you can be about the identity of your customer, the better you can address their needs. Ask yourself, ""Who am I targeting with this product?"" and ""What do they want?"" Look at your current customers. What's the average age? Gender? Education level? Personality? Lifestyle? Hobby? Occupation? Marriage status? Values?, Consumers buy products to solve a specific problem. Your customers will only buy when they feel that solving the problem is urgent.For example, based on customer surveys and your industry knowledge, you uncover a customer problem. In this case, customers are losing time working or studying when their cell phone dies. If they forget their charger, they may lose hours of productivity. , Think about how exactly you went about responding to the customer's problem. Why did you solve it that way? What make you think about the problem in this way? What exactly does your product or solution do or include? For example, to solve the problem of dying cell phones, you create a phone charger built into a backpack. Your customers use backpacks to store computers and other work or school items. As a result, the worker or student can always charge their phone. , Figure out whether or not your product has reduced the impact of the problem you saw. This is also a good place to determine whether or not your problem needed solving in the first place.",391,True,,,,boundless-asura/wikihow
howto,,human,human,human,"One big indicator that someone is totally into you is by checking to see if that person has reached out to you via social media. This means someone is thinking about you when you are not together and wants to learn more about your personal life., If she sends you a text message just to see what you are doing, or texts you all day long, then she probably can't get you off of her mind. Constant communication is a clear sign that she has a crush on you., If someone has a crush on you, she may lightly make fun of you, not to hurt your feelings, but to make you smile. The is a common method of flirtation.Along with teasing, watch for funny conversations. Chances are, she will try to keep conversations light and funny to get you to laugh, if she has a crush on you. , It can be hard to tell if someone always tries to look their best, or if it is for you. If you are Facebook friends, try looking at her photos to get a sense of what her appearance is like when you two are not around each other. If it seems that she tries to look at her best only around you, then you know she is trying to impress you., If someone stops at a shop you love to buy you a special gift, or surprises you with a little treat, then it is a sign of a crush. She wants to make you happy with her small gestures of affection and show you that she cares., If someone is always willing to spend time with you and never misses a chance to see you, then you can be sure she has a crush on you. Watch to see if she attends the same parties as you or cancels on other plans to hangout with you., If someone is crushing on you, be ready for compliments about even the smallest changes you make. Someone who likes you will notice when you get a haircut or buy a new pair of shoes, and she will let you know about that new change with a compliment.",365,True,,,,boundless-asura/wikihow
howto,,human,human,human,"Understand your strengths and weaknesses. If your team doesn't have a strong sniper, you must go on the attack, and take the other team out. If your team has strong snipers, then set up traps, where when the other team comes into a zone you have people shooting from all directions, even experiment with your positions to see find your best two more example if any team member thinks it would be too likely to get tagged in the middle of the paintball war and it is too risky if they get noticed then being a sniper might be a better choice. The second example is if any team member thinks ""Oh, who would want to mess with this person in the middle of the field"", then go for Infantry, Rifleman, Gunner, Guard, Patrol or Scout, these two examples are found out from experience and practice so this may take some practice at paintball to realize this type of suggestion. Please keep in mind that the more noticeable you are, the more prone you are to get tagged; things like sound, improper camouflage,bright colors,radios,loud music,some times you're better off keeping it to your self then saying it to others think of it it's a better choice to keep it to your self about reloading then to yell cover me reloading in case of snipers or other opponents that find you compared to not being noticed from keeping it to self; , At the beginning of the game, when choosing teams, notice what type of weaponry the other team has. Notice the key players (these are usually the leaders of the teams) and what they have with them. Notice ammo supply that the key players have. You must be very observant!but don't rudely stare at them because then they will notice you and tag you remember to consider the weaknesses in tactics of both your opponents action and weapon for example if there's a whole bunch of opponents you don't use your paintball gun what you use is a paintball grenade, if you think someone is about to paint grenade you or tag you tag them fast before they get a chance , Figure out where you can make your strong side. Plan for attacks. You must hope for the best, but plan for the worst. Have an attack squad, and a defense squad.",393,True,,,,boundless-asura/wikihow
howto,,human,human,human,"Nerf doesn't actually make many air-pressure pump guns, but many people refer to all foam blasters as ""Nerf guns,"" so this is a common mod in Nerf circles. These guns are typically primed by pumping a primer about five times to build up air pressure, which then shoots the gun. A plastic release valve is included for safety purposes, keeping the gun from exploding. You can plug that valve and get more power out of your gun, as long as you're careful. , On a pump-action gun like this, the pump should come loose in one easy piece. It should have a long insert and a thicker chamber that's used to fill with air, a bit like a bike pump or some other kind of pressure pump. Pull it loose, as it shouldn't be screwed into anything after you remove the housing. Unscrew the end cap and pull the primer from the air chamber housing. It should have an end piece with a little rubber seal around it, which is used to create friction and pump the air. , On the end of the chamber where the air is pumped, there should be a little open release valve, which is basically just a hole. This is used to let some air escape if you over-pump the gun, creating too much pressure. If you plug this hole, you can get a lot more strength out of your blaster. Use a small dot of hot glue over the hole, smoothing it out and making sure it seals and covers the hole completely. Let it dry thoroughly before moving forward. Please note that the release valve is included to keep the plastic from breaking and popping open when you fill the chamber with pressure. It's toy-grade plastic we're talking about here, not strong metal, so you'll run the risk of breaking the gun completely if you do this, making it irreparable. You might get more power out of it, but only for a short period of time before it breaks. , Another way to increase the power is to remove the black rubber O-rings from the plunger in the air pump and replace them with thicker rubber. This will create a tighter seal around the pump, creating more pressure and more power with each shot.",382,True,,,,boundless-asura/wikihow
howto,,human,human,human,"If your parent is likely to downplay their alcoholism to a medical professional, consider going with them to their medical appointments. Raise any concerns you have with their medical professional. If your parent minimizes their alcoholism or tries to talk around it, speak up and make sure your parent has adequate information about how alcohol may affect their health.Ask the medical doctor, “Are there any guidelines you would suggest for alcohol consumption? How might these medications interact with alcohol?” , Quitting alcohol cold turkey can cause severe or even deadly withdrawal symptoms.Talk to your parent’s doctor or other medical professionals about creating a healthy and effective way to reduce or eliminate your parent’s alcohol consumption. Your parent’s doctor may prescribe a medication to help your parent reduce their alcohol consumption, or they may refer your parent to an addiction specialist or mental health specialist. A psychologist or other mental health specialist may be able to help address any underlying psychological issues that might be contributing to your parent’s drinking. , If your parent is in assisted living or you are planning to look into assisted living, check their alcohol policies. Some may serve alcohol, others may ban it, some consider alcohol only under a physician’s guidance, still others only allow it in certain areas. Think about what may be the best option for your parent. Carefully consider the options before making a choice.If you’re about to admit a parent to assisted living, let staff and physicians know ahead of time of your parent’s alcoholism. , While you may think you are helping your parent, it’s likely they will go buy more. This can lead to anger, resentment, bitterness, fights, or large disagreements, especially if your parent is under the influence when you do it. Your parent will only stop drinking when they are ready to get help and not before, despite your best efforts.Also keep in mind that abruptly cutting off your parent’s access to alcohol can lead to dangerous or deadly withdrawal symptoms. , If you know your parent is likely to drink, find an alternative way for them to go home. Offer a ride, find a taxi, or plan to meet at their place. If you know your parent is resistant to get help, keep them safe in the meantime.",382,True,,,,boundless-asura/wikihow
news,,human,human,human,"By . Daily Mail Reporter . PUBLISHED: . 16:10 EST, 3 May 2012 . | . UPDATED: . 16:19 EST, 3 May 2012 . The wife of a former Minnesota Viking was convicted today of two felonies in a hit-and-run that killed a man. Amy Senser was charged with three felony counts of criminal vehicular homicide in the death of Anousone Phanthavong. Senser was found guilty of two counts: leaving the scene of an accident and failure to promptly report an accident. She was acquitted on a third felony charge of gross negligence. She was also convicted of misdemeanor careless driving. Deliberation: The jury found Amy Senser guilty of two of the three counts after she fatally hit Anousone Phanthavong on August 23 last year and left the scene of the accident . Senser, 45, of Edina, showed little emotion as the verdicts were read. She stared straight ahead. Jurors looked tense at the conclusion of the highly publicized trial, with one crying and dabbing at tears with a handkerchief. Senser was to remain free until . sentencing. Each felony count was punishable by up to ten years in . prison, but sentencing guidelines suggested four years for each count. The misdemeanor carried a potential sentence of up to 90 days in jail. To get a conviction on the first felony . count, the prosecution had to prove that she knew she hit a person. On . the second count, the prosecution needed to prove that not only did she . know she struck someone but that she failed to report it as soon as . reasonably possible. The third requires the jury to conclude she acted . with gross negligence, not just ordinary negligence. Phanthavong, 38, was a chef at a Thai . restaurant near the site of the accident. His car had run out of gas . and he had pulled to the side of the highway exit ramp. He was filling the car's tank when he . was hit. Parts of a Mercedes were found at the scene, and authorities . sought the public's help in finding the driver. Nearly 24 hours later, attorney Eric . Nelson called authorities to tell them they could pick up the vehicle . involved at the Sensers'. Despite giving up the vehicle, the . Sensers didn't talk to police, fueling speculation about who was driving . and whether alcohol was involved.",400,True,,,,abisee/cnn_dailymail
news,,human,human,human,"(Tribune Media Services) -- Be forewarned, Ireland is seductive. Traditions are strong and stress is a foreign word. I fell in love with the friendliest land this side of Sicily. It all happened in a Gaeltacht. As you explore the lush Dingle Peninsula, you'll see how the Emerald Isle got its name. Gaeltachts are national parks for the traditional culture, where the government protects the old Irish ways. Shaded green on many maps, these regions brighten the west coast of the Emerald Isle. Gaeltacht means a place where Gaelic (or Irish) is spoken. But the Irish culture is more than just the language. You'll find it tilling the rocky fields, singing in the pubs, and lingering in the pride of the small-town preschool that brags ""All Gaelic."" The Dingle Peninsula -- green, rugged, and untouched -- is my favorite Gaeltacht. While the big tour buses clog the neighboring Ring of Kerry before heading east to kiss the Blarney Stone, in Dingle it still feels like the fish and the farm actually matter. Fishing boats still sail from Dingle, and a nostalgic whiff of peat scents its nighttime air, offering visitors an escape into pure Ireland. For 30 years my Irish dreams have been set here, on this sparse but lush peninsula where locals are fond of saying, ""The next parish is Boston."" Of the peninsula's 10,000 residents, 1,500 live in Dingle Town. Its few streets, lined with ramshackle but gaily painted shops and pubs, run up from a rain-stung harbor, home to a friendly dolphin. You'll see teenagers -- already working on ruddy beer-glow cheeks -- roll kegs up the streets and into the pubs in preparation for another night of music and craic (fun conversation and atmosphere). The Dingle Peninsula is worth exploring by bike or car. It's 10 miles wide and runs 40 miles from Tralee to Slea Head. The top of its mountainous spine is Mount Brandon, at 3,130 feet, the second-tallest mountain in Ireland. While only tiny villages lie west of Dingle Town, the peninsula is home to 500,000 sheep. The weather on this distant tip of Ireland is often misty, foggy, and rainy. But don't complain -- as locals will explain, there is no bad weather ... only inappropriate clothing. Leaving Dingle Town by car or bike, it becomes clear that the peninsula is an open-air museum.",392,True,,,,abisee/cnn_dailymail
news,,human,human,human,"(CNN) -- It's hard to imagine Meryl Streep having second thoughts about tackling any role, but the actress admits that she had doubts about ""Doubt,"" her newest project. The cast of ""Doubt,"" from left: Viola Davis, Amy Adams, Meryl Streep and Philip Seymour Hoffman. The film -- based on a Tony Award- and Pulitzer Prize-winning play by the same name -- examines what happens when a strict nun who heads a Catholic school in the Bronx suspects a charismatic priest of having an inappropriate relationship with a student. ""I actually didn't think it would ever be a movie,"" Streep said. ""It was so thoroughly realized on stage, and it was so minimal. It was hard to imagine how or why you would make a movie out of it."" But Streep, who plays the terrifyingly severe and determined school principal, Sister Aloysius Beauvier, said she changed her mind when she saw the final product. ""How did they make the play without any children in it? It is just sort of amazing to me, because to me they are sort of the landscape. They are the lambs of the movie. They are the stakes. They are why everybody is passionate."" Her co-stars are passionate about sharing the screen with a Hollywood legend. Philip Seymour Hoffman, who plays the priest targeted by Streep's character in the film, says he ""adores"" her. Amy Adams calls Streep ""a sweetheart."" Viola Davis says she's ""just fantastic."" Davis' performance in the movie is generating Oscar buzz, with Streep advising the actress to pick out a dress for the Academy Awards. Davis, who plays the mother of the student at the center of the sexual abuse allegations at the school, said she drew on the experiences of her mom and other women she knows to bring the role to life. She expressed awe about any suggestion of an Oscar nomination. ""It's surreal. I don't know how to respond to that anymore,"" Davis said. ""All I wanted to do was good work. ... Everything else is just the icing on the cake."" The movie is set in 1964, but the play was written by John Patrick Shanley after the sexual abuse scandal that rocked the Roman Catholic Church several years ago.",372,True,,,,abisee/cnn_dailymail
news,,human,human,human,"By . Phil Vinter . PUBLISHED: . 07:38 EST, 12 April 2012 . | . UPDATED: . 13:29 EST, 12 April 2012 . Patrick Swayze famously said 'nobody puts Baby in the corner' - but the Dirty Dancing line doesn't appear to apply to the mums who want to see their little girls crowned as the next UK Disco Kid champ. As their fake orange tans shimmer and the thousands of sequins on their expensive, garishly-coloured costumes sparkle under the bright lights, it could be a Vegas show. But it is in fact the surreal world of under 10 freestyle disco dancing where girls as young as four and their mums go to huge lengths to achieve glory in this fiercely competitive environment. SCROLLL DOWN FOR VIDEO . Dressed up: Parents spend thousands on their daughters to ensure they wear the glitziest costumes possible complete with sequins and hair fasteners . Tiring: Cara collapses to the floor with exhaustion after giving her all in a disco dancing performance . In scenes some may find uncomfortable the frenzied crowd whoops and hollers as the gaggle of heavily made up petite dancers push their bodies to the limits as they flip and leap around the dance floor of the famous Blackpool Tower Ballroom. The child dance scene has been highlighted in a Channel 4 documentary which chronicles the journey of four nine-year-old girls as they battle through a series of heats to try and achieve their dream. It reveals the girls' rigorous training schedule which involves contorting their small frames into near-impossible positions and performing unbelievable feats of flexibility, stamina and strength for more than six hours a day. Such is the effort put in by the girls in the documentary that one is shown to collapse in a competition and another appears to be in serious physical discomfort as she takes drags from an asthma inhaler. Balanced: Young Clemmy contorts her body into a near impossible position as she trains for the final of the Disco Kid competition . Painful: A young girl lets out a little scream of pain as she is . pushed from behind by reigning Disco Kid champ cara . Take-off: One of the girls leaps in the air as she takes part in a heat en route to reach the final .",386,True,,,,abisee/cnn_dailymail
news,,human,human,human,"(CNN) -- A convicted sex offender who was sentenced to death for killing a 9-year-old Idaho boy is scheduled to be arraigned Monday on charges related to the killing of a 10-year-old California boy. Joseph Edward Duncan III will answer charges in the 1997 abduction and murder of Anthony Martinez. Joseph Edward Duncan III is expected to appear in court in Riverside County, California, to answer to charges in the 1997 abduction and murder of Anthony Martinez, said a spokesman for the Riverside County District Attorney's office. Investigators have charged Duncan with murder in Anthony's death. Law-enforcement officials also are investigating whether Duncan, who committed his first sexual offense at the age of 12, can be tied to other crimes, according to CNN affiliate KTLA in Los Angeles, California. Martinez was kidnapped on April 4, 1997 from an alley near his home in the city of Beaumont, the station reported; the boy's naked body was discovered a little over two weeks later. Duncan has confessed to killing Martinez and crushing the boy's head with a rock, KTLA reported, citing court documents. Authorities reportedly discovered the boy's body by following vultures to a remote section of a nearby canyon. The body was partially buried under a pile of rocks and bound with duct tape, according to KTLA. Duncan, a high school dropout and drifter, was sentenced to death last August for the torture and murder of Dylan Groene, a 9-year-old Idaho boy. He was convicted of kidnapping Dylan and his then 8-year-old sister before torturing them at a remote campsite and fatally bludgeoning members of their family. In 2007, Duncan pleaded guilty to murder and kidnapping counts in state court for the hammer-attack murders of three other Groene family members. If convicted of murdering Martinez, Duncan can be sentenced to death again.",301,True,,,,abisee/cnn_dailymail
news,,human,human,human,"By . Ray Massey and Anthony Bond . PUBLISHED: . 18:03 EST, 12 July 2012 . | . UPDATED: . 12:46 EST, 13 July 2012 . The M4 motorway has reopened in both directions a week after it was closed for emergency repair works but questions have been raised if the job was rushed to prevent national humiliation. The road, which is expected to be one of the busiest routes during the Olympic Games, was shut last Friday between junctions 2 and 3 after cracks were discovered on a viaduct. It was reopened to traffic - but only to cars and lorries under 7.5 tonnes - at around 5.30am after engineers completed the 'complex' repairs which were due to be fixed yesterday. It prompted Labour to question if safety corners were cut and the job rushed to prevent embarrassment ahead of the arrival of Olympic athletes and their families on Monday. SCROLL DOWN FOR VIDEO . Good news: The M4 motorway has reopened in both directions a week after it was closed for emergency repair works, the Highways Agency said this morning . Labour shadow transport spokesman John Woodcock described the reopening of the M4 as a 'huge relief', but said ministers needed to come out and confirm they were totally happy that the road was safe to use. He said: ’Given the scale of the problem, ministers need to come out and say they are completely confident the crack is fixed.’He told BBC Breakfast: 'The whole country wants the Olympics to be a huge success so it is a huge relief that the road is open because of the chaos it would have caused with athletes arriving on Monday to travel to the Olympic Village.’ The shadow transport minister added: 'There are real questions as to why this crack was found so late in the day as works have been going on there for some time.'The Highways Agency hinted that an exception to the weight rule may be made for Olympic coaches transporting Olympic VIPs and athletes to and from Heathrow preparations for the games get underway.A spokesman added: ""The crack was discovered during an ongoing repair programme. Work on that continues and for this reason vehicles weighing 7.5 tonnes or more will still be restricted from using the motorway between the junctions.",384,True,,,,abisee/cnn_dailymail
news,,human,human,human,"By . Daily Mail Reporter . PUBLISHED: . 08:05 EST, 20 June 2012 . | . UPDATED: . 05:47 EST, 21 June 2012 . The London cable car which will fly Olympic spectators over the Thames will open before the end of this month, Transport for London said today. Transport chiefs have also revealed the pricing structure for the Emirates Air Line - saying it will cost some spectators as much as £16 to buy tickets for the 1.1km river crossing on the £50m cable car. Transport for London said the cable car will open to the public at midday on June 28 - almost a month before the start of the Olympics themselves on July 27. The Emirates Airline seen against the backdrop of the Gherkin, one of London's most famous landmarks . Cabins are tested high above the O2 arenas, formerly the Millennium Dome, and the River Thames in London . During the test drives the gondolas were filled with workers to see how the system would cope with passengers . The month-long period before the Olympics will see transport bosses recoup as much as possible of the rumoured £50m cost of the Emirates Air Line. A 'frequent flyer' ticket for the cable car costs £16, while a one-off, single adult journey costs £4.30 for those who don't have an Oyster Card. The cost of a single ride for non-Londoners and tourists, most of whom won't have Oyster travel cards, equates to around £1 per minute for the five-minute ride from Greenwich to the Royal Docks. The Emirates Air Line will link between the 02 Arena in Greenwich and the ExCel exhibition centre, carrying 2,500 people an hour. The frequent flyer ticket gives tourists 10 journeys at the cost of £16. A single, adult, pay-as-you-go fare with an Oyster Card will cost £3.20, while a cash ticket for those aged 15 or under will cost £2.20 and the fare will be £1.60 for those using Oyster cards. The cables run high above the skyscrapers of Canary Wharf giving the passengers excellent views of the City . Shuttles: The 34 gondolas will be able to take 2,500 passengers an hour . Riders will also be able to make a . non-stop round trip on the cable car, with views of the City, Canary . Wharf, the Thames Barrier and the Olympic Park, at a cost of £6.40 with .",400,True,,,,abisee/cnn_dailymail
news,,human,human,human,"By . Rob Waugh . PUBLISHED: . 05:43 EST, 1 May 2012 . | . UPDATED: . 06:20 EST, 1 May 2012 . The Advertising Standards Authority has widened its inquiry into 'false' claims made by Apple about the capabilities of its new iPad - which is advertised as offering a network UK consumers cannot use. The regulator said was investigating ‘potentially problematic’ claims on Apple’s website about the iPad’s 4G capabilities in the UK. The UK does not yet have widespread 4G coverage, and the iPad will be incompatible with it when the first networks arrive. The feature is much-hyped by Apple as a selling point for the new tablet. Wall of iPads in London's Covent Garden Apple Store: The UK does not yet have widespread 4G coverage, and the iPad will be incompatible with it when the first networks arrive. The feature is much-hyped by Apple as a selling point for the new tablet . This 4G stands for ‘fourth . generation’, a new kind of signal technology used to receive . the internet on mobile phones. Much of the UK already uses 3G, but demand for 'on the go' data means the networks are overloaded. What will make 4G diffferent? The industry says 4G will allow . mobile internet to run at the . same speed as domestic superfast . broadband. This will allow . users to watch videos more . easily on the go, and could . provide access to those whose . are out of reach of underground . broadband cables. When will Britain get its first 4G network? The firm Everything Everywhere . estimates it will be able to put . out the first 4G signal by the end . of this year. It yesterday . published a report saying that a . roll-out of 4G would need £5.5billion . from telecoms companies, but . could create up to 125,000 jobs. Why won't it work with Apple's iPad? The iPad’s current 4G configuration means it will . not be able to connect to British and European networks because the . frequencies are different to those used in the US and Canada. Apple has already offered a refund to . all Australian buyers of the new tablet - which has a similarly . incompatible network - in response to pressure from a consumer . watchdog.",390,True,,,,abisee/cnn_dailymail
news,,human,human,human,"JOHANNESBURG, South Africa (CNN) -- The political crisis that has gripped Zimbabwe for nearly a year may be drawing to an end, but a deadly cholera outbreak there is only getting worse. Zimbabweans walk through mounds of garbage. Lack of sanitation and clean water make cholera spread. The newly formed cabinet of Zimbabwe's unity government met for the first time Tuesday, the same day that Medecins Sans Frontieres (Doctors Without Borders) released a report warning that the epidemic shows no signs of slowing. The outbreak -- one of the world's largest, according to the World Health Organization (WHO) -- is only getting worse, and could be a stepping-stone to other epidemics and health crises, international agencies say. Since August, at least 3,623 people have died and 76,127 people have been infected by cholera, a preventable water-borne bacterial illness that causes severe diarrhea, vomiting and dehydration and can lead to death in a matter of days if not treated. According to a report released Tuesday by Medecins Sans Frontieres (Doctors Without Borders), new cholera patients were being registered at a rate of one every minute at the beginning of February in Zimbabwe. Unless urgent action is taken, the aid group said, the country could see a worsening of the ""massive medical emergency that is spiraling out of control,"" MSF President Dr. Christophe Fournier told CNN Tuesday after his latest visit to Zimbabwe. MSF says the response from the international community to the crisis has been slow and inadequate, and it called on donors to put aside politics and send help immediately. The cholera epidemic has been left to fester as the Zimbabwean government grappled with questionable elections, opposition charges of fraud, power-sharing talks and the creation of a unity government in the last year. During that time, the country's economy and infrastructure imploded, with sanitation systems and garbage collection becoming virtually non-existent. ""The reasons for the (cholera) outbreak are clear: lack of access to clean water, burst and blocked sewage systems, and uncollected refuse overflowing in the streets, all clear symptoms of the breakdown in infrastructure resulting from Zimbabwe's political and economic meltdown,"" the MSF report said. The disease is contracted ""by drinking water or eating food contaminated with the cholera bacterium,"" the Centers for Disease Control and Prevention (CDC) said on its Web site.",384,True,,,,abisee/cnn_dailymail
news,,human,human,human,"Star Wars fans' expectations went sky-high after a photograph of the Millennium Falcon and an X-wing fighter was taken from the air and published online. The picture, showing the spacecraft on set at Greenham Common near Newbury in Berkshire, was taken from a flight school plane flying over the area. It was published on Twitter by Airbourne Aviation Ltd who said: 'Come and book a trail flight with us and fly over the StarWarsEpisodeVII set. Your never know what you might see.!![sic]' Scroll down for video . Skywalking: The Millennium Falcon, left, and an X-wing fighter, right, were snapped from the skies above Greenham Common, near Newbury in Berkshire. The craft, which seems to be half-constructed in this photograph, is set to feature in the new Star Wars film . Her first flight: Han Solo's famous spaceship as it appeared on screen in the original Star Wars in 1977 . The former airfield was famous in the 1980s for the women's peace camp that sprang up around it in protest at the stationing of nuclear weapons on the site. One fan, Tom Bexx said: 'Newbury has become cool THE millennium falcon is here', with another, JasonJ, writing: 'It's not easy to try & hide the Millennium Falcon! Beautiful set'. Star Wars: Episode VII, which is due to be released in cinemas in December 2015, reunites many of the cast of the original films including Mark Hamill, Harrison Ford and Carrie Fisher. The movie's filming schedule was thrown into chaos in June when Ford, who plays Han Solo, suffered a broken leg after the hydraulic door of the Millennium Falcon fell on him at Pinewood. He has since recovered. Space tech: Wires and plugs litter the ground when the cast and crew filmed scenes for the new film in the Forest of Dean, Gloucestershire, above, earlier this year . Oldies and goodies: Star Wars veterans Mark Hamill, Carrie Fisher and Harrison Ford, left to right, will return to battle space baddies in the latest film in the sci-fi series that's due in cinemas in 2015 . Break from filming: Shooting had to stop in June when Harrison Ford, above, broke his leg on set at Pinewood .",366,True,,,,abisee/cnn_dailymail
news,,human,human,human,"By . Daily Mail Reporter . PUBLISHED: . 10:04 EST, 28 June 2012 . | . UPDATED: . 13:48 EST, 28 June 2012 . Eva Hudson, died after being wrongly diagnosed at the Royal Bournemouth Hospital, Dorset . A grandmother died after an Indian doctor made a ‘catastrophic error’ by misdiagnosing kidney failure for a poverty-related infection common in the sub-continent. Dr Neeraj Tekkar wrongly believed Eva Hudson was suffering from hookworm when she was rushed to the Royal Bournemouth Hospital in Dorset. Hookworm is parasitic infection of the intestines that is prevalent in underdeveloped parts of the world like southern India but is rare in Britain. Dr Tekkar had only moved to the UK in 2009 and started working at Bournemouth Hospital in 2011. In fact Mrs Hudson, 77, was suffering from kidney disease which Dr Tekkar did not spot and the mother-of-three and grandmother-of-five died four days later. At an inquest into her death, a coroner recorded a verdict that Mrs Hudson died of natural causes with 'neglect a contributory factor'. Mr Sheriff Payne, the Bournemouth coroner, added that she may have been alive today had she received proper treatment. He said: 'He came up with a novel diagnosis that she was suffering from hookworm - he reassured the family. Daughter Julie Sansome (left) said . Dr Tekkar made a catastrophic error of judgement. Pictured with other members of Eva's family including , Mike Hudson, Sharon Brown and Dave Brown . 'He effectively ignored readings that . showed renal impairment. He should have got further advice on that . aspect and not let her leave the hospital. 'I think she may well have been saved or lived longer if there had been more attention carried out.' Dr Tekkar is still working at Bournemouth Hospital but his position is currently under review by the General Medical Council. Afterwards . Mrs Hudson’s daughter Julie Sansome blasted the Dr Tekkar, who . qualified as a doctor in India in 2003, as well as hospital bosses. She said: 'Dr Tekkar made a catastrophic error of judgement in misdiagnosing my mum. 'However, . we feel the blame must also fall on the shoulders of the Royal . Bournemouth Hospital for allowing him to be left unsupervised in a .",376,True,,,,abisee/cnn_dailymail
news,,human,human,human,"Technology company IBM is putting its supercomputer Watson to work - in a robot call centre. The artificially intelligent computer system is taking on the role of customer service manager and will be called Watson Engagement Advisor. Companies will be able to sign up to IBM's service and its customers can then ring a helpline and complain or get help from the Question Answering (QA) machine. The IBM Watson Mobile Developer Challenge invited teams to design mobile apps using Watson's, pictured, cognitive computing capabilities. The 25 finalists will now submit prototypes for judging, after which only five teams will present proposals to IBM. Three winners will get access to the Watson's developer platform . Customers will be able to ask the Watson Engagement Advisor questions by phone, email and instant messaging. A smartphone app called 'Ask Watson' (pictured) is due to launch later this year . In February 2011 Watson appeared on American quiz show Jeopardy. During the show, clues are given to . contestants that 'require analysis and understanding of subtle meaning, . irony, riddles and other language complexities' that humans can perform . naturally but computers, traditionally, do not. Watson had to be programmed to make decisions and conclusions in this way by a team of experts at IBM. During the show, Watson was given clues as electronic texts, as they were also presented to the human contestants. Watson would then parse the clues into different keywords and sentence fragments in order to find statistically related phrases. The more algorithms that find the same answer independently the more likely Watson was to be correct. Once Watson had a number of . potential solutions, it was able to check against its database to make . sure the answers made sense. Watson then evaluated the response and determined whether to virtually press the buzzer. Watson would then speak with an . electronic voice synthesized from recordings that actor Jeff Woodman . made for an IBM text-to-speech program in 2004. Watson has previously taken part in American . quiz show Jeopardy, and has helped medical research teams diagnose illnesses . in patients. This latest role will use the computer's internal knowledge database to handle customer complaints. With the new service customers can ask Watson questions using conversational language during a phone call. They can also ask questions to Watson through web forms, emails and an Instant Messaging service.",397,True,,,,abisee/cnn_dailymail
news,,human,human,human,"By . Jill Reilly . PUBLISHED: . 06:22 EST, 5 June 2012 . | . UPDATED: . 10:15 EST, 5 June 2012 . Her unnatural tan shocked the world as much as the allegations that she took her five-year-old daughter into a sunbed booth, but new photos has revealed what 'tanning mom' looked like before she bombarded her skin with ultraviolet rays. In a series of monochrome shots taken in her twenties, Patricia Krentcil has a fresh-faced appearance and a smooth, clear complexion. The cleavage-baring swimwear photos are thought to have been snapped as she tried to break into the world of glamour modelling. The shots serve as evidence of how the 44-year-old's excessive tanning habit has affected her skin over the past two decades. Scroll down for video . Two decades before: Smiling widely at the camera in a series of monochrome shots, Patricia Krentcil has a fresh-faced appearance and a smooth, clear complexion . Cover girl: Pictured in her twenties, the cleavage-baring swimwear photos are thought to have been snapped as she tried to break into the world of glamour modeling . Changing faces: The photos serve as evidence of how the 44-year-old's excessive tanning habit, right, has affected her skin over the past two decades . It even appears that her face is a . few shades lighter than her body - a stark contrast to the deep tan she . sports now years over twenty later. The New Jersey woman is dubbed 'tanning mom' for allegedly taking her five-year-old daughter to a tanning salon. Krentcil, who became the target of . public ridicule for her unnatural complexion and wild media appearances, . was due in state Superior Court yesterday. But the hearing was cancelled, because . the Essex County Prosecutor's office referred the case to a New Jersey . grand jury instead. She is believed to pay $99 a month for unlimited access to the sunbed booths. Today she was pictured in a car outside her home today holding the $29.95 'Tanorexic' mom doll. Color chart: Mrs Krentcil sported a tan . back in her high school yearbook photo as well . Ringing endorsement: Patricia Krentcil, is seen leaving her home this morning holding the $29.95 'Tanorexic' mom doll . Krentcil told New York’s Daily News . that some days she tans more than others likening her extreme tanning .",394,True,,,,abisee/cnn_dailymail
news,,human,human,human,"A mother is suing the city of Pierre, it's former police chief and . members of its police department, saying an officer used excessive force . and violated her 8-year-old daughter's rights when he shot her in the . chest with a stun gun. Dawn Stenstrom is seeking unspecified damages in the suit filed in federal court in late July. Authorities say the officer shot the girl with the stun gun from 5 to . 6 feet away because she was suicidal and brandished a knife. A mother is suing the city of Pierre, it's former police chief and members of its police department (not pictured), saying an officer used excessive force and violated her 8-year-old daughter's rights when he shot her in the chest with a stun gun . 'The force of the electricity shot through her body, lifted her and threw her against the wall,' the . Former Pierre Police Chief Bob Grandpre stood by the officer who used the Taser on the girl . lawsuit says. The state Division of Criminal Investigation later concluded that the . officer was justified in using his Taser on the girl because it was the . safest method to defuse the situation. Dana Hanna, an attorney for Stenstrom, told the Rapid City Journal . that the girl suffered physical, psychological and emotional injuries. 'There is no excuse for cops to use a Taser on an 8-year-old child,' Hanna said. Attorney Rob Anderson, who is representing the defendants in the . lawsuit, told The Associated Press on Friday that he does not comment on . pending litigation. The mother and child now live on the Rosebud Indian Reservation, according to Hanna. At the time of the incident, the the police chief is defended the . action - saying the girl was a threat to the officer and to herself and . that the Taser jolt actually saved her life. Three . officers responded to the girl's home in Pierre, South Dakota, after a babysitter dialed 911 and reported that the girl was . suicidal and stabbing herself in the leg with a 4-and-a-half-inch . kitchen knife. Police Chief Bob Grandpre said his officers responded according to protocol. Grandpre has refused to release the officer's name, but says he has not been disciplined and remains on the job.",385,True,,,,abisee/cnn_dailymail
news,,human,human,human,"ISLAMABAD, Pakistan (CNN) -- Suspected Taliban militants blew up a government-run school Monday in Pakistan's violence-plagued Swat Valley, bringing to 183 the number of schools destroyed since fighting began in the area six months ago, officials said. Students gather outside a destroyed school on January 17 in Kundar in Pakistan's Swat Valley. A day earlier, radical cleric Maulana Fazlullah threatened to kill more than four dozen government officials if they did not appear before him for opposing the Taliban. Local newspapers on Monday printed the list of 50 government officials and tribal elders whom Fazlullah has threatened with death. The boy's high school that was destroyed was located in Mingora, the valley's main city, said Sher Afzal Khan, an education officer for Swat. The attack occurred early Monday and no one was wounded. Swat Valley, located in North West Frontier Province, was once Pakistan's biggest tourist destination. It is situated near the Afghanistan border and about 186 miles (300 km) from the capital city of Islamabad. The valley boasted the country's only ski resort and was a draw for trout-fishing enthusiasts until it was overrun by militants, led by Fazlullah. He has launched a violent and deadly campaign to enforce Taliban-style fundamentalist Islamic laws throughout the province. The militants want to require veils for women and beards for men, and to ban music and television. The central government has long exerted little control in the area, but it launched an intense military offensive in late July to flush out militants. As retaliation for the military presence, the Taliban has carried out a series of deadly bombings, and has said the attacks will continue until the troops pull out. Elsewhere in the North West Frontier Province, a blast killed five people and wounded 15 others Monday morning, officials said. The bomb, planted on a bicycle, went off in the town of Dera Ismail Khan, said Mohammad Riaz of the province's police force. It killed shopkeepers and pedestrians, added the town's police chief, Abdul Rashid. CNN's Zein Basravi contributed to this report.",340,True,,,,abisee/cnn_dailymail
news,,human,human,human,"Frustrated holidaymakers faced long delays at airports yesterday on the first full day of increased security checks. Queues stretched outside the terminal doors at one airport because of the crackdown – brought in amid fears Al Qaeda has developed a ‘stealth bomb’ undetectable to scanners. Air passengers around the country were subjected to ‘vigorous’ body searches, with their shoes removed and swabbed for traces of explosives. Gatwick: Travellers faced delays getting inside the terminal building after the security crackdown . Queues at Manchester Airport this morning, the day after new security checks were brought in to search for so-called 'stealth bombs' which are feared to be undetectable to airport scanners . Passengers joined queues starting outside Manchester airport today, with many complaining of delays . They were also told to switch on their tablets, smartphones and laptops to prove they are not hiding something more sinister. Some customers said it took them 90 minutes just to get through security – and holidaymakers have now been warned to allow for least three hours before their flight time. Angry travellers branded the delays an ‘absolute joke’ and ‘like wading through treacle’. Airline chiefs are braced for further problems as one of the busiest weekends of the summer gets underway. The checks have been brought in due to fears that Al Qaeda’s top bomb-maker Ibrahim Al-Asiri has developed a non-metallic ‘stealth bomb’ that can be hidden inside human bodies or other devices. The use of body scanners, swabs and patting down have all been increased at UK airports while some bags are being searched twice. Passengers are removing shoes and belts as a matter of course, while those on US-bound flights are likely to face further screening and searches of bags at the boarding gates. The alert has sparked fears of a summer of travel chaos with holidaymakers facing invasive personal checks and long delays. Heathrow alone handles more than 190,000 passengers a day and across the country 24million people will fly abroad before September – 3million to the US. A spokesman for travel industry body ABTA said: ‘The main thing is to make sure that airports have sufficient measures in place to ensure all the available security gates are open.’ At Manchester Airport, officials said problems were made worse by many travellers arriving earlier than normal because of the extra checks.",389,True,,,,abisee/cnn_dailymail
news,,human,human,human,"ISIS has made 'credible threats' to kill Pope Francis, a top Iraqi diplomat has warned just days before the Pontiff visits the mainly Muslim nation of Albania. Habeeb Al Sadr issued the stark warning today after Vatican officials insisted there was no threat to his safety - and said he will not ride in the bulletproof 'Popemobile' of his predecessor Benedict XVI. Mr Al Sadr, Iraq's ambassador to the Holy See, admitted he knew of no 'specific facts' or 'operational projects' but said: 'Just put two and two together... They want to kill the Pope.' Scroll down for video . Warning: The Pope will use the open-top car (pictured) from which he greets the faithful in St Peter's Square when he visits Albania on Sunday, despite Iraq's ambassador saying his life is in danger from ISIS extremists . Habeeb Al Sadr, said: 'Threats against the Pope are credible. Public statements and crimes against Christianity by Isis are a fact. Just put two and two together.' But the Pope calls his bulletproof glass vehicle a 'sardine can' Beloved: The Pope pictured at a Mass to celebrate several weddings at St Peter's Basilica on Sunday . The ambassador said the spread of extremists across the world meant Pope Francis is at risk anywhere - in Muslim countries, on trips to Britain and the U.S. and even in Rome. He told the Italian newspaper La Nazione: 'Threats against the Pope are credible. Public statements and crimes against Christianity by ISIS are a fact. Just put two and two together. 'Let me be clear, I am not aware of specific facts or operational projects. But what has been said by the self-declared ""Islamic state"" terrorists is clear. They want to kill the Pope. 'I think they could try to hit him during his travels or even in Rome, because there are members of ISIS who are not Arabs but also Canadians, Americans, French, British and Italian. 'This gang of criminals does not merely threaten. In Iraq they have violated or destroyed some of the holiest sites of Shia Islam. They have hit places of worship in the Yazidi religion and Christianity. They forced 150,00 Christians to flee Mosul.' 'Sardine can': An armoured Popemobile was introduced after the 1981 assassination attempt on John Paul II (pictured in Nigeria) but Pope Francis has said he dislikes the vehicle and would prefer not to use it .",400,True,,,,abisee/cnn_dailymail
news,,human,human,human,"(CNN) -- Sri Lanka's president declared Wednesday that the country's Tamil insurgents are on the verge of total defeat, saying their demise has helped unite the island nation on the 61st anniversary of its independence. Sri Lankan president Mahinda Rajapaksa . ""We are today a nation that has defeated a powerful enemy that stood before us,"" Mahinda Rajapaksa said in his independence day speech. ""Our entire nation is now united in the shade of the national flag."" But in other parts of his speech, Rajapaksa indicated that the fight against the Tamil Tiger rebels was not over. ""I am confident that in a few days we will decisively defeat the terrorist force that many repeatedly kept saying was invincible,"" he said. In another part of the speech, he said, government forces over the past two and a half years have ""been able ... to almost completely defeat"" the rebel forces. Sri Lanka's Defense Secretary Gotabhaya Rajapaksa rejected calls Wednesday for a negotiated end to the fighting. He said there would be no political solution, the online edition of The Island reported. Some in the international community have suggested negotiations to give the rebels an opportunity to surrender. That idea is ridiculous, an angry Rajapaksa told The Island, emphasizing that nothing short of unconditional surrender of arms and cadres could end the offensive on the Vanni front. Government troops and Tamil rebels are locked in a battle for the remaining rebel strongholds in the north of Sri Lanka, where the the country's ethnic Tamil minority has been fighting for an independent homeland since 1983. Watch a report on risks facing journalists in Sri Lanka » . Humanitarian groups say as many as 250,000 unprotected civilians are trapped in the area where the fighting is taking place, and the onslaught has intensified as government forces have closed in on the rebels. Aid agencies have asked for increased access to the region, calling conditions in northern Sri Lanka a nightmarish situation. The fighting has forced the closure of Pudukkudiyiruppu hospital in the Vanni region, the last functioning medical facility in the conflict zone.",350,True,,,,abisee/cnn_dailymail
news,,human,human,human,"LOS ANGELES, California (CNN) -- Jorge Fernandez strolls across the used-car parking lot littered with dozens upon dozens of sport utility vehicles the size of small tugboats. SUVs like these are having a tough time selling with gas prices at all-time highs. With gas at $4 a gallon, many have sat there since last summer. ""The cars are literally just sitting, and it doesn't matter how much you sell them for,"" Fernandez says of the SUVs and trucks nobody wants anymore. ""It's amazing. I've never seen it this bad -- ever."" Fernandez, a wholesale auto dealer who has been in the business for more than 20 years, says SUV owners are hit especially hard. The really large ones with V-8 engines that can get as little as 12 miles per gallon in the city -- like the Cadillac Escalade, Ford Expedition and Chevy Suburban -- are dropping in value by the thousands. Watch the sinking value of guzzlers » . The No. 1 reason for the sales slump is soaring gas prices, says Peter Brown, the executive director of Automotive News, the trade newspaper for the North American car industry. For the first four months of this year, truck and SUV sales are down a collective 24.8 percent. SUV sales plummeted 32.8 percent while pickups dipped 19.9 percent, he says. ""If gas prices stay where they are at or continue to rise, the body-on frame SUV is an endangered species and the pickup truck as a personal car is an endangered species,"" Brown says. How do owners react when they're told their once-$40,000-plus vehicles are now worth less than half that? ""When they find out what you think their truck is worth, they think you're trying to rip them off or something,"" says Fernandez. ""Small cars are gone within a week; SUVs are sitting here since last summer."" David Lavi, the owner of a Toyota Tacoma pickup, is feeling that pinch. He put his truck on the market several weeks ago in hopes of downsizing. He bought it brand new in 2006 when gas prices were much lower. ""Once I do sell it, I'm going to get a smaller car -- maybe a Nissan Maxima or something smaller,"" he says.",370,True,,,,abisee/cnn_dailymail
news,,human,human,human,"By . Rob Cooper . PUBLISHED: . 03:02 EST, 17 May 2012 . | . UPDATED: . 04:45 EST, 17 May 2012 . Racist attacks: Theo Walcott's family won't travel to the Ukraine this summer to watch him in action because they fear being subjected to violence . Theo Walcott's family will stay away from Euro 2012 next month because they fear being subjected to vile racist taunts at the tournament. The footballer's brother Ashley revealed the family believe it isn't 'worth risking' travelling to Ukraine to watch England play. Walcott, 23, was yesterday named in Roy Hodgson's 23-man squad for the tournament. The Arsenal star was subjected to dreadful monkey taunts along with England's other black players by Bulgarian fans during a previous away game in Eastern Europe last September. Theo's father Don and his brother Ashley, who is a chef, have watched him in action across the world. But yesterday Ashley took to Twitter to say they would be staying away from Ukraine this summer. He wrote: 'Unfortunately my dad n i have taken the decision not to travel to the Ukraine because of the fear of possible racist attacks confrontations (sic). 'Something's aren't worth risking, but begs the question why hold a competition of this magnitude in a place that can not police itself for foreigners of any creed to feel safe, but I'll be watching every minute.' He added: 'Racism has no place in the modern world.' England face France, Sweden and co-hosts Ukraine in the tournament which kicks off next month. They could also face matches in Poland if they get through to the latter stages of the competition. Ukrainian extremists have warned black and Asian England fans not to travel back to the tournament. England boss Roy Hodgson warned yesterday that supporters risk being targeted by right-wing extremists. 'There's no doubt that the issue of racism... hooliganism and violence in Ukraine is obviously a concern for us all - not least the supporters who go over there and risk maybe getting beaten up, or if they don't happen to be white, subjected to a lot of abuse.' Tweet: Ashley Walcott, Theo's brother, wrote yesterday that they will be staying away from the tournament in Poland and Ukraine next month . Theo Walcott became the youngest ever England player in May 2006 at the age of 17.",392,True,,,,abisee/cnn_dailymail
news,,human,human,human,"After a dramatic late victory against Manchester City in the Champions League midweek, Bayern Munich came crashing down to earth with a goalless draw against Hamburg in the Bundesliga. Manager Pep Guardiola rested several star players including Robert Lewandowski, Mario Gotze and new signing Xabi Alonso while the absence of Franck Ribery was also felt. Arjen Robben was due to start for Bayern but injured himself in the warm-up and was replaced by Thomas Mueller. Bayern Munich coach Pep Guardiola doesn't look impressed as his side struggled to a 0-0 draw with Hamburg . Bayern chose to rest the likes of Robert Lewandowski and Mario Gotze (R) after their European exertions . Tottenham loanee Lewis Holtby makes a high challenge on Bayern Munich midfielder Pierre Hojbjerg . Hamburg: Drobny, Diekmeier, Ostrzolek, Djourou, Westermann, Arslan (Jiracek 67'), Stieber, Behrami, Müller, Holtby, Lasogga (Green 76') Subs not used: Pereira Reis, Adler, Rudnevs, Steinmann, Nafiu . Booked: Behrami, Müller, Arslan . Bayern Munich: Neuer, Bernat, Rafinha (Götze - 61'), Dante, Boateng, Shaqiri (Lewandowski 66'), Höjbjerg Booked (Alonso 53'), Lahm, Alaba, Müller, Pizarro . Subs not used: Benatia,, Rode, Reina . Booked: Neuer, Höjbjerg . Ref: Christian Dingert . Att: 57,000 . Hamburg coach Zinnbauer, who took over from the fired Mirko Slomka on Tuesday, earned the club its second point after its worst start to the season in 51 years of the Bundesliga. The home side started well, closing down any space and restricting Bayern's goal opportunities. Claudio Pizarro fired over a rare chance in the 20th minute. Nicolai Mueller almost scored for Hamburg after the break, when Manuel Neuer rushed out of his goal, but his effort drifted just wide. Despite having the lion's share of possession, the Bundesliga champions only registered a paltry three attempts on target as their indifferent start to the domestic season continued. More to follow... World Cup winner Thomas Muller (L) attempts to break the deadlock with a shot past Matthias Ostrzolek (R) Germany No 1 Manuel Neuer was fortunate not to concede after racing wildly out of his area . Former Arsenal defender Johan Djourou (R) gets up close and personal with Bayern forward Claudio Pizarro . Guardiola reacts after seeing his side draw two of their opening four Bundesliga game . Muller and Neuer know it was an opportunity missed after the final whistle against Hamburg .",392,True,,,,abisee/cnn_dailymail
news,,human,human,human,"CLICK HERE to see how Sportsmail reporters see United lining up this season . Former Manchester United midfielder Paul Scholes believes manager Louis van Gaal's greatest challenge is accommodating the attacking options he now has at his disposal. However, he admits the Dutchman also has to sort out the Red Devils' suspect defence if they are to secure a return to the Champions League this season. The £59.7million arrival of Argentina winger Angel di Maria and on-loan Colombia striker Radamel Falcao means Van Gaal now has to fit them into a team which also has England and Holland captains Wayne Rooney and Robin van Persie, Spain international Juan Mata and precocious teenager Adnan Januzaj. Challenge: Louis van Gaal must accomodate (L-R) Angel di Maria, Robin van Persie and Wayne Rooney . Selection dilema: Van Gaal's biggest problem will be fitting all his forwards into a team at Old Trafford . Falcao could make his debut at home to QPR on Sunday but it remains to be seen how the United boss will set up his side. Asked if the biggest problem is fitting everyone into a starting XI, Scholes told MUTV: 'It is yeah, but it's not a bad problem to have. 'Fans have been moaning about the type of players that were at the club and now you can't do that. 'I think Ed Woodward (executive vice-chairman) has done his job brilliantly during this transfer window with some great signings. Bringing up the rear: Former United midfielder Paul Scholes also thinks that United's defence must improve . 'The calibre of player we have brought in is top quality, like Di Maria and Falcao. 'These are proper players. We just have to find a way of getting them all in the same team, playing well and scoring goals - which we have struggled to do a little bit. 'Now it is over to the manager to sort everything out and make us a good team again. 'Defensively we haven't been great either so he needs to sort that out. Then, I'm sure we can be vying for Champions League places.' Di Maria has proven his versatility in a number of positions for club and country but Scholes feels he has to become the go-to winger for his new side. Sacrificed? Juan Mata (R) is widely expected to make way for United's new attacking signings .",395,True,,,,abisee/cnn_dailymail
news,,human,human,human,"Two drunk teenagers have been filmed attacking staff in a McDonalds with foam tubes. A 90-second clip, which has clocked up more than 12,000 views on Facebook, shows Ben Hall and Joel Melia hitting two female employees before being chased out of the fast food restaurant. The video, which was recorded by one of their friends has gone viral, being shared by 8,000 people, and prompting over 3,000 comments. But the unrepentant teens from Burnley in Lancashire have refused to apologise for their behaviour despite police confirming they were investigating reports of an assault. Scroll down for video . Ben Hall and Joel Melia enter Burnley McDonalds with large foam fingers before play fighting on the floor . The prankster then approaches one female employee - jabbing her with one of the foam tubes . Immediately after the video was posted . the pair were the first to comment both adding several laughing smiley . faces and the words 'Ha Ha Ha Ha Ha'. Ben . Hall, an apprentice electrician, said the trio had visited the Burnley . branch of McDonalds last weekend at 7am after spending all night on a . drinking binge. He admitted to being drunk in the video but claimed the member of staff ‘over-reacted’ when she was hit. The . 18-year-old said: 'We had more than a few. On the way up to McDonald’s . we found some scaffolding safety foam and thought it'd be funny to have a . fight with them and it just carried on in McDonald’s. 'We thought we'd involve the staff but I don't think they were too impressed.' The . video shows Mr Hall and Mr Melia, a promising young footballer, enter . the store brandishing the foam, first accosting a customer who is . leaving the restaurant. He is heard to tell them to: 'Turn round and go and get yourselves some McMuffins.' The . lads then wrestle with each other on the floor and a voice off camera . can be heard saying: 'These McDonald’s staff are mugging you off.' They . then turn their attention to the staff and attempt to go behind the . counter but are stopped by two female employees. One woman is hit on the . head by Mr Melia, and is then struck again between her legs. She tells them: 'Don’t be hitting me with that again.",396,True,,,,abisee/cnn_dailymail
news,,human,human,human,"By . Tamara Cohen . PUBLISHED: . 08:56 EST, 28 May 2012 . | . UPDATED: . 19:26 EST, 28 May 2012 . Gardeners have been warned to wash their hands after using compost following a cluster of cases of deadly Legionnaires disease. A rare strain of the illness has killed one man in Scotland and made five others ill in the past five years. While the risk is small, experts urged gardeners to take simple precautions such as wearing gloves and a dust mask while potting plants. Handle with care: Gardeners have today been warned to wash their hands after using compost due to a rare strain of Legionnaire's disease that has infected six people in Scotland . This strain has been linked to compost in Australia and New Zealand but these are the first British victims thought to be affected. All of the sufferers were keen gardeners, and doctors across the UK have been alerted to ask about compost if they see patients with unusual pneumonia. The Royal Horticultural Society has advised people to wash their hands thoroughly after handling soil, compost, fertiliser or pesticides. Symptoms of Legionella longbeachae include headaches, diarrhoea or a dry cough followed by pneumonia. Most people recover after taking a course of antibiotics. The rare form of Legionella longbeachae cannot be detected through normal tests. It is normally caused by the bug Legionella pneumophili, which lives naturally in rivers, lakes, and reservoirs, and can also be found in man-made structures containing water such as air conditioning systems . Its chief adviser Guy Barter said elderly people and those with weakened immune systems were most at risk from Legionnaires – a deadly respiratory infection which causes a high fever, muscle pain and a persistent cough. He said: ‘We’d suggest not opening bags of compost or potting media with your head right over and to consider wearing a dust mask when turning compost heaps.’ The strain, called legionella longbeachae, is found naturally in soil but very rarely causes disease in this country. More than 98 per cent of cases are caused by legionella pneumonophila bacteria. Both forms are spread by tiny water droplets in the air. They are not contagious and can be treated with antibiotics if caught early – but around one in ten cases are fatal.",383,True,,,,abisee/cnn_dailymail
news,,human,human,human,"By . Anthony Bond . PUBLISHED: . 23:51 EST, 8 July 2012 . | . UPDATED: . 03:37 EST, 9 July 2012 . Posing for a picture on their wedding day, Elber and Con Twomey look every inch the perfect couple, ready to start a new life together and raise a family. In another image, their beautiful son Osin plays with a toy with the smile of a contented and happy baby. But the couple's dreams for their young family have now been torn apart following an horrific head-on collision which led to the deaths of their two-year-old son and unborn baby. Heartbreaking: Elber Twomey, 36, and her husband Con, 39, remain in a critical condition in hospital but their son, Osin, died in the horrific crash in Torquay, Devon. The couple are pictured on their wedding day . Beautiful: Osin is pictured playing with a toy. He died following the crash on Friday . Two-year-old Osin Twomey, pictured as a baby with his mother Elber Twomey, died in the crash. Mrs Twomey, aged 36, and her husband Con, aged 39, are both fighting for their lives in hospital . Scene of crash: A black Vauxhall Vectra driven by a Polish man in his 20s, collided with the car, carrying the family-of-three in Torquay, Devon . Mrs Twomey, 36, and her husband, 39, . remain in a critical condition in hospital after a Polish driver . collided with their vehicle in Torquay on Friday. The . Polish man, in his twenties and who lived in Torquay, was arrested . before being taken to hospital, where he subsequently died. The Vauxhall Vectra he was driving collided with a Volkswagen Golf carrying the family-of-three in Hamelin Way at 2.45pm. Police are investigating claims . the Polish driver ploughed into the family’s car head-on to take his own . life, killing a two-year-old boy and critically injuring his parents. The family, from Ireland, had been visiting the English coast when the accident happened. A Devon and Cornwall Police spokesman . said the Mrs Twomey, a school teacher, and her husband have undergone operations. Closed off: The incident was witnessed by a police officer who was on the scene at Hamelin Way . Treatment: All four occupants of the cars were taken by air and land ambulances to Torbay Hospital in Torquay and Derriford Hospital in Plymouth .",394,True,,,,abisee/cnn_dailymail
opinion,,human,human,human,"The electoral college is a process where electors are sent to choose who the next president will be. Electors usually vote for who they said they were going to but can change this vote. I think we shouldn't have the electoral college anymore because, The people don't get to actually choose who they want to elect and voters can change who they're going to vote for. The people who are voting for their president they wanted elected arn't actually voting for him. In source two, it says, ""Under the electoral college system, voters vote not for the president, but for a slate of electors who in turn elect the president."" This means that even if the president gets the popular vote, it doesn't mean he will always win. Electors can and will avoid the states that they know are not going to vote for the person they want to win the elections, and will avoid those states. In source two, it says ""Because of the winner-take-all system in each state, canididates don't spend time in states they know they have no chance of winning, focusing only on the tight races in the ""swing"" states. During the 2000 campaign, seventeen states didn't see the candidates at all."" Sometimes the voters don't even get to see the electors they're voting for and some states don't get them at all. The electors also purposley avoid certain states because they know that they won't vote for them or give them a chance to swing the election. Voters can also change who they're voting for on the spot and no one can say or do anything about. In source two, it says ""In the same vein, faithless electors have occasionally refused to vote for their party's candidate and cast a deciding vote for whomever they please."" People voting for who the wanted to win the election could be accidently voting for someone else because of the electors work. The elector shouldn't be allowed to change his vote, because that is cheating people out of who they think should win and making it seem like their vote didn't even matter. Some states also have more electors than others, making it so that the person one state votes for will get more votes than the other states. Some people think that electoral college system should still be there.",391,True,,,,nlpatunt/D_persuade_2
opinion,,human,human,human,"Venus, a planet, also know was Evening Star, is one of the brightest points of light in the night sky which is a misleading point since Venus is a planet thats is the second planet from our sun and often referred as Earth's twin due it being the closest planet to Earth in terms of its density and size and its occasionally distance as well. In space terms Venus is considered to be right around corner which has lead to humans sending many of their spacecraft to land their spacecraft on Venus which caused each previous mission to be considered unmanned mainly because no spacecraft has survived the landing for more than a few hours and as a result it explains the reason why not a single spaceship has touched down on Venus in more than three decades and that nemerous factors contribute to Venus´sreputation as a challenging planet to study, despite is proximity to us. Venus has conditions that are far more extreme than anything humans can encounter on Earth and also notable Venus has the hottest surface temperature of any planet in our solar system, even though Mercury is closer to our sun. Mercury planet surface temperature averages over 8000 degrees Fahrenheit and the atomsphereic pressure that is 90 times greature than we experience on our planet and such an environment would even crush a subermarine that is made to explore the deepest parts of our oceans and would liquefy many metals. Venus has a thick atmosphere that is made of almost 97 percent carbon dioxide and blankets Venus. The most challenging are the clouds that are highly corrosive sulfuric acid in Venus´s atmosphere. Venus geology and weather introduces natural disaters such as erupting volcanoes, powerful earthquakes and frequent lightning strikes, which makes it harder to land on Venus without experiencing one of these dangers. Despite Venus being very dangerous, astronomers are fascinated by Venus because they believed it was once have been the most Earth-like planets. Astronomers also believed Venus was once covered largely with Oceans could have supported various form of life we may have not been familiar with just like on Earth. Venus also some things that are simlar to Earth such as the rocky surface that include familiar features such as valleys, mountains, and craters.",381,True,,,,nlpatunt/D_persuade_2
opinion,,human,human,human,"They should change to election by popular vote. The people have a right to decide so shouldn't they. We elect electors and not the president that's not right. They electors have changed the votes around. The elctoral college should go. Athough there is a positive look to it. Letting the people vote is the right thing. ""Under the electoral college system, voters vote not for the president, but for a slate of elcetors, who in turn elect the president.""(Bradford Plumer). So the poeple dont truely decide who becomes president. At least not if we choose the electors and the elctors choose the president. The voting system needs to change. Who's to say that the elctors dont change the votes around. ""The single best argument against the electoral college is what we might call the disaster factor. The American people should consider themselves lucky that the 2000 fiasco was the biggest election crisis in a century; the system allows for much worse. Consider that state legislatures are technically responsible for picking electors, and that those electors could always defy the will of the people.""(Bradford Plumer). So is that possible. The people of the United States don't have control over the elctors except the fact that they choose them. The electors could totally go against the people even though, say one person may have had more votes against this other person. Then the electors liked the person who was loosing so the choose that person anyway. Who's to say that they havent done it before. ""It happened in 2000, when Gore had more votes than Bush yet fewer electoral votes, but that was the first time since 1888."" So this did accure twice. ""The Electoral College is a process, not a place. The founding fathers established it in the Constitution as a compromise between election of the President by a vote in Congress and election of the President by a popular vote of qualified citizens.""(Ofiice of the Federal Register). So it does have a positive side to it. It's a good thing to have to keep the power balanced through out the voting process. So having the Electoral College may not truely be a bad idea. Although there will always be that inbetween group known as the electors. So they should still change the Electoral College over to elections by the people. The voting system needs fixing.",395,True,,,,nlpatunt/D_persuade_2
opinion,,human,human,human,"Dear State Senator, As A citizen in the United States i say that keeping the electoral college is a good idea! Taking away the electoral college would make alot of people angry. Having an electoral college makes it ten times easier for the government. Having an electoral college makes it more fair for citizens and having the majority people agree, alot its alot easier for the governement to see who the people want to lead us and lastly there will be alot less arguments from citizens because if they dont agree they cant do anything about it because majority rules. Having an electoral college makes it alot more fair for citizens to vote. The electoral college is a process that consists of the electors, the meeting of the electors where they vote for president. Choosing a president and voting for him/her make sthe citizens agree. When it comes down to voting day the citizens have to come to a majority to rule. Having the votes sent to congress and them deciding is very fair because they can decide the final dicison for the citizena dn who tehy think the citizens want more. The electoral college has 538 electors, so its not like 2 people can decide the president. Having an elecotral college makes it alot easier to decide for the government. A majority of 270 electoral votes is required to elect the president. One for each member in the house of representatives plus 2 for you senators. The presidential election is held every 4 years so people have time to decide if they want to re elect or to keep the current president. Electoral elections have less argument between the citizens. If you took electoral college away people would be starting riots about who to choose. Having this system is very organized and prepared, if you just take away and start something new its going to be a mess. Electoral college is a very mature way in electing president. Citizens dont have to argue because the majority rules all so they cant fight someone because they didnt pick who they wanted THose are the reasons on why they should not take away electoral college!!It makes it more fair! its makes it easier to decide! Lastely its less arguments with citizens about who won! So as a citizen in the U.S. i say do not take electoral college away!",398,True,,,,nlpatunt/D_persuade_2
opinion,,human,human,human,"H ello fellow citezens , we are here to inform you about limit car usage. First driving to much can cause harm to the population . Second Germaney continue their lives with out cars . Last but not least driving to much can cause smog . First let me say every minute of this day a type of car or truck is causuing damage to the wolrd with its gas . For example every morning I drive to school I see gas coming out from the exghust pipe from multiple cars . Every time a car turns on there a chance the world breaks down . Plants and tree dies slowly . Next let me tell you about Germany how they live everyday with out usuing cars . For example , Seventy percent of the Vauban's family does not own a car . 57 percent sell their cars to move to a new area . How do they live or get to their destinantion ? Well let me tell you they either walk or ride bikes there . There are even commercial about tranpostation . They say it low emmisions and imprives safety . Last but not least cars can cause smog . For example , In Bogota , Colombia people either hike , bike , skate , or even took buses to work . Colombia had bannded cars for the tird year . With only buses and taxis that were permitted only . The goal is to promote alternative transportation and reduce smog . Violaters would face a twenty-five dollars fine. To wrap it up limit car usage can cause harm and effect the world . First driving to much can cause harm to the population . Second Germaney continue their lives with out cars . Last but not least driving to much can cause smog .",308,True,,,,nlpatunt/D_persuade_2
opinion,,human,human,human,"When people ask for advise often they talk to multiply people including trusted friends and family. It is important to ask your friends and family for their opinions and their advise because it will help you do what you feel is right, and will help you or your friends give advise to those who are in need of some one to tell their troubles to and get the comforting advise they need to feel better. For example when I moved here back in 2014 when I was by my self, I was picked on because I was different and new. I did not have any friends,but then my Dad told me that it was a new state and a new town,and that I could build a new me and a new life and that one piece of advise coupled with the fact that I made a friend who told me that because I was new I did not need to fit in to have friends,but I needed to be me. talking to my dad and my new friend gave me different yet advise that I desperately needed. For another example my best friend was having a awful day and had no one to talk to,but me so he told me his troubles and what was happening and I listened to his story of woe and gave him advise,and the support he needed. You see people sometime tell me what on their mind because they know I'll give them advise and support,and people they could get even more or better advise from. Plus I and one of three people I know who have a great deal compassion,and are really happy to give really helpful advise to people who need it. Because if we are not seeking advise and multiply options on subjects or your current course of action then we will never learn and will loose that compassion that makes us humans,and not cavemen. So in conclusion when people ask for advise they often consult multiply people including friends and family and is important to get multiple opinions and advise because it will help you do what you feel is right, and will help you or your friends be compassion enough give advise to those who are in need of some one to tell their troubles to and get the compassion advise they need to feel better.",396,True,,,,nlpatunt/D_persuade_2
opinion,,human,human,human,"I think that you should join the Seagoing Cowboys program. You should join because you could be helping the lives of the lives of thousands of innocent people whose homes where destroyed in the wars. One of the interesting things of joining the program is that you can see a amazing sights from all around the world. It is an unbelieveable opportunity for a small-town boy. Helping these people you can get the benefit of going to China and Europe and their famous landmarks. If you go to Italy there is a chance you could ride in a gondola in Venice,Italy. When i was in Crete is saw an excavated castle. On your way to China you can marvel your eyes at the Panama Canal. If your not in the mood for sight seeing you can go downstairs with some of you co-workers and play some baseball,volleyball,fencing,boxing,reading,whittiling,and Table-tennis to help pass the time while on board. But being a Seagoing Cowboy was much more than an adventure for me. It opened up the world to me and was vey grateful for the opportunity. It made me more aware of peolple in other countries and their needs. That awareness stayed with me for along time. It lead my family to host a number of international students and exchange visitors for many years. If you had any job or chore working on a farm then this job will be great for you. When your on night watchman duty be careful when it rains. Because when I was on night watchman duty it was raining cats and dogs. I was climbing down a ladder when my foot slipped and I fell in my side. I nearly slid stright off the deck. But before i could fall i grabbed on to a piece of metal before i could fall off. I couldn't work for a few days because of a few cracked ribs. But if you do join just know that your co-workers are there to help you with injuries. In conclusion, I think that you should join our Seagoing Cowboy program. Not only will you be helping us by joining but you will also help innocent lives of people who were harmed in the war.",372,True,,,,nlpatunt/D_persuade_2
opinion,,human,human,human,"Dear Principal, I think that community service is a great thing. Some people love to do it and others, not so much. Depending on what your job is; it can be complex or easy. People have different opinions on this, but I think that there should be a certain amount of time needed each day for community service. Doing a community service job each day means commitment, time management, and focus. Doing these jobs builds character, adds to your job application, and helps with your social/emotional and physical feelings. Like I said, not everybody likes community service. But doing it can help make you a better person. Doing a job for your community will help make it a better place and a happier place. For example, if your community has a lot of trash, and you pick it up, it now looks nicer and more well kept. This can give you a good feeling and a good relationship to you and your neighbors. If people did things like this every day, this world could completely change for the better. I said that community service can help your job application. The cool thing is it can! Having jobs, even community service, can look great on a resume. It can lead to opening doors for other, better jobs. For example, if you wanted to join a job and it was between you and another guy, but you had community service for a previous work place/job, and he had nothing, who do you think would get the job? You! Even a small thing like community service can lead to great things in life. Doing community service can help build character. But on top of that, it helps build emotional and physical strength. Doing community service helps with emotional strength, because you can meet new people as friends, and you can talk to people about things you like to do. Did you know, that emotional strength helps keep you at your highest for physical strength? So just being happier with new friends could make you feel a bit better physically! So, overall, I'm saying one thing. YES! There should be a required amount of time for community service in our schools. Please take this into consideration, because I'm challenging you (Mr./Mrs. Principal) to have us students make this earth we live on a better place. Community service, is just one way we can help.",400,True,,,,nlpatunt/D_persuade_2
opinion,,human,human,human,"Phones and Driving Driving is the most used form of transportation worldwide, it is everyone's personal transportation to go anywhere. Even though automobiles are used on the daily, car accidents occur every day in the U.S, there is about 3,287 deaths a day due to a car accident and yearly there are around 2 million people are in a car accidents. Humans are on their phones every day either talking on the phone, texting, or on social media. On average people use their phone for over 5 hours a day. The National Safety Council reports that cell phone use while driving leads to 1.6 million crashes each year. Phones should not be used while driving. Driving is a big responsibility that some people don't necessarily take seriously, which is why people text and drive which has been the cause for a lot of accidents. On average the age people are texting and driving is between 18 and 34, which is also the age group where people get into a car accident. About 35% of teenagers get into an accident because they were using their phones while driving. Driving and texting is a bad combination and should be banned in all states just for safety reasons. Although texting and driving is not the safest way of driving, it does have a positive effect when driving. For example, if you're in another state trying to figure out where you are going, then it is acceptable to use your phone for directions. Phone companies and care companies are making it safer to drive while on the phone because they added Bluetooth to the cars to make it easier to talk on the phone without having to grab their phone. Although these are positive attributes, the negative attributes dealing with texting and driving involve car accidents and sometimes even death. This could be avoided if phones usage while driving is banned. Phone usage while driving is way too distracting, especially for those who already drive recklessly. There are allot of younger people who like to drive fast and recklessly because they want to feel that rush of speeding on the highway and passing an abundance of cars. What makes that situation much worst is, the younger new drivers will drive really fast and will be on their phone trying to text their friends or on social media.",393,True,,,,nlpatunt/D_persuade_2
opinion,,human,human,human,"Advice, a word meaning receiving someone's knowledge. At certain times, people ask for the advice of others caused by problems going on in their life. Seeking this knowledge will most likely boost ones' chances of having a more successful outcome. Therefore, it would be tremendously helpful to simply ask one or multiple people for advice. Even if one had not asked for advice, the one handing out their wisdom would have seen the struggle of the receiver. Overall, it would be wise to accept advice from others because of experience, knowing what is best for someone, and giving another point of view. When someone is sharing his or her advice, they could have already experienced another's current position. For example, if someone is running Track and Field, she might feel like giving up after strenuous practices or an exhausting meet. She will then ask her parents, who also ran Track and Field, what she should do. Her parents will look her in the eyes and say ""Push through."" They will tell her about similar cases in which they had desired to simply give up, but then tell her that giving up won't solve anything, it will just leave one defeated. She will carry that advice with her the rest of her life. This same girl will soon ponder about school. She will be going into high school and will enter the IB program. She will turn to her sister, who went through the same program, and ask about the classes her sister went through. The sister will tell her about how, one class in particular, there is a lot of assignments and gets less interesting the harder the course gets. They both bond as they laugh and joke about the nerves of going into high school. She will remember the smiles of that night as she picks classes a week later, and she is sure she has picked the right classes. The experience of others helps one make the right decisions and lead one away from make a huge mistake. Advice also holds someone's best interests. Meaning that the giver of wisdom also knows what is best for someone. Parents always have their child's best interest at heart and can help them decide the amount of rigorous courses to take going into high school.",384,True,,,,nlpatunt/D_persuade_2
opinion,,human,human,human,When i hear people say they are going to buy a car that can drive its self I always seem to get into a argument with them. It's not that i know someone is smart enough to do that but what's the reason. I see it as if u dont wanna drive then hire someone to drive for you. Having a car that does that is kinda scary in my eyes. Just all the technology that someone has to put into to blows my mind. In the article they went on about say how they have the google car that has gone over half a million miles with out a crash but I truly think thats on roads with nobody else on it. For a car to know when and where to go is easy only thing u got to do is have a gps system but for a car to know when it has to stop all of a sudden is hard. You never know whe you have to make a quick turn so u wont hit anybody or stop fast cause someone hopped out into the street. The way some people drive now a days the car would not know what to do. You could be just laying back in the car that drives it's self and a car cuts you off instead of u being focus on the road your relaxing and you hit and kill someone. Is it your fault or the cars? So in my eyes having cars that can drive them self is not good right now. Their is still of testing to be done. That also mean laws will have to be made just for the person who owns one. The article also went on to say that to alert the driving something bad is about to happen by having the seat vibrate. Thats not a good way to alert someone i'm going to need sounds or something. I just think they should just work out all the kinks first then put the cars out on the lot with data showing you it's save to have one.,354,True,,,,nlpatunt/D_persuade_2
opinion,,human,human,human,"Have you ever been bored by the dull contents of school? Schools are normally the same everyday, which can cause one to feel as if their life is on repeat. It can feel droning and never-ending with each passing day. More often than not, children need something to break up the repetitive cycle of everyday school. Students should participate in extracurricular activities because they bring out one's talents, help one to make real friends, and give students something to look forward to. First off, extracurricular activities can help bring out a student's talents. School is a ""one size fits all"" kind of approach, and most students don't always fit in the mold. Each kid finds interest in a different thing or skill. For instance, I took a painting class when I was in the 3rd grade. Painting is now something I do, almost daily, for relaxation and fun. Another example is, my friend Generic_Name started playing soccer when she was in kindergarten. Since then, she has become the captain of an amazing team that made it to nationals last year. Soccer is her passion and she has grown into a great player. Second, extracurricular activities help kids make new friends. They ""funnel"" students into separate interest groups making it easier to create conversations. Kids are also able to make connections through this shared topic of interest. For instance, I play field hockey and I have to try out to make a team. At my last tryout, a seemingly nice girl approached me and asked how long I had been playing for. She started a simple conversation with a topic that we both love, and made a connection between the two of us. Another example is, my cousin plays softball and was invited to a sleep away camp. At first, she was anxious about not having anyone to talk to. After that weekend away, she came back she told me all about her new friends that she had met through this camp, doing something they all enjoy. Lastly, extracurricular activities give students something to look forward to. School is generally not an event that students look forward to in a positive manner. Extracurricular activities can be looked forward to with a smile due to the fact that it is participated in because of the student's interests. For example, I look forward to field hockey.",393,True,,,,nlpatunt/D_persuade_2
opinion,,human,human,human,"Distracted Driving Distracted driving has become a dangerous practice on our streets and highways. All do to texting and driving. Texting and driving is similar to driving while intoxicated. You may think you can do it but its not safe. The reason people continue to text and drive are numerous, but it all boils down to one thing. People who text and drive believe they are good enough to get away with it until an accident occurs. Simply because someone feels like they must respond to a text immediately is why many of the accident occurs and most of the time this leads to a horrible accident that can result to death. In just 2012 alone 3,328 people were killed due to texting and driving so what do you think now? Image if it one of your family members or close friends. Consider your passage and the people on the road. Why risk your life and others to send a text message? Could you live with yourself knowing you killed others when you know you could have waited or pulled over no text message is that important to put others and your own life in danger. So just put other into thought before grabbing the phone and texting while not paying attention to the road and your surroundings. However, using a cell phone, whether talking or texting, while driving can be extremely dangerous; it should be made illegal because it is very hazardous to yourself and the people surrounding you, can lead to the death of loved ones, and it is even compared to the danger level of drunk driving. So in conclusion you should not text and drive because that could be your last time sending a text message to others. If you need to reply to a text message just pull over. A text message is not worth risking your life.",313,True,,,,nlpatunt/D_persuade_2
opinion,,human,human,human,"Dear principal, I strongly agree that you should consider policy 1 because it gives kids the opportunity to have free time and to just get away from their classrooms. When we have a lunch break you can allow us to just use our phones. As an illustration you can listen to your cell phone with your headphones; enjoying the amazing music. It also gives kids free time to just get away from their classrooms. They'll have so much enthusiasm knowing that they can get their free time away from school work. They'll be listening to their hip hop music with their apple headphones. You'll see the joy on their face as you'll walk by them. Other people that you should consider policy 2, but I certainly disagree with that point of view. If you consider policy 2 you'll be making an horrible mistake. Without their phones they'll probably think you're taking away their freedom. If you consider policy 2 kids wouldn't perform as well. They'll question you, our beloved principal, and start protesting against the school. If you consider policy 1 they'll perform even better and improve in things they're not good in. Banning cell phones in school would be a disgrace to our school. Listening to the music from your phone isn't going to harm our school. If you could just let us have the freedom to have our phones at school, we'll make our school the best school in the whole state. Patrick Henry once cited ""Give us liberty or give us death"". I believe if you give us the liberty to have our cell phones in school it'd be wonderful. However if you chose not to that would have been like backstabbing. We guarantee that if you choose our request we'll turn them off during class. Above 75% of our school would like to choose policy 1. To sum it up, principal, you should grant us policy 1 because it gives kids the opportunity to have free time and to just get away from their classrooms. Sincerely",340,True,,,,nlpatunt/D_persuade_2
opinion,,human,human,human,"Dear Principal, I believe that the policy one is better because students bring their phones to school to communicate with their parents. Students also bring their phones to school to let their parents know if they need to be picked up from school or if they need to stay later with a teacher. Allowing students to bring their phones to school is also helping parents because they will know if they need to pick up their child or not and they will know what their child is doing. I believe if you allow students to bring their phones to school and use them during lunch periods and other free times they are less likely to be using them during class time. Allowing students to use their phones during lunch periods and other free times will give them some freedom and will result in them being happy. With policy two and not allowing them to have their phones at school at all is not a good policy because students will not be able to communicate with their parents to let them know if they need to be picked up or if they need to stay after school with a teacher. By allowing students to bring their phones to school there is a chance for them to disobey and use them during class time without the teacher being aware. As a punishment for using their phones during class time without permission, the students phone should be taken away for a period of time. After that period of time is up the parents should have to come and get the phone. I believe a punishment like this should have the students think twice about using their phone during class time. If students are allowed to use their phones during lunch periods and free time I don't think they would try to use their phones during class time because they already know when they can use it so they don't want to get it taken away before their free time. Thank you for your time and I hope you take this into consideration.",349,True,,,,nlpatunt/D_persuade_2
opinion,,human,human,human,"UGH! ""I can't focus at school anymore now that grandma is gone. Nothing feels the same anymore. I just wish I could work on my own time!"" Said Generic_Name. Generic_Name, we will do something about this, im always here to help, said her father Generic_Name. Some schools offer distance learning as a way to attend classes from home by a way of online or video conferencing. Do students benefit from being able to attend classes at home? I completely agree with this statement because it definetly can make a extraordinary change in ones students life for the better. Students wold benefit from this massively since less pressure would be applied on them and weight would get lifted off their shoulders. Students would have their own time to work and can take various different approaches in this situation. One of the many reasons why students would benefit at home is because they have better work ethic. Everyone works better at home rather than school because less pressure is on oneself to do amazing by strict teachers and bossy students. My close friend Generic_Name, was once offered to take some of her college classes online rather than getting up at 8am, stressing herself out early in the morning, but at home she took a couple classes at noon and she gave in her best attempts than she had ever given at her early morning AP bio course. Another time, my brother Generic_Name, had been tutoring one of his fellow classmates Generic_Name online. Now before they had been working at the local library and Generic_Name barely understood anything because of the noises and hyper teenages there, Now from the comfort of their own homes, they video called eachother and Generic_Name started to go from 50's to 90's in just a week since he had a much better work ethic at home instead of in public with everyone around! Students do put in their best attempts and have a better work ethic at home freely rather than cramming themselves at school. Next, a students mental health plays a very huge role in this topic. My loving sister, Generic_Name, had been diagnosed with severe depression and social anxiety. She could barely force herself to wake up at 6 in the morning for school everyday since it was very dreadfull for her.",386,True,,,,nlpatunt/D_persuade_2
opinion,,human,human,human,"Do you have what it takes to be in a classroom? Some people would say that students would not benefit from distance learning because they wouldn't get to be as hands on as the students who are in the classroom. However, students would benefit from distance learning because some students might not have the financial ability to make it to a classroom everyday, there are students that just cant handle being in a classroom environment, and it might just be easier for them to attend classes from home. To begin, some students might not have the financial ability to attend classes everyday. There are many factors like gas prices that keep students from attending class. For example, there was a girl in college and her parents were very poor. They couldn't afford the gas that was needed to be able to drive their daughter across town to classes everyday. She ended up doing online classes and it worked out great. Furthermore, there are many students that just can't handle being in a classroom environment. 60 percent of students in the classroom have a mental illness that prevents them from being able to focus. 40 percent of students in the classroom have a hard time interacting with others. For example, in middle school there was a boy and he had a hard time concentrating on the tasks that he was given. Well his parents decided to teach him from home and do online classes and it worked out just fine. Finally, it might just be easier for students to attend classes from home. As mentioned before, gas prices are extremely high these days and not everyone can afford them. The classes online might be easier than the classes in the physical classroom. For example, let's say you are taking a history class online. The course that is online might be easier because you get to go at your own pace. Taking classes online just might be easier. To conclude, students would benefit from distance learning. They would benefit from distance learning because some students might not have the financial ability to attend a classroom, there are many students that can't handle a classroom environment, and it might be easier for students to take the online course. So next time you are having trouble in class, try distance learning. You won't regret it.",391,True,,,,nlpatunt/D_persuade_2
opinion,,human,human,human,"Do you drive a car? Well if you do then you haven't heard about countries all over the world who are limiting their driving. People all over the world who have stopped their driving are saying that it is a good thing. Some people are happier without a car then when they did have a car. People are having car free days. In America, people are buying fewer cars, driving less and getting fewer licenses as each year goes by. In Vauban, Germany residents have given up their cars. Their streets are completley car free. You are still able to buy a car but there is only two places to park and you have to pay alot of money to do so. 70 percent of the people who live in Vauban do not own cars and 57 percent sold their car to move their. People who live their say that they are happy and stress free without a car. In the United States. the Evironmental Protection Agency is Promoting Car Reduced communities and Legislators are starting to act. In Bogota, Columbia they have a car free day where citizens are not allowed to drive cars. The only transportation they are allowed is buses and taxis. The goal they are trying to enforce is to promote alternative transportation and reduce smog. The turnout was large, and for the first time, two other cities, Cali snd Valledupar, joined in on the event. According to Carlos Arturo he said that ""it's a good opportunity to take away stress and lower air pollution."" The day without cars is part of a campaign that began in Bogota in the mid-1990s. Parks and sports centers have bloomed throughout the city, sidewalkes have been replaced by smooth sidewalks, and new resturants ans shopping districts have cropped up. The United States had long been one of the world's prime car cultures. It's the birthplace of many cars. But America's love of vehicles has been cooling. The number of miles driven in the united states peaked in 2005 and dropped thereafter. At the Mobile World Congress they stated that 'pedestrian, bicycle, private cars,commercial and public transportation traffic are woven into a connected network to save time, conserve resources, lower emissions and improve safety."" Driving has decreased over the years. Not having a car does not stop you from meeting your friends either.",393,True,,,,nlpatunt/D_persuade_2
opinion,,human,human,human,"There is a limit to car usage. A car can really come in handy but its not nessary. Gas is not all that cheap for evryone either. Cars don't need to be used for everyhting but since thats an easy way to get around people just take advantage of that and use it. People can cause lots of damage with the way they use there car. Weather people of the millennial generation will start buying more cars once they have kids to take to soccer practice ans schoolplaus remains an open question. A car can really help you out in some cases. But it not nessary at all. There are lots of other things you can do to help help out. Their are things you can do to get you places and also helping you out. Example riding a bike, gets you to exercise and also take you places. Needing of a car isn't so needy anymore.""But america's love affair with its vehicles seems to be cooling. people do can cause lots of damage with there vehicles. The amount of care people have with driving is rediculous. Parks and sports centers have also bloomed throughout the city. Their are sidewalks that have to be replaced,rush-hour restrictions that have dramatically cut traffic. All these can happen for careless people instead of following such simple things. Not only do people use up gas in there car but also miles. The number of miles used in your vehicle does matter. The number of miles driven in the united states peaked in 2005 and dropped steadily thereafter, according to an analysis. Means car usage is very high in the united states. My opinion cars are no nessasary for everything. There are more to use or do to get to places which may take longer or faster but still getting there. Some advantages of limiting your car usage. Yes there are much limits to it which are important. People should really start using or finding other way to go.""Its's a good opportunity to take away stress and lower air pollution"".",345,True,,,,nlpatunt/D_persuade_2
opinion,,human,human,human,"Have you ever wandered about self-driving cars? I believe that they should be the next step in the automobile industry. Some reasons why self-driving cars should be part of the future is because of the traffic jam assistance, in car entertainment, and the safety of the self-driving vehicle. How does a car assist you in a traffic jam? In the self-driving cars vehicle manufactors have built it to be able to drive in conditions below 25mph. When a person is in a traffic jam they begin to get bored and eventually sleepy. Instead of a person now continuisly have to push and release the gas the car now does that for you. Also when the car is driving the person is required to keep their hands on the steering wheel at all times. This feature also alows the car to react if the driver falls asleep. Wouldent in-car entertainment just be another distraction to the driver? Most people would say that having something else to watch while behind the wheel is a distraction to driving. For this in-car entertainment the feature would only be avalible for the driver when the car is in traffic jam assist mode and would instantly shut off when the driver needs to take over the car. How is all these gagets safe for the driver and all other drivers? The safety of these self-driving cars has been checked over and over. More and more sensors are being put into the car to make it able to detect other cars and to stop/go when needed. Although one arguement about safety has been brought up about not having a human driver controlling the car at all times. Have you wandered what a self-driving car would be like? I believe that self driving cars should be the next step for the automobile industry. Some reasons why it should be the future of cars is because of traffic jam assistance, in car entertainment, and the safety of the self-driving cars. What would it be like to have a self-driving car?",341,True,,,,nlpatunt/D_persuade_2
opinion,,human,human,human,"Are cars necessary in today's society? Of course they are necessary. Now, are driverless cars necessary? I would argue that they are not. Cars have been around for about a hundred years, and not once has society put its foot down and demanded a car that drives itself. The driverless cars this article discusses are not actually driverless, they are not legal, and there is no telling what future problems may arise. Shouldn't a truly driverless car not require a human at all? I personally believe a driverless car should be able to navigate itself without human interferance. If it requires a human, then what is the point of calling it driverless? In fact, all the driverless cars being created right now are designed to notify the driver when it approaches a work zone or accident. So, in case the need to have a human take over arises, an individual would have to be sitting in the drivers seat, paying absolute attention to the road, and await the moment the car will allow the individual to take over. Wouldn't that take away the nejoyment of owning a driverless car? I believe it is even more of a hassle than driving ever would be. A person would have to fight boredom and remain alert while doing nothing other than sitting in the driver seat. To all driverless car companies: driving is paying attention to the road, but the driver is actually engaged, making driving more interesting. Not only are driverless cars not fully developed, but they are not even legal. Most states do not allow driverless cars. In fact, most states do not even allow driverlesss cars to be tested on their roads. The article only mentions four places that allow driverless cars, and they only allow limited use. If these cars are not even allowed by most states to out on the road for testing, imagine how long it would take to pass laws to get these cars approved. A myriad of problems could arise pertaining to driverless cars. The article mentioned a very real problem in driverless cars: if something goes awry and someone in injured, who is at fault? These cases would resort in major courtroom battles between average people and multi-million dollar companies. Another potential problem with driverless cars is the change off between driver and robot.",390,True,,,,nlpatunt/D_persuade_2
opinion,,human,human,human,"Many students choose not to participate in after school actives. This does not benefit them as they miss out on learning very important skills. If the principle were to mandate after school activities, it would be to the benefit of all students. It would give the people who do not already participate an excuse to do so. It might even turn out to be the best decision they had to make. This can earn them many life skills such as being a part of a team, learning to be a leader, or how to balance a more complicated schedule. Extracurricular activities allow students to choose the activities that interest them, for example, if someone likes sports they might choose volleyball. If another student is more interested in theater, they might audition for the musical. The wide selection of activities would be good for students as they are figuring out their interests, as well. These students can try multiple different activities until they find the right one. Having an activity that is enjoyable is very important, as it makes you more inclined to learn. Therefore having an after school activity provides that inclination to learn. This new or refreshed desire to learn, allows new skills to be taught. For example if a student are on a volleyball team and they enjoy the sport, then they will be more likely to learn to work with their teammates. Skills like working with others are very important in adult life. They are needed not just for a sports team but for any job. One example is, being on a development team. The team is trying to come up with a new way to manufacture cars, everyone on the team has their own idea. They have to work as a team in order to produce one, well fabricated idea. This requires them to be able to work as a team, just like a student might have to in their extracurricular activity. One other skill that is easily acquired from after school programs is leadership. Many activities help with this, but the most prevalent is student council. Learning to lead classmates and peers can be of great assistance when looking for a job or getting a promotion. Most jobs that are high up in the company are jobs that require the ability to lead and manage people.",391,True,,,,nlpatunt/D_persuade_2
opinion,,human,human,human,"Imagine you are a student, There is only two days until summer break and you cant wait to finally be free of all the boring school work. Then your teacher imforms you that you'll be having a summer project. Do you really want more work that will take up your free time? What if there was another way. Summer is the time for students to relax, unwind, and have a break from school. They should be able to design their own summer projects to make their time more enjoyable. First, Summer is the students break time from everything school related. They finally have the chance to relax their bodies and brain from all the cludder from school. Students will more likely remember to do the project if they create them. Students would much rather spend their free time doing things they enjoy or want to do. because of all the fun they did during break and will be more happier and egur to tell someone or just want to share their summer experience. Second, Teachers can't assign projects that each student would like. Everyone has their own way of things, some people dont like this or cant relate to some things people write or presented. If students don't like the project the teacher assigned they'll most like forget about it and wont finish it, meaning zero in the grade book. Teachers assign one project about a certain thing so it wont be that much work but at the same time a lot because of the many students. Finally, students can get benefits from designing their own project. it teaches them differant skills like independents, responabiltlies, and self awarness. Provide insight of what the teachers be like and what they be having to do durning the weekends and breaks. Students will get to learn how the real world is and that you can't go out every single weekend cause you will work or other things important to care of before getting into the fun things. Altogether, students designing their own projects can be very beneficial, and transform the student way of thinking about their work.",354,True,,,,nlpatunt/D_persuade_2
opinion,,human,human,human,"Seeking advice from multiple people will give you a sense of what other people think about the topic. Seeking answers from multiple people will give you more of an understanding about what is going on and what you should decide to do in order to produce a better outcome for you and for others. In order to make the right decision you need to be aware of how the majority of the people you ask view the topic. Asking questions about problems is how you become smarter. If nobody were to ask questions, nobody would be smart, and we would all still be living in caves. In order to gain knowledge we need to understand how things function in our world. We need to know what to do and what not to do. There are many possible outcomes that could lead to bad things if you don't ask others' point of view on the topic. For example, a classmate named Generic_Name and I are having problems between ourselves. I do not know whether to apologize or to let the freindship die off. I ask ten people in my class about their opinion on Generic_Name. Nine out of the ten people think that Generic_Name has a very self loathing and snippy personality. They also say that he often does not care about his friends and only does things that please himself. Because I asked my fellow classmates, I now have a sense of Generic_Name's personality traits. The majority of my classmates did not like Generic_Name very much. Mrs. Generic_Name, my math teacher, often gets mad at Generic_Name and sends him home with misbehavior notes for his parents to read. I now know that Generic_Name is not a very nice person and is prone to getting into trouble. Based on what I have heard from others and what I have learned in class about Generic_Name, I have come to the conclusion that it would not be a wise decision to become friends with Generic_Name again. Becoming friends with Generic_Name would set me up for failure. I would fall under the influence of Generic_Name and most likely get myself into trouble. Asking multiple people's opinions can also be a great stradegy for the work environment. Getting advice from others at work can lead to multiple benefits.",383,True,,,,nlpatunt/D_persuade_2
opinion,,human,human,human,"When one thinks of transportation, the first idea that springs into a persons mind would be a car. A car is used almost daily for many people. It helps us get to point A to point B rain or shine. However, complications arise from the use (or overuse) of cars. The advantages of limiting car usage includes reduction in pollution, promote public transport, and cut off traffic. Pollution has become a growing problem as the world continues to industrialize. The greenhouse gases emitted by machines, such as cars, have been proven detrimental to the enviornment. In car-dense citites, smog, a mixture of smoke and fog, has become a nuisance as it covers cities. In extreme cases,it makes the air citizens breathe toxic! According to Source 1, "" Passenger cars are responsible for 12 percent of greenhouse gas emission in Europe... and up to 50 percent in some car-intensive areas in the United States."". To establish limits to car usage would then, therefore, reduce the emission of greenhouse gases in the atmosphere and clear up conditions not only for the world, but make the over-all city more enjoyable to live in. In order to reduce pollution and clear the air, Paris enforced a partial driving ban to clear the air of the international city. Source 2 states that "" The smog cleared enough Monday for the ruling French party to rescing the ban..."" proving that limiting car usage benefitted the city and the enviornment as well. Reduction of car usage would lead to the promotion of public transportation. Public transport was free of charge during the ban in Paris which stated was a success in reducing pollution. Limiting car usage would then correlate in the promotion of public transport which, according to Source 4, ""...public transportation traffic are woven into a connected network to save time, conserve resources, lower emissions [of greenhouse gases] and improve safety"" This not only benefits one's safety and environment but allows time-efficient traveling as buses and other public transport run along a contiuous schedule. Public transport also produces carpooling, which allows the reduction of cars on the road. This also eliminates a distributor in the production of greenhouse gases within the atmosphere which benefits the world. Limiting car usage will take one annoying factor from our daily lives-- traffic.",383,True,,,,nlpatunt/D_persuade_2
review,,human,human,human,"Oh, laundromats. How you take me back to my days in college and grad school. Though I've been fortunate to have in-home laundry capabilities everywhere I've lived over the last several years, recently I found myself in need of professional (laundry) help when my dog puked all over our comforter and mattress pad (thanks again for that, little buddy). Our washer was too small to do the job, so off I went to the Laundry Factory.\n\nLike I said, it's been awhile since I've been to a laundromat, so I don't know what other laundromats are like these days, but wow, this one was wayyyy nicer than the ones I used to go to back in the day! It was modern, clean, bright, and had tons of well-kept machines. No dank corners where sketchy people loitered, no broken machines, no weird funky old sneaker smells. \n\nThey had several sizes of machines to choose from, ranging from average (a regular household laundry machine) to mega-capacity. I chose the \""large load\"" machine, which fit our comforter and mattress pad just fine. A load in the large capacity machine cost $6.00, which seemed a little steep, but not too bad. Other machines ranged in price from $2.75 to $10.00 (super mega capacity machine). They also have super capacity (50 lb.) dryers, which was very handy. It was $.50 for the first 5 minutes of drying time, and then $.25 for every 4 minutes after that. Again, seemed a little steep, but the dryers were very efficient -- I think it took only about 15 minutes (on low heat, no less) to dry my bulky items.\n\nThey had well-stocked change machines and a nice little lounge to wait in. I didn't see any bathrooms, so good thing I refrained from going to the beer store next door to have a cold one while I waited.\n\nThey do have a parking lot, but it's really small and packed, so you'll probably only get a spot if you're lucky. So plan to either park on the street or behind the building (I found plenty of space behind the building and wasn't ticketed or towed).\n\nAnyhow, next time I need to use a large capacity washing machine (which I hope is NEVER -- hint hint, my little doggie friend), I will not hesitate to come back here.",386,True,,,,Yelp/yelp_review_full
review,,human,human,human,"Have taken my car here a few times because there's a bus stop out front so it's convenient to drop my car off and get to work. But after what happened I will never be back. They just cost me money and lost my tires. \n\nIn March I blew a tire on a pothole (naturally) and they replaced the two front tires for me. The second tire was fine but you have to replace both, I kept it so that I would have a spare if another one blew out. Put the tires in my basement, no problem. Saved for a rainy day. \n\nThis week I ran over a nail and the tire wasn't fixable so I had to get it replaced. Luckily I've got a spare! I called Monro early this morning to see if I could get in but they said it would be tomorrow at the earliest. I needed my car so I took it to pep boys (three hour turnaround - also the last time I needed an oil change they said they were booked for three days, good lord). \n\nI drop the car off at Pep Boys and tell them the extra tire is in the back. They call me up and tell me the tire is the wrong size. What? Monro gave me the wrong tires back when they replaced them in March. So I had to buy a new tire when I had a perfectly good one that is now god knows where. The tire was the wrong size and definitely didn't come from my car as it wouldn't have fit on the rim. \n\nAfter paying for the tire at Pep Boys I went over to Monro to see what they would do about it. They informed me that because I already had the new tire put on they couldn't do anything but the next time I came in they \""would work with me\"". Why the hell would I come back when you just screwed me out of a hundred bucks and a good tire? Not worth chancing. Because you couldn't fit me in within a day I get screwed? \n\nIf you need tires go to Pep Boys on Milvalle. If you need an oil change go to Midas on Penn Circle they'll be able to get you in and not wait three days.",391,True,,,,Yelp/yelp_review_full
review,,human,human,human,"In the past when my husband and I needed to purchase good quality furniture we always went to Walter E Smith in the Chicago area. Since living here we made the change to Ethan Allen. We purchased a full living room from them this past spring and have been very happy with almost everything. The service was great and the sales person listened to us and put together exactly what we wanted with one exception. We asked for tables (specifically a coffee table) that could stand up to some abuse because we have a 16 month old at home. The table he recommended is beautiful but does not at all stand up to what he said it would. This table is only 3 1/2 months old and already has wood chipping off, many many dents and looks absolutely horrible. This table is so softI can dent/scratch it with my fingernail. Ive have better quality tables from Target and World market for 1/3 the price. After only 2 months use I called the store to tell them the sales clerk clearly did not know the product he was selling, if he did he never would have recommended this table. I was told they did not cover customer abuse and can't be held accountable for a sales person giving me bad information. It's the sylvan coffee table....DO NOT BUY IT!! I dropped the remote control on it and it left a huge dent. They wouldn't even offer to come out to see if the table was defective or had the wrong finish. I told them I would bring it in myself and they said no. My end tables and cocktail table are extremely durable/well made and are exactly what I wanted. I am disappointed the table I was most concerned about is horrible.",301,True,,,,Yelp/yelp_review_full
review,,human,human,human,"again, came here as it was within walking distance of our hotel. the restaurant wasn't very full, but service was super slow for our party of 7. i was really excited for the bread after reading the reviews, and i am the type that can kill a whole basket. i could barely eat one. it was dry and tasteless. \n\nthen our side salads took forever and a day to come out. we also asked for extra ice and such, but our waitress never remembered. sigh. the salads finally came and it was a normal salad but good as i hadn't eaten much veggies during my stay. i had ordered the special of the day, pesto chicken (but i substituted for shrimp) florentino. when i was given my dish, it was a alfredo sauce. i pointed out to the server that i had ordered pesto, and she replies, yeah i thought that didnt look right. wow sherlock, since pesto is green! she took it back, and it came out a minute later. i think they just threw some pesto in and mixed it up as it came back way too fast. but regardless, i preferred that than having to eat 10 minutes after all my coworkers dug in. my dish was okay, heavier than i had expected (but maybe i wasnt expecting alfredo with some pesto), but the shrimp were huge and tasty. not as much food as i had thought it would be, which was good. i tried a little of the margherita pizza, and it was not good. it was sooooo soggy on the bottom. yuck. but their pizza portions are huge! tried my coworkers penne vodka, and that was tasty!\n\nagain, probably wouldnt come back, but if i did, id probably only order the penne with vodka sauce. to go.",301,True,,,,Yelp/yelp_review_full
review,,human,human,human,"Upfront disclosures:\nI am a sushi snob, and am extremely particular about my sushi.\n\nI am going to break my review into two parts - Typical Japanese food and sushi. \n\nTypical Japanese food: We ordered some pork shumai that were pretty good, but was served with a brown-wasabi-type paste. It tasted like wasabi, but why the hell was it brown? We also ordered pan fried pork with kimchi. The kimchi was very spicy, but good. The pork was a bit tough. \n\nThey have a whole list of special appetizers, but only about 4 were translated into english. My girlfriend asked for more translation, but the waiter told us we really wouldn't be interested in them, so we dropped the conversation on it. \n\nMy gut tells me this place has very good, and very authentic Japanese food, but I am not experienced enough in non-sushi Japanese food. \n\nOn to the sushi: We chose this restaurant due to the reviews on Yelp. We eat a ton of sushi and were excited to try a new place. \n\nMusashi has a very small sushi menu. There are few rolls to choose from, and a medium sized menu for sashimi and nigiri. \n\nWe ordered salmon and tuna nigiri. The fish was cut rather sloppily, and my girlfriend is not convinced that we actually had salmon. The salmon was all pink, no typical white-fat lines.... why?\n\nThe rolls come in pieces of 3, which I find weird. I am typically used to larger rolls with 6 or 8 pieces. It really felt that the food was made hours before and then served up, as the rice was cold and solid - not like sushi rolled right in front of you. \n\nWe have not been back. If you're looking for really, really, really authentic Japanese food, I would head here and try. if you're looking for a great sushi experience, I would try other places in the area.",318,True,,,,Yelp/yelp_review_full
review,,human,human,human,"I usually do not take the time to review restaurants, and actually this is my first review ever. However, my experience at this restaurant was so bad, I had to share it. First off, I work at a restaurant and have for 4 years, so I try not to be too hard on other restaurants when I dine out because I know the struggle. My mother and I chose to try this restaurant before attending a concert at the arena, which is very close by. We had never eaten here but knew it was upscale and were looking forward to enjoying good food and even better service. We had a reservation, but it still took a while for us to get seated. No big deal, because we did not have to wait long. Once we got seated, it took our waiter a long time(about 10 min) to start us out with drinks. They were fairly busy, but I noticed our waiter only had 2 other tables, who were already done with their meal. Once he brought our waters out, we could not get him to our table again, even after attempting to wave him down. It seemed like he was avoiding eye contact with us. Once we finally did get him back to our table, it seemed like he was rushing us to order, and was actually quite rude about it . As we were ordering our cocktails and appetizers, he then pressured us to order our main course, although we had not decided what we wanted yet. When we expressed that we wanted to wait to order, he seemed to give us attitude, and stated that the kitchen was chaotic and \""up in flames\"" and if we didn't order at this time, we wouldn't make it in time for our concert. However, we were dining at a time that was gave us plenty of time to make our concert, and we were trying to enjoy our drinks and appetizers before ordering our main courses, and did not appreciate being rushed.",341,True,,,,Yelp/yelp_review_full
review,,human,human,human,"Barrique's in general is great - they know their wine, and they serve Milwaukee's own Alterra coffees and baked goods.I've been to two of their other Madison locations and enjoy the laid-back atmosphere and comfortable seating areas. \n\nHowever, this morning on my way out of Middleton, the staff at the Middleton Coffee Trader location was dismal. At 7:30 a.m., the assumption in a coffee shop three blocks from a major freeway entrance should probably be that people are on their way to work, or just generally not interested in a leisurely 15-minute wait for a latte!\n\nWhen I entered the store there was one person already waiting for an espresso drink, one person ahead of me and no one behind me. After one of the three employees rung me up, I waited several minutes as the barista VERY leisurely made the person in front of me's cappucino. She was literally pulling an espresso, standing for a few seconds talking to the other girl, then steaming the milk, then standing, and so on.\n\nAfter she finally finished the other guy's drink, she wiped her area down and took her sweet time to start my drink. It was very obvious I was there waiting, and very obvious that she was just wasting time. Meanwhile, her and one of the other employees started to argue with one another, all the while she does nothing. Finally, I tried to make eye contact with one of them, because I really was in a hurry to get back to Milwaukee. Finally, she made my drink, slooooooowly. \n\nAs an aside, I'm not that uptight or fast-paced of a person, but customer service with no customer focus really gets on my nerves, and there is simply no excuse for ignoring a customer in a coffee shop at 7:30 in the morning. The whole experience left a bad taste in my mouth.",311,True,,,,Yelp/yelp_review_full
review,,human,human,human,"So the last time I went to a water park was probably when I was in elementary school and didn't really know how to swim (... I still kinda don't. lol). Anyway, it was in California at Raging Rivers and it was a traumatizing experience. Screaming & being tossed around in the pool that pushes periodic waves at the sound of a loud horn and ending up with scraped knees and feet. Not fun.\n\nSo to say the least, I was a bit nervous coming to this water park afraid to have another episode of feeling I was being drowned. Luckily that did not happen.\n\nI seriously had SO MUCH fun here! I honestly was only expecting to go on the Lazy River pool all day but with my bf, we hit up so many rides... tandem AND single rides! I feel like such a big girl now! Definitely lean back while you're on those single donuts on the water rides, or else you feel like you're going to flip over while swishing down the tubes. The new dragon ride they just opened up was okay. I was expecting it to be so much more fun, but literally you just slide down a dark tube into a circular room where you just slowly swirl your way down the middle hole and that was it. \n\nThere was this one ride where you slide down the tubes for a few seconds, then you land into a pool where a worker pushes you into another tube and this continues about 3 times. It was weird. Kinda awkward with the worker having to grab you and push you through. Although it was still fun. The last dude threw me in backwards! Scared the crap out of me but it was fun :)\n\nThe food here is surprisingly pretty affordable. Plus, who wants to eat a huge meal while in your swim suit. Me don't want no pot belly. \n\nOverall I had such a fun time here. It definitely made me rethink my fear of water parks. By the way, we went on a Saturday in early June and it wasn't as packed as I thought it would be! So the lines weren't long at all. Also, go to Giant Eagle to purchase your discounted tickets. You save a few bucks versus buying them at the water park. Oh and don't forget to bring sandals while walking around.",400,True,,,,Yelp/yelp_review_full
review,,human,human,human,"Sadly I've been here a few times because it's a crowd pleaser when my girlfriend's parents come down to visit. There's nothing really WRONG with it. The portions are big and the food is \""alright\"" and the interior gives you the superficial impression that you're encountering fine dining.\n\nThe food is sooooo bland though. Everything you get at P.F. Chang's you can get elsewhere in Pittsburgh at a much lower cost and it'll be made with more precision and have better flavor. The honey chicken at P.F. Chang's was so mediocre all I could think about while eating it was heading over to Wai Wai in Bloomfield and getting a tastier order of it for 8 bucks.\n\nLast time we were there the server was horrendous as well. I don't think I've ever felt as awkward at a restaurant. He brought my girlfriend's father (Don) his unsweetened tea then told him he didn't bring sugar because he asked for it sweetened and then did not understand the concept of sweetening it yourself. He then got all huffy when Don kept asking for it and actually seemed angry at us. When he came back to take our order Don ordered for himself and his wife and before Janey (my girlfriend) and I could order he had already started to walk away. We actually had to yell out to get him to come back and finish our order. (not in an uncivilized or malicious way, either) After that he must have thought we were terrible diners (I don't think I've ever been impolite to someone who is currently at work, or ANYONE for that matter) and he showed it by being silent and plopping things down in a passive aggressive way. It was really embarrassing and every time he came by the conversation died.\n\nObviously the attitude of one idiot who can't hide his bad day well doesn't really have anything to do with the restaurant. But it's soooooo bland! Go somewhere else for Chinese! Look up Chinese on Urbanspoon and it'll give you a variety of good, local places to choose from at half the price.",352,True,,,,Yelp/yelp_review_full
review,,human,human,human,"I have been to all of Lidia's restaurants in Manhattan, but this was my first go at her establishment all the way out in Pittsburgh. This restaurant is pretty similar to Becco, except there is no \""theater crowd\"" and the restaurant has a considerable amount of space. The menus are pretty similar too, with the unlimited pasta specials being a mainstay here as well. \n\nThe design of the restaurant is intriguing. It has two levels, and a considerable amount of open air space which is punctuated with huge, intricate chandeliers and giant tableaux along the walls. There is an industrial feel which helps the restaurant blend in fairly well with the Strip District; yet, at the same time, there is a sense of elegance down along the floor. The balance was struck quite nicely, and it made for an interesting place to eat. \n\nAs for dinner, I was disappointed that the 3-course prix-fixe was only available as an option for the entire table. My girlfriend did not want to eat any pasta, so that option was simply not available to me. I am not sure why they can't offer the special on an individual basis and charge a \""single supplement\"" price if only one person orders it from a particular table, especially if we were both planning to eat 3 courses anyway. I ended up ordering the same appetizer I would have ordered from the 3-course menu, a pasta dish for my second course, and forwent dessert for the same price. It seems silly to be so pedantic about such things. Oh well. \n\nFor the appetizer, I went with the Cozze ($12). As an appetizer, it is only available in a white wine preparation, but on the prix-fixe menu they had a red wine (fra diavolo) preparation. Since that menu was verboten to me, you guessed it, I received the white wine preparation. The mussels were served in a very narrow, tall bowl. The bowl was jammed tight with open black mussels, sitting upon a shallow pool of broth and crowned by two pieces of toast. The mussels were clean, not a single one was cracked, and they were all open boasting sizable pieces of meat.",366,True,,,,Yelp/yelp_review_full
review,,human,human,human,"Dude. Pittsburgh. Who knew you had such a refined and sexy dining scene???\n\nWell, your good citizens, that's who. Which is how husband and I were referred to Point Brugge, Salt of the Earth, and lastly Soba Lounge, thanks to the brilliant hostess at our B&B who told us Soba was her favorite spot within walking distance. I don't usually dine without Yelping these days, but I am so glad we recklessly heeded her advice. Our meal at Soba was one of the finest, most delicious, and wholly satisfying that I can recall (joining Salt of the Earth, no less, in that prestigious category...).\n\nThe subtle lighting and modern d\u00e9cor of the joint is coolly lovely, setting the mood right away for a relaxed dining experience. Attentive, professional service is provided by servers who explain that most of the produce used in Soba's dishes is locally sourced and are happy to make recommendations. Husband and I started out with an Asparagus Maki Roll appetizer, with tempura asparagus, tamago, roasted local shiitakes, scallion, and a spicy lemon ponzu. The soft, sticky rice didn't overwhelm the crunchy asparagus, earthy 'shroom, and slightly-sweet tamago; the ponzu dip was a pleasantly sour foil. We also had an order of Thai-inspired Blue Bay Mussels with crispy soba and aioli, which were fab-u-lous. I eat a lot of mussels, but these were some of the most enjoyable I've ever had.\n\nFor entr\u00e9es, husband and I split the Soba Noodle Scallops -- which arrived at the table with root spinach, cuttlefish, wild mushroom, and fresh wasabi -- and the Seared Tuna -- with a sesame crust, cucumber-red-onion salad, kimchee, ginger fried rice, and peanuts. Both dishes were out of this world. Husband I had trouble cutting ourselves off at half and switching plates, but were both rewarded tenfold for doing so. The scallops had a perfect sear, the soba was fat and chewy, the ponzu wasabi broth was soul-warming. And the tuna was seared expertly, still gorgeously garnet and cool in the middle, complemented by a crunchy, nutty sesame crust and that flavorful rice. I don't think either of us wanted that meal to end. And all things considered, husband and I thought the bill at the end of the night was ridiculously reasonable. Soba FTW.\n\nPittsburgh, I have a crush on you. Your perfectly-priced fine-dining scene makes me want to pull up stakes and move in with you.",398,True,,,,Yelp/yelp_review_full
review,,human,human,human,"Had Hunan Wok yesterday because it was on my way home. I've heard mixed reviews so I wanted to try it for myself. I tried to peruse the menu before ordering but I couldn't find it online anywhere which is disappointing because the hard copy they have available had at least 300 different options from apps, combos, sides, and entrees. \n\nI got their General Tso's Chicken (extra spicy) and because my order was a take-out over $12, they threw in two free egg rolls. #win \n\n(Other offers are Free 1 Small Fried Rice w/purchase of $16, Free General Tso's or Sesame Chicken w/purchase over $28) \n\nI called on my way there and it took about 10-15 .... When I walked in, everything was ready to go. Large portion of chicken was served in plastic and rice was in standard paper folder container. They were not stingy about duck sauce, soy sauce, and fortune cookies. #win #win\n\nJust like the reviews below, the General Tso's was just so-so. It definitely wasn't extra spicy but it did have a mild kick to it. To me, the sauce tasted a bit like wing sauce from a dive bar. I would get it again because it was good but it didn't have an oriental flavor to it. When ordering from a strip mall Chinese food place, I always expect each piece of General Tso's to be a quarter chicken and the rest fatty breading to which I dissect and just eat the meat. My expectations were met but I wasn't disappointed because the chicken was good. \nThe meal had a decent amount of broccoli in it which was cooked perfectly for my taste, a little firmer. \n\nThe egg rolls were OK. Super crispy and not much filling...plenty of oil. They were free and so I can't really complain. \n\nI will definitely eat here again. I'll probably try Sha Cha chicken because it's spicier or Kung Po. This place is good if you want cheap food that will hit a Chinese take-out craving. \n\nEveryone that worked there was really nice - Even the chef in the back said hello. That alone goes a long way in my opinion. \n\nSide note - It's the day after and I'm not sick so I give my seal of health approval.",381,True,,,,Yelp/yelp_review_full
review,,human,human,human,"Disclaimers:\n1) I'm not from Charlotte and live in San Francisco\n2) I was in town on business (and so not paying)\n\nGroup of 6 close business associates at Blue for dinner. \n\nDrinks: Had a guy who grew up in Napa picking wines so we had a few very wonderful bottles. He was impressed with the restaurant's selection and we were with his. I also had a microbrew amber ale on draft that was wonderful.\nService: Was not over or underdone. Had the flair and attention of a nice establishment without being too snobby/formal. One bottle of wine we particularly liked ran out so the manager came over to talk about similar choices. Nice touch.\nAppetizers: Choosing cheese and then pairing them with membrio, walnuts and bread was lovely. The house bread with butter mixed with kalamata olives was a wonderful touch. The calamari rivaled your favorite sports bar (I expected better). The Flavors of the Mediterranean plate was good but not extraordinary. It was a nice option from standard fare for certain though.\nMain meal: For the price we each agreed we didn't get anything special. Certainly the seasonal Jumbo Scallops on Risotto was good, but it wasn't lovely. Almost too salty and there was nothing tying the seafood with the grain. And I adore both items. The Bolognese was described as 'eh' and 'standard' and the two who got the pork roasts were equally so-so in review and description.\nAtmosphere: A jazz trio started up as we ate and it added a light and fun atmosphere to the experience. Tables around us were in good spirits, the lighting was set just right and there was enough space to move between tables (very uncommon in SF). It was nice.\n\nConclusion: This was a good experience but not great. I don't want to think because this is a smaller town then I'm used to, \""nice\"" local places = lower standards. I tend more to think there were good ideas here not executed to their fullest. 3 stars is all about the food which is ultimately why we pay these prices and go to these places. I think if the ingredients were fresher and the temperatures and spices were watched closer then this could be a 5 star no matter in what city it's located.",376,True,,,,Yelp/yelp_review_full
review,,human,human,human,"I'm not sure why this place isn't getting better reviews! I've been here twice over the last couple months (including yesterday) and have been very happy each time I've gone.\n\nCaffe Amante is located on the second floor (food court) level of Fifth Avenue Place, the home of HighMark Blue Cross Blue Shield.\n\nAmongst most of the mediocre chain food that's served on the same floor, it stands out as basically the only(or one of a few) sit down places available. \n\nBoth times the service was right on point. Quick, efficient, despite being busy, friendly, wait-until-I-finish-my-sentence-sensitive, good recommendations on food. Corrected themselves when they were wrong in what they told me previously and so on.\n\nThe two dishes I've had are:\n\nSpecial Salmon and jumbo lump crab meat. It was expertly cooked, great flavors, good portion size, and overall just a winning dish.\n\nDi Mare Amante which is a dish with shrimp, scallops, in a white clam sauce with capellini noodles. Their menu spells it with two p's: cappellini.\n\nBoth were great and I'd have them again.\n\nYou know, part of my review and rating is based on exactly what this place is: a more upscale place for the mostly business clientele bringing their customers out for a conveniently located lunch. In a restaurant that is more or less in a food court. Being surrounded chinese joints, mexican burrito places, and the philly cheese steak place.\n\nWhile I think it would be a solid bet for dinner as well --- that's not how I see this place positioned. I wouldn't take a date here Friday or Saturday night. There are more exciting places offering more adventures fare.\n\nThis is not your $8 lunch.... most things are priced $12-$16 which includes bread. Their prices well justified by the quality of the food.\n\nFor lunch, I'd go back to this place in a heartbeat.",302,True,,,,Yelp/yelp_review_full
review,,human,human,human,"What a production! I don't even know where to start...\n\nThe place is small. They didn't lie to me when I made the reservation. Of course we had to pick the busiest day and time, Saturday at 7pm. The nice lady on the phone told me a reservation helps but we may still have to wait. I did appreciate that tip from her. \n\nSure enough, we showed up and it's PACKED! The unfortunate thing is it was cold, so eating on their patio was not going to happen. Therefor, people cram into what tiny space is allowed in the front. But when I say tiny, I really mean no space at all. An older man pretty much barked orders at us and demanded to know if we had a reservation. Thank God we did, I was a little scared of him when he ran off muttering about no seating in you ain't got reservations. \n\nSo the first table of the restaurant is thee worst, because people are standing on top of you jealously staring down at you and your food. Of course we ended up with that table! Thankfully, our server and anyone else helping out was extremely friendly and helpful and made us feel comfortable. \n\nWe started with the mussels app. It came in a light garlic sauce and was a good amount of mussels. I'd say they were pretty tasty and I loved dipping the bread into the sauce. The bread actually became my best companion that night... more on that later!\n\nI ordered the gnocchi with tomato sauce and mozz cheese. I LOVE when Italian restaurants dump the sauce on and this was a winner. I LOVE SAUCE! I know some people aren't into that, so I'll warn you if you like light sauce, you WON'T be happy. After having gnocchi at Il Pizzaiolo in South Hills earlier that week (I know, I'm on an Italian kick!) it didn't hold a candle to those light little pillows of pasta and potato. The sauce though, delicious! \n\nMuch to my husbands chagrin, I had a hard time keeping myself from grabbing his plate! He had the spinach and ricotta ravioli, which I didn't have have a bite of... but the SAUCE.... oh my! Orgasmic! I love tomato cream sauce and this was amazing! I kept dipping my bread into his sauce, with him increasingly getting annoyed.",395,True,,,,Yelp/yelp_review_full
review,,human,human,human,"My first exposure to Upstream was a few years ago at one of those \""taste of\"" events, when all sorts of places from around town bring samples of their wares, and for a few bucks you can buy a little plate with something on it. We had teriyaki salmon, and it was just awesome. Ever since, we've been meaning to go by and try their real food.\n\nSo we went. I'd have to agree with a lot of others in that the atmosphere is just a little too stuffy for my own personal taste. It's a nice place, and you really don't have to dress up - we went in jeans - but it's just so \""pretty\"". The staff is nice, they are relatively attentive and all, but it just seems so wrong. I'd much rather go somewhere that's a little grizzled.\n\nIn any case the menus were delivered and we decided to try the spring roll appetizers, and they were actually quite good. I liked that there were two of us, and they split the appetizer onto two plates. That's a nice touch. Most places give you one plate and you're left to do it yourself. Another nice thing is that the bread comes with melted butter. That's cool.\n\nI ordered the sea bass, on the suggestion of the server, who said it is \""far and away\"" the best thing on the menu, while my wife had a sirloin. The flavor of the fish was good, but it was just so sponge-like I had a difficult time eating it. The texture was just strange. The steak, meanwhile, was really good. Odd, at a seafood place.\n\nOverall, it was decent, but it wasn't cheap by any means. I think we'd rather go to the more fun and much better McCormick and Schmick's, as it's just more our style, and the food is typically better (and it's cheaper to boot).",315,True,,,,Yelp/yelp_review_full
review,,human,human,human,"ehh, 3.5 -- I can't rate it super low because i do smile a lot during my visits. Speaking of that, I've been here a few times, but never wrote a review for D&B. \n\nI'm a kid at heart and honestly do enjoy the games. However, there have been multiple instances where I swiped my game card & it took my credits, but no game began. There have also been times that I won and no tickets were released. I guess nothing is perfect but it does happen atleast once a visit (each scenerio) It's hard to find a worker walking around and for half-price games, you kind of just take your loss with the 1.3 credits for skee ball (hmph!)\n\nThe food- it really isnt anything too fancy. I've had okay food, but super long wait times for a simple chicken fingers & fries for example. It's your basic sandwiches, salads, appetizers & a few pastas. I believe all sandwiches & burgers are around $10 & served with fries. You can get the Eat & Play deal which includes food from a specific menu + a game card. Besides the game card deal, if you wanted to make D&B a date night you might be better off heading to another place to eat in Waterfront for amazing food.. but to each their own. Try it once I suppose. The brownie sundae that i devoured last night was satisfying (2 brownies, 2 scoops of ice cream.. one with chocolate syrup; the other with raspberry sauce & fresh strawberries. Oh & whip cream)\n\nDrinks- pretty weak. We ordered 2 liquid maryjanes (2 each that is) which are filled with multiple shots of alchy & didn't really catch a buzz. Oh welllll. They do have a happy hour from 5-7pm. I'd go during that time for the best deal. I believe cocktails are half off & $3 off bottles of wine. I've never seen anyone walking around with a wine glass though lol. \n\nThe prizes- as others have noted, the prizes are a little cheap for the amount of tickets they \""cost\"" However, it's cool to leave with a D&B coffee mug, cup or shot glass. Last night for 2500 tickets we decided on magnetic-style dart board (1,300?) a coffee mug, a D&B glass (our plastic one bit the dust) & a D&B coffee travel mug..",392,True,,,,Yelp/yelp_review_full
review,,human,human,human,"Until recently, I had actually only been to Mercy for emergency room visits. I am afraid to say, there have been more than a few of them. Luckily, not all were mine. They were however at least kept to the family - it is not like I am picking up people off the street and taking them to the emergency room, at Mercy or elsewhere.\n\nOn this visit, I had to get some lab work. Now I was never a fan of labs. The mad scientist lab on Movie Macabre, perhaps. But the type of lab you would have to do in biology? I was too busy creating (and yes, throwing) spitballs across the room. Still not the right kind of lab, yet I hope you get the idea how I am not a fan.\n\nThe visit starts with the parking. Mercy has never been strong here - they excel in friendliness, not in convenience. For the emergency room, you get a nice - almost cozy - parking lot. For the main entrance, parking is decent, but not particularly close. Luckily, I scored a ride from some guy in a golf cart. I am lucky that he did not seem to be a fan of Movie Macabre. At least, if he is, he was working, and did not have time to 'cart' me to the woods. Had he done so, I was at least close by - and how far can a golf cart really get before it dies from lack of juice?\n\nOnce inside, the main entrance has been redone. Completely. It is really quite impressive. Unfortunately, they have to pay for all of that, and what should be a really simple process of sticking you becomes a rather tedious check-in (including a wristband), a journey to another floor, and waiting, waiting and waiting some more.\n\nFinally I give just two tiny vials of blood and get to leave, without so much as the courtesy of a reach around (or even a ride back to the car via the golf cart). Then I get the bill. Lovely. No wonder they could afford all that remodeling.",352,True,,,,Yelp/yelp_review_full
review,,human,human,human,"been traveling a lot lately and this was one of our stops. we booked the aloft W down the street and those posers, actually sold our room out from under us and, as a 'sorry' comp'ed us a room at the Hilton here.... now, first off, if you're going to say sorry with a comp, why wouldn't it be a nice hotel. not that the hilton isn't 'nice' but it's not quite at the level of the aloft. so why not find a comparable suite? anyway, that's a dig at the aloft and i don't want it to influence the hilton.\n\ni hesitate to give this place only 3 stars because what else do you really expect from this place. it's very clean and orderly. service is good. room is BASIC. no frills. they have an iron so you can iron your wrinkled shirts before going off to your meetings in the morning. hair dryer works. hot water. room is quiet. etc, etc.... they COULD spare a thicker blanket as i had to turn the heat up in the room to sleep comfortably because the blankets where _thin_... but oh well.\n\nand i should take a moment to point out the breakfast buffet was unusually good. not a massive selection but there were 9 staff down there waiting on about 8 customers hand and foot. i was playing with teh waffle-maker, about to make myself a waffle, and one staff member jumped in front of me (at the SELF-SERVICE waffle-maker) and said: \""no problem, sir, i'll make that for you and bring it to your table.\"" amazing. the food was 3 star but the service was 5. the room was 3 stars but the service at the front desk from 4. so again, i wonder if i should round to 4 but it's ultimately a holiday inn, a basic room. so it's good for what it is but not a ton more.",320,True,,,,Yelp/yelp_review_full
review,,human,human,human,"Booked the penthouse for a night on the town, in the town. Upon arrival, we were promptly greeted by plenty of construction for the new Knight's ballpark, making getting there a challenge. Once we found our way to the entrance, the clerk at the desk decided that the phone call - possibly a personal call, possibly a take-out order - was much more important than our business. Regardless, we eventually made our way to the room, and it was nice in appearance. Not over-the-top or anything, but nice for a Residence Inn, and nice for our night out.\n\nUnfortunately, the thermostat is the \""hotter and colder\"" variety - not much different than the kind that used to be mounted under the window, it's just now on the wall. Is it really that much more to have the kind you set an actual temperature? It means that throughout the night, it gets way too hot, or way too cold, and makes for an uncomfortable night.\n\nThere are two televisions - one in the living area and one in the bedroom. The one in the living area works with the lineup card, while the one in the bedroom has the digital assignments, such as 76-0010 and whatnot, meaning you can't find anything (including HBO), so if you want to actually watch a show, you'll probably end up watching on the hard-as-a-rock sleeper sofa in the living area.\n\nIf you have to flush the toilet (and many people prefer this option), you lose all water in the bathroom. Not most, or even a particular temperature. It's gone. Not forever, so don't be completely alarmed. But for a few seconds, water completely stops. Not sure if this is unique to this room, or to the 11th floor, but it is a bit odd.\n\nThe hot breakfast is, well hot, but the offering wasn't the greatest. In fact, some other quick-serve, business-style hotels offer a better service and they are only deemed \""continental\"". If you go to an Embassy Suites, with their made-to-order breakfasts, it's much, much better.\n\nAll-in-all, we had a passable night, but I'm not sure if I'd stay again.",352,True,,,,Yelp/yelp_review_full
review,,human,human,human,"I am reading through these reviews and wonder if we went to a different Lidia's Pittsburgh, because on our romantic Valentine's Day the Olive Garden would have been more fresh and authentic (p.s. it's neither of those things). My husband and I loved her cooking show and figured that her restaurant would be something we would like to try, boy were we way off. Maybe it was our fault for choosing a holiday but it was their fault for cutting corners, in the worst way possible, FLASH FROZEN FOODS! They had a fixed menu with some options, but we already knew we were going to be charged $48 per person, which was pretty pricey, but maybe it was worth it, well it wasn't. First course was a fried ball that apparently had lobster in it, all you could taste is how much work the fryer had put in for the day, and it was a lot. Second course, couldn't wait, Caesar salad and a dish with shrimp and spaghetti squash, salad was ok, the shrimp you couldn't taste because they were the little frozen ones that are cute when breaded but when they aren't they just look sad, as if they had never been in the sea (which I am banking these hadn't). Then finally main entr\u00e9e, we held out hope thinking we there could still be a chance, again the price was $48 PER PERSON! My husband had gotten the tuna, JOKE, this made me maddest of all, it was pescado without the pescado part. We could have dealt with a small piece of FRESH tuna, but seeing as how this was an average piece of flash frozen crap with the grill marks already on it, thank goodness those poor chefs didn't have to actually grill a piece of fish. My pasta trio dish was ok, nothing about it screamed high and or fresh quality foods. The worst part was that the service was excellent other than he could see on our faces we wanted nothing to do with the food, so he never asked how it was, but he was fantastic. So after the frozen crappy desert or finger food, that was horrid, we got our bill all said and done with a glass of wine, cappuccino, tax and tip, we paid $150.00!",385,True,,,,Yelp/yelp_review_full
review,,human,human,human,"I've always been pleasantly surprised with the food I've gotten at Rock Bottom. I say \""surprised' because with any restaurant that falls into the slippery territory of a \""chain\"", you expect to find your fair share of culinary duds. But I've really had a lot of good meals at Rock Bottom. Now, granted, you do owe it to yourself when ordering to not forget where you are (a \""bar-straunt\"" if you will), and don't get anything above and beyond this place's call of duty. For instance, I will never be ordering the ahi tuna. I'll leave that to my favorite sushi bars and restaurants a bit closer to the water (the Mon doesn't count.....).\n\nBut besides that, I always really enjoy my meal choices. I've recently gotten the chicken avocado sandwich. Chicken was grilled perfectly, plenty of avocado, and it was a good sized sandwich without being excessive. I've also ordered the Margherita pizza, which could definitely be split between two people. It's an eight cut that comes to you on a big wooden pizza paddle. The pizza was really great. The crust was crispy, it had a good balance of cheese and tomatoes, and the basil pesto was fresh and tasty. And not greasy whatsoever - BIG bonus points there. But my biggest surprise as of late was when I ordered their chicken flautas. I'm a HUGE Mexican food fan and always hesitate to order Mexican outside of a Mexican restaurant for fear of being disappointed. But I had an insatiable craving one night and decided to go for it. It was DELICIOUS. The flautas are deep fried which gives you an amazing crunch, and they still managed to not dry out the inner ingredients. The accompanying rice was nice and moist as well. I was so happy!\n\nI've always been quite happy with the service there as well. I go on Thursday evenings for trivia, and nine times out of ten the service is really spot on. The ladies servicing the bar area are friendly and attentive. Only once or twice, to my memory, has my service been sub-par, and that can usually be chalked up to an extremely packed Trivia Night with only two visible servers helping 50+ people.\n\nI definitely give Rock Bottom two thumbs up for taking your typical chain-found food and making it fresh, yummy, and worth coming back for more.",394,True,,,,Yelp/yelp_review_full
review,,human,human,human,"I had a totally mixed experience with Bernie's, which may explain the other reviews. \n\nI have a DSLR that I got from my father - it had never been cleaned or adjusted. It had been having some trouble with the battery, so I took it to the only place in Pittsburgh (apparently) that will help with this. A dark-haired guy greeted me as I walked in and treated me like a total noob, and his demeanor made me feel like the dirt under his shoes. However, he did give me good information and service about my camera when prompted by another man in the shop (who I might assume is Bernie). \n\nThey told me they could send it to the manufacturer where they'd clean it for a couple hundred bucks, but instead they cleaned out the sensors and the lens right there at the counter and checked the contacts between the lens and the camera. The dark-haired guy showed me through a magnifying glass what I was looking at, and explained that some spots I saw in the viewfinder were inside the top of the camera and wouldn't appear on the pictures. The other guy (Bernie?) explained to me some of the functions of the camera -- I knew these already, but it was nice to hear them explained and he showed me a few examples. They advised me to get a UV filter to protect my lens, which I knew was overpriced but I happily bought anyway to pay for their service. \n\nSo I think the kind of experience you get depends entirely on the person you run into. I can see how someone would be put off by the dark haired guy I ran into first, and how someone would absolutely love the service from the other guy. All in all I'm pleased with my encounter with this shop, but I probably won't buy anything from there considering how overpriced it was -- however, if something goes wrong or I need any service, I'll definitely go back.",339,True,,,,Yelp/yelp_review_full
review,,human,human,human,"I ate here this past Friday evening with my girlfriend and two other dining companions. I had made 7 PM reservations for us and we arrived shortly before that to a table that was ready for us. The inside of the restaurant is actually much tinier than I had expected with as many people crammed in as possible. It probably was helped that the night we were there, there was a party of 10+ next to us. They would also order just before us understandably leading to some slower service times for us which I would guess is not the norm. Other than it being crowded there was not much else in the dining room to look, just some table and chairs as well as some pictures on the walls.\n\nFor dinner my girlfriend and I decided to start of the evening with the polenta to share. It came out cut into pieces and served with some sweet sausage and a pesto drizzle. I thought that the sweet sausage was the best part of it with the polenta being ok while my girlfriend really enjoyed the polenta. For our dinner entrees I ordered the Penne Vodka which came with a tomato basil cream sauce and prosciutto while my girlfriend went with the Penne Parma that had some artichoke hearts, roasted red peppers, olives and sweet sausage in a garlic wine sauce. Both pastas also came with salads before the meal and both my girlfriend and I ordered the house balsamic dressing. The salads came topped with many different things and I thought that they were pretty good salads for being included in the meal. The Penne Vodka that I ordered ended up being really good! It was delivered when still at a fairly hot temperature and I really enjoyed the sauce. It's only peculiar item was that the prosciutto was almost off to the side and not in the pasta which I found to be odd but I still enjoyed it. Even though I really enjoyed my pasta, I actually thought that my girlfriends meal tasted better. The garlic wine sauce on hers was awesome and made each bite of her entr\u00e9e that I had a treat.\n\nThe bottom line for me is that I would definitely head back here again.",379,True,,,,Yelp/yelp_review_full
review,,human,human,human,"I love to try new places when traveling and my wife was interested in something \""mild.\""\nFrom their menu on the web it looked like Mahoney's Restaurant had a good selection of American favorites.\n\nThe restaurant was close to our hotel so we walked over and go there about 5:30 pm on a Thursday. It is a bar with larger dinning room, we were seated in a private booth, which was nice because they had a curtain between the booths so it was a nice secluded place to enjoy a meal... I just wish I had enjoyed the meal.\n\nMy wife and I were the only people in the bar/restaurant. We were waited on immediately and our service was good.\n\nWhile the web site is nice, their menu in the restaurant's printed menu was almost impossible to read. I do not know know who picked the font but the number one rule when picking a font is to make it legible. I liked the fact they had descriptions with each menu item but trying to comprehend the message while reading \""through\"" the font was not fun.\n\nMy wife picked the cheese burger and fries. I picked the fish sandwich and sweat potato fries but then changed to plan fries when I learn they put sugar on the sweet potato fries, it was nice of the server to let me know this information.\n\nFood came out quickly. The fries were home-style with skins on and they tasted just like my homemade fries, greasy and soggy. I love fires but I did not finish mine.\n\nMy wifes burger was cooked well done as she liked them and she was afraid it would be dry but it was not she liked it and she liked the crispy toasted bun.\n\nMy fish sandwich was in one word \""yuk.\"" I have never seen fish that thin. It came with a tiny drop of tarter sauce in a plastic container, I asked for more when the sandwich was served and got one more drop of sauce, which might have been enough if the fish had not been so over-cooked that parts of it could not be chewed and swallowed.\n\nI had to keep picking out hard, long stands of fish from my mouth as I tried to eat the fish. There was one long piece of fish and one about 1/2 the length of the other, the perfect amount of fish.",396,True,,,,Yelp/yelp_review_full
story,,human,human,human,"Every person, in the free world at least spends, on average, a little over four years of their life in a car. While that is n't a lifetime, it's still a considerable amount of time if one thinks about it. With the amount of time waiting in traffic on the highways and streets of America four years feels like a lifetime. Hell, that thirty seconds waiting behind the asshole who has n't realized the light is green because responding to the text on is phone is a matter of life and death might as well be an eternity. It is n't life that's the Highway, it's the Highway that is life. Just like how people live their lives these days, everyone is in far too much of a rush to pay attention to what's passing them by, even if it costs them. My parents loved to travel when I was a kid, taking the entire family out on long cross-country road trips. Sometimes my brother and I forgot that we even had a home to go back to in the first place. The road was our home. Because of this I developed a knack for spotting all sorts of things. One time on a trip to Yellowstone I was able to count the license plates of forty-nine states. My brother found only ten, neither of us could find Rhode Island. I was the best at the Alphabet Game though. Despite my brother's constant protests that I was a liar, I had a knack for being able to spot any letter even before I could `` see it.'' I guess you could call it a superpower of mine. My dad loved using my `` superpower'' for spotting police cars and speed traps, which saved our family thousands in tickets. That was nearly five lifetimes ago, and my wife and I are expecting our second child, a girl. I ca n't wait until both are old enough to play the games I did. While I wait for that, I just spend my time driving to and from work, never the same route twice except for the one major highway. To get anywhere throughout the city you have to drive on the highway which means running into traffic, which means getting angry, which means getting impatient, which means speeding while weaving in and out of traffic.",393,True,,,,euclaise/writingprompts
story,,human,human,human,"`` I think we should be heroes.'' Luke took a bite into his apple, acting like he did n't care as he leaned on the half finished construction site. In truth, he stayed up all night thinking of how to convince his friends to be the good guys. `` The heroes always win in the movies.'' Stan shook his head. `` That's just some movie bullshit. That ai n't real life man. Besides, even if it was, that just means we'd be more badass for winning the town.'' `` Villains are proactive.'' Robby adjusted his glasses and looked up from his book. `` Heroes are reactive.'' `` Fuck does that mean?'' Stan asked. `` You may have to dumb it down for us, oh great one.'' Robby blew out a heavy breath through his nose and pushed his glasses higher again. `` It means villains do stuff. Heroes do n't do anything unless they have a villain to stop. So we ca n't even be heroes unless the town has villains.'' Stan nodded along with Robby's words. `` Yeah, yeah, makes sense.'' Luke hid a scowl. He did n't expect Robby to side with Stan. He usually sided with logic or reason. Maybe being villains was the logical thing. `` Plus,'' Robby said, `` neither one will be fun without the other. What's a villain without a hero, and what's a hero without a villain?'' `` So, what are you gon na be?'' Stan asked. `` Neither. I do n't wan na play.'' Luke kept in his relief. If they had to make a villain, he did n't want to play either. `` What are you doing!'' Luke jumped up, dropping his apple, but not in time to stop Stan from hitting Robby with a cement block. Robby hunched over a bit, blood pouring from his unmoving head. `` Now I'm the villain. You're the hero. You have to stop me before I do it again!'' Stan smiled in joy and ran off, leaving Luke with his dead friend.",339,True,,,,euclaise/writingprompts
story,,human,human,human,"Mate-spawn? Yes, mate-spawn? Are you aware of the present star sequence? Yes, mate-spawn. I know exactly the present star sequence. Why do you ask such a rudimentary question? I will create additional context. Are you aware of the present star sequence, in relation to the thirdly ordered planet in the quarantined system known colloquially as `` Shit Creek''? Shit Creek number three? I... no, mate-spawn. I do not presently know... It is October 31st. .... Did you hear me, matesp... October 31st? It is presently October 31st? Yes, mate-spawn. WHY ARE WE PRESENTLY ENGAGED IN UNNECESSARILY CIRCUITOUS CONVERSATIONS? IT IS OCTOBER 31ST! To the human falsehood depository! I will drive! I know a shortcut. _____ I would like to register a formal complaint about the use of the term `` shortcut''. We have arrived. The time for petty bickering is behind us. Let us discover this revolution's hottest human falsehoods. Only with the correct human falsehood will we blend seamlessly into their annual Satanic ritual and receive the choicest cuts of short-chain, soluble carbohydrates. I like PayDay bars the best. You would. Do you suppose rotting, gangrenous human sloucher is still in style this revolution? One suspects. Popular human falsehoods do not easily concede their position and disintegrate gracefully into oblivion. Ever do they shamble forward, like... some sort of rotting, gangrenous human sloucher. It comes full circle. What do you think of this one? '' Sexy Twitter feed''. That is a collection of words with no meaning. And this? This is merely an assortment of normal coverings molded for the bodies of designated egg-carriers. I do not see the falsehood. Perhaps the words? '' Cash me outside''? More gibberish. Perhaps there has been a global monoxide leak since last we visited. Where are the silken-shirted sea-thieves? The cyclops race? Surely that falsehood has dissolved into the cultural ether by now? Do not underestimate the tenacious grip with which these humans claw onto their musty, old falsehoods. There will be cycloptic sea-thieves about. Mark my words. We must choose soon. The yellow star has nearly set. Fine fine. You shall wear this black and yellow fuzzy dragon falsehood... That is a bumblebee. All winged earth creatures are descended of dragons. Everyone knows that. Why does it come with a lycra sling? That is for your lower genitals.",387,True,,,,euclaise/writingprompts
story,,human,human,human,"The room was silent. Tension traveled through the auditorium, dancing with the cigarette smoke that rose from the rows of workstations. John Crawford sat in the back of the auditorium behind the Flight Controller ’ s desk. Avoiding the watchful eyes, he grabbed a brush from desk drawer, and began cleaning out his pipe. Something's wrong. “ Why isn ’ t he saying anything, God damnit?! The procedure was suppose to start five minutes ago! ” John twisted the pipe around in his mouth, a habitual act of annoyance. “ He said he was grabbing a snack. Keep in mind sir, this is a long and demanding procedure. We want him to be as alert as possible. ” Flight Surgeons always put the safety of the astronaut over the mission objective, and John always felt that they were over-cautious. The astronaut was a veteran of the space program. That ’ s why he was picked for this mission. Surely someone like Butler can execute this mission without being babied. An hour earlier, Mission Control had been quite a bit louder. John was on his way to winning a hundred dollars from his longtime friend and colleague Bruce Thompson, the Flight Surgeon on duty. John had always been a fan of the Packers, admiring the leadership of Vince Lombardi that he tried to emulate at Mission Control. John was annoyed to learn that the procedure would happen during the Super Bowl, and had requested the game be projected onto the large screen in the front of the auditorium. “ I ’ ll tell ya, Bruce, Bart Starr has a fire under his ass tonight, and believe me, I ’ m as surprised as you are. ” Unlike his admiration for Lombardi, John was not a fan of Starr, mostly because Starr consistently beat his alma mater while at Alabama. “ I don ’ t know, Crawford, I ’ ve got a good feeling about the Chiefs Tonight. ” Bruce always had a feeling about something, and the smart money always bet against his feelings. John squinted across the hazy room to check the clock. The procedure was suppose to take place at 9:00 pm. Glancing back at the game, he figured he ’ d be a hundred dollars richer before it was time to get to work.",386,True,,,,euclaise/writingprompts
story,,human,human,human,"He took everything from me. They say revenge is a dish best served cold but I beg to differ. The fear in his eyes, his cold, sweaty hand on my arms. My hand pressed firmly against his throat. He struggled and squirmed but that was too easy. I released my grip, he was panting for air, gasping it for dear life. I never broke contact with his eyes. I saw fear and he saw death. The fire rising in me. I would hurt him like he hurt me. I dug my thumb deep into his eye socket. I felt the squish and pops as I dug deeper. His shrieks echoed through the warehouse. Screams no one would here except me. Screams that would haunt me for the rest of my life. Constantly reminding me what I have done but I was oddly okay about it. I was knuckle deep in his eye when I pulled out. The blood spraying at me. A pool of crimson formed around us. His ungodly scream startled me for a second. Now it was time to end this. I reached for my coat and pulled out a small picture. He knew exactly who they were. He was responsible for their death. It's always the innocents that get killed. The intoxicated drivers always survive. But not always, for today I am death. And I am here for him. My hands wrapped around his throat for one last time. I could feel the life slipping from him. He did n't struggle. He laid limp staring at me. Begging for mercy, he almost looked sorry. But that was to late. My family may of looked sorry and look where they are now. I have become judge, jury, and executioner. His body fell imp on the ground. His life drained. I stood there looking at what I have done. A calming feeling overcame me. I felt relieved. I turned away and walked back towards my car, ready to redo my life once again.",334,True,,,,euclaise/writingprompts
story,,human,human,human,"The world here passes me by. Times come and go, but this room never changes. The radio never changes. The recliner I sit in has been here forever and it will be here forever. Time passes here, but it never stays. They call me Lucifer to spite me. They mock me, ignoring my existence as I sit here watching out the window of the damned. They mock me in my own personal hell. Lucifer, the real one, was an old man when I had come. He took to me kindly and I would visit him often after I had died. It was a nice respite from the back-breaking work outside. We would listen to his radio and he would tell me of his life, his faded hopes and dreams. He was a nice man, Lucifer. But he was the Devil. The day he had planned carefully. I walked in and the shades were drawn over the window. A red glow burned through the shades and our shadows were long, undefined. We had tea and he played the music of the angels on the radio. I remember thinking how beautiful it was, hating myself every second for being here and not being up there with them. But Lucifer did not pay attention. He was old and prone to babbling. He babbled plenty that day and he cried often. He cried when he spoke of the early days of Creation. He cried for his youth. I listened as best as I could, but I was n't really paying attention. I listened to the radio, trying to absorb every note instead. And so I had taken the bait. I made the tea, not looking at what I was doing. I focused only on the music and vaguely on Lucifer's words. I poured the tea that would kill the Devil. I saw him sip it and I remember his smile, a subtle thing that broke the spell of the music. `` You're a good boy,'' he said. `` You really do n't belong here.'' And he laughed his old man laugh. I think he had wanted to die for a long time. I do n't know why I was the one he chose, but that was how the dice rolled. They found me and I saw the angels first hand. They were mighty beings, more majestic than their song had let on.",398,True,,,,euclaise/writingprompts
story,,human,human,human,"The Prince and the princess There once was a prince who loved a princess. But it was not to be, because this princess was already betrothed to another. But this prince could see that this princess was not truly happy. She was married to a dragon and her and that dragon were able to sire two children together. But as you know, the offspring of a dragon and a human is a demon. Now most people think demons are these horned creatures that go around creating misdeeds and causing havoc but that's not what demons do. Demons look just like any other person except they enjoy suffering. You see, unlike a regular person, demons love to see human beings suffer. I guess, that just makes sense given that so few demons are spawned by acts of love. Maybe demons are n't inherently bad. they're just nurtured that way. Regardless, the prince saw this and he wanted to do something about it. What I have n't mentioned before is that this prince was actually also a knight. Hed also slain many demons but never a dragon. Demons are relatively easy to vanquish, but a dragon is a great accomplishment. The kind of accomplishment that so few knights are capable of doing but he was, because he was one of the greatest knights in the land. The princess used to pretend she was happy. But the prince could see how unhappy she really was. When he would watch from the window, when she was all alone, away from the demons and the dragon, he could see her true sadness. The sadness that only the brave and handsome prince, the strong knight, would ever be able to chase away. So one day, the prince entered where the dragon and demons lived. He was armed with a crossbow and an axe. Most knights would have used a sword but this particular night was fond of using axes because it's only with an axe that a true warrior attains a higher state of being. As he entered the door to the castle, he saw the dragon, the demons and the princess all eating dinner. The princess, of course, was pretending to be happy but the knight nnew better. Away the bolt flew from his crossbow and into the heart of the dragon,.",387,True,,,,euclaise/writingprompts
story,,human,human,human,"I had n't slept in over two days. It felt like my body was turning on me, I lay on my straw mattress at night and attempted to sleep only to gasp for air and have a coughing fit. The physician was traveling to the village due to the large rise in people getting sick. No one really knew how close the doctor was or if he might have a way to help the sickly but everyone held onto that hope. Everyone but me that is. My father and his father before him had both been farmers. I was raised to be a farmer as well, there never was much say in the matter it was simply tradition. When I eventually had a son of mine own he would be raised to be a farmer and the cycle would continue. It had started when the farm hands had started to get sick. Running high fevers some still attempted to attend to the fields until the black lumps began appearing. I'm only one man, I ca n't possibly care for an entire farm by myself, however I still attempted to do some work. Soon enough I began to feel a hotness on my forehead and it increased in heat as time passed. I dragged myself out of my bed and out the door of my cottage, my entire body ached and begged me to get back in bed, I ignored it and greeted the sunlight. The sunlight soon proved to be far to intense and I needed to shield my eyes, they burned and my eyes began to water. I limped behind the house to take a piss only to be surprised with the sight of blood in my urine. I collapsed against the wall and slowly slid down onto the ground. My eyes welled up and a few tears escaped silently. `` What did I do to deserve this Lord? How have I sinned so extremely that you must punish me in this way?'' The words came out of my mouth with a croak as my throat was soar from all the coughing. The sound of hoof beats upon the road distracted me from my misery. I craned my neck to see a horse drawn carriage moving closer. I closed my eyes and waited in hope that it was the physician.",391,True,,,,euclaise/writingprompts
story,,human,human,human,"Day 24: I'm still weirded out by the silence. Power still functions. Electricity still works. I have an abundance of everything. Everything, that is, except people. How long will I survive with all the food and water stockpiled for a civilization of 7 billion people all to myself? What's really ~~fucking~~ freaky is the lack of animals. No birds, no cats, no rats, no bugs, no cockroaches. Shit, no bees. No pollen. No fertilization. Well, that ’ s fucking depressing. Fuck it. Fuck. Fuck. Fuck. No courtesies. No PC language. I ’ ve got to train myself to keep a better journal. That ’ s all I got for now. Still day 24: Time doesn ’ t have meaning. I ’ m still in Philly. Empty streets. Empty shells. I walked into the Liberty Bell Center and took a hammer to the damn crack until the bell split wide. No one to stop me. If this is the fucking Rapture, am I the only sinner on earth? That ’ s way too funny. Day 25: I ’ m booked into the Ty Warner Penthouse at the Four Seasons in New York. Forty five thousand dollars a night with a personal butler, floor-to-ceiling windows, calfskin leather walls, and a grand piano. Too bad I can ’ t play. Where ’ s my personal butler? Such a rip. That ’ s what I get for checking myself in. They can charge my credit card if they ever return, the bastards. I drove up in one day. If this was the Rapture, then I ’ d expect cars abandoned on the highways, but nothing. Nuthin. Nada. Nix. Zilch. I ’ ve got all the time in the world. Crap. Sweet meats. Chicken dung. Apocrypha. Okay, writing is tiring. Why bother? No one will fucking read this. I might as well post it on reddit. Then I ’ m sure no one will read it when I never get a single up vote. Hell, never did in the past, so why should the lack of humanity matter. I think I left the car unlocked with the keys in it. I think I wrote a sign saying “ Steal Me ” and stuck it in the windshield. How many people want their cars stolen in New York? One. How many people does it take to change a lightbulb? One. Why?",395,True,,,,euclaise/writingprompts
story,,human,human,human,"Morticia Tenebrarum ( so named in her ceremony of acceptance to the Temple of the Dead ) stood in a cold, dark hall, staring at the figures before her. As the mist whirled around her, she shivered, left unprotected even under her thick black woolen robes. She stilled her chattering jaw, pulled back her hood, and spoke in a commanding tone: `` Turn away! Within these halls lie mysteries too terrible to contemplate! Regardless of what you seek, O invaders, you shall not find it between these walls!'' She stood there, hoping the adventurers would get the message and leave, but her luck did n't hold. The pallid man in robes similar to hers raised his hands and sparked two orbs of white-hot flame, while the solidly built woman next to him drew a sword that must have been no more than a foot shorter than Morticia herself. In the same instant, the slim black man at the back of the group notched an arrow, and stood with it pointed directly at her heart. Morticia smiled, despite the fear boiling inside her. She could n't yet summon any more than five skeletons, but hopefully that would be enough to cover her escape while she alerted another more powerful necromancer. She glanced down at the words marked on her arm -- she had n't yet memorized her incantations, something her mentors often chided her over -- and began to speak. She spoke quickly, hoping to avoid a painful death by the archer's arrow, and noticed mid-spell that he had fired. Panicked, she spoke faster, and in her haste tripped over the last word. She closed her eyes, expecting to feel the arrow in her chest. She did n't. Morticia opened her eyes cautiously. The arrow had simply disappeared. Out of thin air, a fountain of sand now issued between her and the adventurers. Before their eyes it shivered, and then coalesced into a figure. A tall, cloaked apparition stood there, holding carelessly in one hand a scythe. As it turned its head, Morticia saw into its hood. A skull lay beneath, dots like black flame dancing in its eyes. This was not supposed to happen. Alice Green, came a voice into Morticia's head, why have you summoned me?",377,True,,,,euclaise/writingprompts
story,,human,human,human,"Humans... I never would have thought that such a frail, stupid lot would come as far as they have. The higher gods must have a twisted sense of humor, allowing my kind to be trapped by these magically inhibited rats. Where I once saw small villages dotting grassy plains, I now see massive metallic cities the size of forests, that shine with strange lights. Like herds of cattle, I see them travelling in puny machines that zip around through the sky and scuttle across their streets. Their machines may be plenty, but they are frail. Their towers crumbled to rubble as I rose from beneath the cityscape. How long had I been asleep? It could n't have been more than 100,000 years since those rotten humans trapped me. Could they have come so far in such a short amount of time? `` Impressed?'' asks a puny voice from somewhere in front of me. There it is, floating in the air. It looks like a human but, I can sense something more. Something much more powerful. `` My kind ruled over this world for five billion years. Twelve million humans have fallen at my hand alone. Who are you to address me so lightly?'' I grant the human my council, out of curiosity, mostly. `` Hmm..'' It surveys the scene of fresh destruction that surrounds us, `` Make that fifteen million. you just leveled half of Seattle.'' `` Is that supposed to mean something to me, human?'' It retains its smug composure and lets out a hearty laugh, `` Hahaha! Maybe! Ever tasted plasma weaponry before, my friend?'' What nerve. `` friend?'' I mutter, as I notice a flock of flying machines heading my way. The human notices them too. It flies closer to me and speaks one word in Talitotian, an ancient tongue, the language of the gods. Suddenly, we're not in the human city anymore, but on a comet passing by the planet earth. How did the human manage to teleport me this far all on his own? Humans should n't have this kind of magic at their disposal. He senses my confusion. `` Yes, I did that all on my own. I am no ordinary human, Therguutain.'' Therguutain.. that sounds familiar. Ah yes, its what the name the humans gave me while I ruled over them. Those humans and their stupid names.",394,True,,,,euclaise/writingprompts
story,,human,human,human,"Everyone, is born with a spirit link. Whether it be an animal, a mythological creature or an Ancient Greek deity, everyone is born with a link. Well... almost everyone. The most common are animals. More specifically rabbits and dogs. No one knows why, but they are. The rarest anyone has seen is Zeus. He generally comes around once every generation. There have been many tests and research papers made about this subject, but no one can figure out how a spirit link is chosen, whether it ’ s a roll of dice, “ eeny meeny miny mo ” or something else, not a single person has even come close to a logical idea. Until me. I ’ m also the first person to be born without a spirit link. As far as the tests go at least. There are a few beings that no one has had a spirit link to so there aren ’ t any tests for them. Since I was born, I had the ability or disorder, whatever you want to call it, to remember everything. I ’ m also the first person to be born with this. Anyway, I have such a good memory that I can remember being in the womb... and trust me, it isn ’ t anything like what people tell you. There isn ’ t any sloshing around in liquid, attached to your mother ’ s body. Instead, as far as I can tell from the briefing they gave me that no one else seems to remember, you sit in front of a council consisting of every single possible spirit link known to man and not. Then from there, the council discuss what traits you will have, a lot like the “ Sims ” and then the spirit links that wish to link with you based on your traits step forward and the rest of the council vote for the best fit. From what I heard there are normally only two who step forward so it ’ s also a pretty straight forward vote. For me, only one link stepped forward so they were guaranteed a link with me. Father Sky. He was the only person on the council who had never had a link before so apparently it was a pretty big deal.",382,True,,,,euclaise/writingprompts
story,,human,human,human,"The car idled slowly. Haralt sat in the front seat, drumming his fingers on the steering wheel, watching the bank while a rifle lay across his armoured lap. He was tall, bulky in his dark plate, but insisted on the precaution. Old habits did n't die hard. Knights that came unprepared did. He glanced over to the passenger seat. Elena sat perfectly straight, green eyes calm and collected. She spoke into her phone softly, her delicate fingers wrapped tightly around the device. `` Thirty seconds.'' she said. `` By the time we're out, the bridge needs to stay down thirty seconds. Do n't be late. Do n't be early. Or else.'' Abruptly she tossed the phone out the window and turned to the backseat. Draccio slouched in the back, shoulders wide enough that he needed the whole seat. Muscled, imposing, his suit tight against his frame. His tail snaked lazily from side to side, matching his mood, and his golden eyes turned to Elena, tendrils of smoke curling around his mouth. `` That was unnecessary.'' Draccio chuckled. `` They know the price to pay if they fail.'' `` They do n't take me seriously.'' Elena said bitterly. `` They see a pair of breasts and a dress, and assume I need some stupid knight to do anything.'' She glanced at Haralt. `` No offense.'' `` None taken.'' Haralt grabbed his rifle. `` We on?'' Draccio sat forward, nodding and cracked his massive knuckles. The trio stepped out of the car and headed for the trunk. Elena popped it and retrieved a set of masks, each more grotesque than the first. Each placed the masks over their faces, before Draccio reached in further and retrieved a bag and massive sledgehammer. `` Let's do this.'' Draccio rumbled. The bank was opposite the car. Regal yet modern, an old building layered with glass and steel, massive oak doors leading into the sunlight. Draccio lead them to the entrance. He turned to his associates. `` Remember, no magic.''",334,True,,,,euclaise/writingprompts
story,,human,human,human,"`` Sir it seems that the opennents are not being wounded by any of our men'' said the private in a typical cool fashion. `` Impossible'' responded the general `` I was promised that we would win this battle with no resistance. Give me the details.'' `` Yes sir'' promptly replied the private `` Any bullets fired at the enemy simply pass through the enemy like no one was there'' `` Have there been any injuries at all?'' asked the general `` Reports came in earlier today that a singular civilian was killed by one of the bullets passing through an enemy soldier'' responded the private `` I've got it private find me that lamp found on the battlefield earlier'' commanded the general `` Sir yes sir'' responded the private It must be that double crossing genie. It must be he must have granted the same wish to the other general. I know what I can do. I can make a wish to end the battle in a way which we both win thought the general. `` Sir here the lamp you requested'' said the private handing the lamp to the general `` Thank you, return to battle private do not allow anyone to enter this tent until the battle is over'' commanded the general `` But sir the battle will never end'' responded the private `` You have your orders'' commanded the general The general promptly rubbed the lamp and the genie appeared `` You have two wishes remaining how may I help you?'' said the genie with a slight accent `` I wish to hear the last two wishes which you have granted'' said the general `` Both wishes were simply I wish to win the next battle'' responded the genie `` Okay'' said the general `` I wish for the battle to end'' `` Granted'' responded the genie Instanteously after the wish was made every indivual is returned to their home and the battle is considered to have been one by each general",336,True,,,,euclaise/writingprompts
story,,human,human,human,"Alex trudged along the parched earth kicking up wisps of dust as he plodded along. It was still relatively early in the morning, but the heat already was starting to become uncomfortable. His heat suit was one of the last ones to not have a hole in it, but then again after the last few years, he started to have plenty to choose from. Alex had remembered his father telling him stories about the Inuit Indians in Canada in the old days. Back when the men had to go out and hunt for their food, they had to wear thick coats that their women had stitched together from the hide from previous kills for them. Each day seemed to be harder than the last and he did n't know how much longer he and the others could keep holding out. Burrowing into the earth had gained a lot of relief from the heat, and there was still a lot of water left. They were making due with reprocessing the water, and using grow lights to provide sunlight that would n't dry out and burn up the plants. The 3D printers were able to make spare parts fairly easy, but the lack of precious metals to make particular circuits meant that they were using older and bulkier boards. It was still an oasis compared to up top where he was making his little trek. He saw an old yellowed and slightly curled up poster in a window for a Christmas sale. It had a snowman hawking the latest and greatest in electronic for deep going out of business discounts with kids in winter clothes playing in the background. He stopped and stared at the poster and tried to remember the last time he had seen snow. Two decades at least. Maybe three? The only thing that keeps time anymore is death as far as he knew. He thought back to the stories about the Inuit his father had told him and thought how he was in the same boat as they were in some ways. The main difference was that the heat was the culprit and not the cold. Without protection, you would eventually die. The earth was without protection, so it was dying. The layers of protection were like the layers I put on to keep from getting damaged from the heat.",392,True,,,,euclaise/writingprompts
story,,human,human,human,"I took a long drag from the cigarette, savoring the slight burn and head rush it brought before tossing the butt down and stomping the lit end with my boot heel. Small moment's reprieve before the long day ahead. It was supposed to be a holiday, and I was hoping to drown myself in a long, long pint. Not today. Today was going to be hell. I just wanted a normal holiday. The fervent buzz on the tubes and social media were what made me aware of the event, but the hours leading up to now brought an unease I felt in my gut I had n't felt in years. I was waiting for the day that it would happen, like years spent paused in anticipation of the hammer dropping, hairs on the back of my neck pricked like the moments before a thunderstorm. From out of the corner of my eye floated a styrofoam cup of black sludge. I looked over to see my partner had come back from the precinct building, a look of weariness in his steely eyes and a matching cup in his hand. We both nodded and walked in. A slew of pleasantries with the dispatch desk, a quick nod to the other detectives investigating the Angel Grove massacre, a brief discussion on which local watering hole the partner and I would be drowning our gills tonight, and we found ourselves at the door to the interrogation room. Ms. Valerie Frizzle was calmly at the metal table in the corner, hands gently clasped on the cool surface despite the cuffs keeping her locked to the spot. The graying of her wild, orange hair belied the feeling of electricity in the room. Everyone in the station knew this woman. Everyone had met her at one point in our lives, or at the very least heard the wondrous, fantastical tales blurted out by the... imaginative....alumni of her classes. With acid in my stomach and the onset of nausea taking over my usually-reserved faculties, I did my best to take the seat directly across from her, my cup imperceptibly trembling in my hand. I feared this woman, and she knew it.",363,True,,,,euclaise/writingprompts
story,,human,human,human,"The wizard Nadir and his knight-errant, Parallax, stood, stunned, above the corpse of the greater stone golem. The golem ’ s corpse lay across the flat earth of the desert. A wind whipped at the cloth of Nadir ’ s robe, and curved across the armor of Parallax. Parallax ’ s chest heaved up and down, exhausted from the battle with the golem. Nadir ’ s hands were covered in soot and stains, a byproduct of the magic he ’ d used. The two stood side by side, and stared down at the treasure the golem had been protecting. “ What is it? ” Parallax asked, sheathing her sword. “ I don ’ t … I don ’ t quite know. ” Nadir replied. The two were staring at a small, brown bag the golem seemed to have coveted. They ’ d opened the bag, and inside had been a brown disk, flat and circular. The brown disk seemed to have the quality of a burnt baked good; flakes and ripples covered its surface. Currently, the disk sat next to the opened brown bag, both the wizard and the knight nervous about touching such a strange artifact. “ What do you mean you don ’ t know? ” Parallax asked, turning her head towards Nadir. “ I thought you were a master of the occult. ” “ W-w-well of course I am! ” Nadir stuttered out, his face turning read. “ But this isn ’ t occult. Nothing, none of my tomes or scrolls have ever mentioned something like this. ” Nadir said, gesturing madly at the flaking brown wafter sitting at their feet. The two turned their attention back to their loot. They stood in silence for a few moments, trying to come to a conclusion. Nadir ’ s mind ran and sprinted through his expansive knowledge of the occult magicks. Nothing was of use. As for Parallax, she looked back on her experiences. She had travelled the land, fought countless monsters and demons, goblins and ghouls, explored countless dungeons and caverns, abandoned forts and ruins. Yet nothing she had seen came close to this bizarre wafer. In a way, it reminded her of overcooked bread, but what would a stone golem be doing with a pastry. “ We don ’ t have much time to waste.",388,True,,,,euclaise/writingprompts
story,,human,human,human,"D-day. Looks like it's the blindfold. It's my last hope. I've always been in control of my future. I'll give that up over my dead body. The plan is pretty simple. I go down to the basement. There's nothing in the basement. I lock and bar the basement from the inside. I put the blindfold on. I sit there for twenty-four hours. The vision of darkness I had three days ago comes into fruition. Not death, just darkness because of the blindfold. It's close to fail-safe. Or at least, it's far more fail-safe than trying to figure out what spells my doom. I do n't understand how ordinary people can live like this, not knowing. The stories they tell themselves, about luck, gods, guardian angels, how could they bet their lives on such ludicrous fantasies? Three hours in. I'm hungry. That's fine, I ca n't starve in twenty-four hours. Maybe I should have brought some snacks, to pass the time at least. No, wait, you thought about this. You could choke. Even though you're a grown man and you know how to chew, something could go wrong and you could die. But then again, this house could collapse. It does happen. Dodgy builders, bad materials. Maybe a freak storm? A hurricane out of nowhere. Maybe a bomb will go off outside? They're always on the lookout for terrorists at important buildings and monuments, so why would n't a smart terrorist target some quiet neighborhood in some insignificant town? Or maybe it'll just be a gas leak. Wait, is that gas? I can smell something. Oh, that's just me. Oh. This is what it is. This is normal. This is why people believe in guardian angels and luck and all the rest of it. The world is a truly frightening place. Nothing would ever get done if people thought about that all the time. And this is what I'm going to have to get used to. I do n't get visions three days into the future anymore. I just see darkness. At first I feared it meant death, but now I see that it's a fate far worse than that. To hell with that. I take off the blindfold. I get up and leave the basement. I take the gun down from where it hangs above my mantle-piece. I remain in control of my own future, to the last moment.",399,True,,,,euclaise/writingprompts
story,,human,human,human,"An empty space only to be filled with toilets was there was in this walled mirror. The mirror thought to himself'I ca n't seem to speak or move, but to only think. This is weird. Can I flush myself right now?...'' One of the toilets flush. The mirror felt an overwhelming sense of relief as the toilet flushed, but some sort of disgust. He liked to flush himself, but the disgust only came from any association that came with dirty toilets. The mirror thought he was in some of sort dream, but the everything seemed a bit too real. He could feel every object that he could see. He felt the cold of the porcelain, and the overwhelming white of the counter tops. He was everything in the mirror. Two woman stumble into the bathroom one wearing red, and one wearing blue. As they stumbled into the bathroom they went straight to the sink. The mirror reflected differently. It only showed two shocked girls who moved in sync as they feel their new found bodies and even slightly fondle themselves on out of curiosity. This did not attain the attention of the two woman living in non-mirror land though. As the mirror was discovering his new found double pair of breast, the women just had snorted something off the counter quite hastily. The did this quickly within an eye's blink. They've done this before. `` I wonder what they're snorting?'' said mirror red woman. `` Hey, I can speak! I get it now...'' continued mirror blue woman. The real women did n't even notice their own voices and just finished up their snorting and wiped their noses. `` Hey! Can you hear me? `` Mirror blue woman screamed. `` Yes I can hear you. Coke does n't make you mute y'know.'' Real woman red woman replied. Blue woman did n't even notice as she was digging through her purse to find her cell phone and was distracted her own phone finding task. She found her phone and then started taking selfies. Mirror became frustrated as it became evident in his mirror avatars. The women got off two selfie shots just before one of the mirror woman said `` Look in the mirror!'' Neither of the women still noticed the magical mirror powers. More importantly, blue woman did n't even notice that it was her own voice that said it.",399,True,,,,euclaise/writingprompts
story,,human,human,human,"The mammoth of an animal woke up. Oh wait, it IS a mammoth. Let's do that one more time shall we? The MAMMOTH felt as though life is seeping through his tusks. And it was. You see, for the first time in 100,000 years, a woolly mammoth is roaming the Earth. I know you can feel it, there's a problem is n't there... Oh there is. While this is a scientifically unforgettable moment, it also happens to be one that wo n't be forgotten by SEAL Team 6 anytime soon. Why? Simple. The single Woolly Mammoth ( WM, let's call him ) cloned is actually a type Alpha. An Alpha WM has the intelligence of a 12 year old, and the memory of a modern elephant. This WM is set out to eradicate humans after millennia of torture and harm inflicted upon his kind by early humans. That's bullshit actually. The problem with Mr Woolly Mammoth ( decided not to call him WM ) is that he's genuinely crazy. An utterly overpowered, mindless beast with the intent to seek and destroy. Did I mention he can not be killed by modern means? Why do you think all early weapons were spears? It took humans a long time to invent the bow and arrow, and the sword for that matter, and that's because they were of no use against the mighty mammoth. Dr Akniston soon found out one more thing ( yes I seriously just added a main character ). Dr Akniston found out that Mr Woolly Mammoth would n't stop growing. NOTHING is more powerful than ancient mana... Except an Apache helicopter. An Apache helicopter has machine guns AND missiles. It is an unbelievably impressive complement of weaponry, an absolute death machine. So yes, Dr Akniston called in an airstrike. Nobody has time to raise a woolly mammoth. Dr Akniston got himself a honey badger instead.",316,True,,,,euclaise/writingprompts
story,,human,human,human,"The following story is semi-autobiographical about my experience losing a bf. It had taken me all summer to get here, like my own inner self was willing it to not be true. I got the phone call the day after it happened, Sammy crying into the phone babbling about you and an accident. I made out enough to know what hospital you were at and that you weren ’ t expected to survive. Talking to Ben that Sunday revealed a little more, like the fact that you left where you were so fast you didn ’ t put on your helmet. Ben thought you were fleeing for your life. Ben swears you were set up. I didn ’ t go to the hospital my love because of your estranged ex-wife. In fact, I was downright warned I ’ d be in for a fist fight if I did show up, so I kept my distance. The day they let you leave us with grace and dignity, I bought a bus ticket to Toronto so I could say goodbye. Once again, I was warned by Ben and Sammy. My heart broke into a million pieces. I want to thank you, Jay, for leaving me with these words you said to Sammy; “ I should have gone after her, ” I let my own fear of causing a scene keep me from seeing you one last time, and instead I bided my time. I waited patiently until the wounds were no longer raw and I felt it was safe enough to return to say my final words to you. That summer I went home to visit family and friends. I saw Ben and we talked about you, a lot. I went to the place where we had our first date; you remember that day. That was the day you put me on the back of your motorcycle and we just rode to the water. When I went back in the summer of 2012, I took an empty box to fill with soil from where we sat. I felt like the soil still had your energy in it. So here I sat, at your grave that was still barren of grass, with this box of dirt from Georgian Bay. From the corner of my eye I see a woman approaching, hesitantly, being weary of my presence.",393,True,,,,euclaise/writingprompts
story,,human,human,human,"“ I ’ ll never forget the way you ’ ve made me feel. ” Her lips stretch across bared teeth, hands choking the man ’ s throat, and she laughs. It was mid-July. The wind rushed through the city outside, its tormented screams burying into the ears of the residents. Flora had settled in, an hour earlier, on a road-side bench between a garbage can and a dying oak and accompanied by a group of gurgling pidgeons. This was not a good idea. It is difficult to read a book when the wind is blowing the pages ( and your hair and your purse and your sunglasses ) every which way. It is equally as difficult to get off your ass once you are sat down and relaxed on a sunny day. Even if the pungent smell of day old Chipotle has killed your nose. Thus, Flora was stuck. “ I have felt everything for you. I ’ ve been happy; I ’ ve been sad; I ’ ve been thankful; I ’ ve been angry. ” The man doesn ’ t look very alive anymore, but that ’ s okay. She lets go of him and he crumples, but that ’ s okay too. In any case, Flora was meant to meet up with Charles here. He hadn ’ t showed up. She wondered if it was sad that she wasn ’ t even angry anymore. Charles was always late, or very late, or extremely late… or absent. It was the norm and not even disappointing anymore. It ’ s quite impossible to disappoint when there are no expectations in the first place. Closing the Sonnets to Orpheus, Flora drooped down in her seat. The things we do for love. She got up reluctantly and walked. “ I thought I loved you. I thought I hated you. But, actually? I feel nothing. ” She kicks him gently, “ Hello? ” No response. Another kick. Harder. “ It ’ d be nice to get an apology. ” Not a kick. A stomp. “ Fuck you. ” Flora sighed. Lost, empty, apathetic. Tired. She didn ’ t want to care anymore. “ I ’ m done, but I ’ ll never forget the way you ’ ve made me feel.",380,True,,,,euclaise/writingprompts
story,,human,human,human,"What was supposed to be just another lazy Sunday ended up to be far from that. I woke up to a text from an unknown number which honestly was n't too uncommon considering I have a bad habit of not saving new numbers in my phone. But this number did n't appear to be one that I had texted previously. There was no history and the area code was one I was not familiar with. It seemed to be just another spam text message because it just contained a link. I went to delete it but something inside of me was telling me that this was far from spam. So I did n't delete it but I just decided to brush it off for now and I'll decide what to do later. A few hours pass and everything seemed to be normal. Honestly, I had even forgotten about the strange text until I'm laying in bed and get a call from an old friend of mine, Trevor. I had n't spoken to him in some time. Trevor and I were close back in high school but when we went to college we just drifted apart. He moved away after college graduation and that was sort of the last of he and I. As I stared at my phone and looked at his name on my screen I thought that it might have been a butt dial so I decided not to answer. If he needed me, surely he'd leave a voicemail. Well sure enough, about 1 minute after I received a voicemail notification. I listened to the voicemail and as I figured, it was a bunch of noise that I could n't really make out. `` Only a butt dial'', I said to myself. I was just about to end the call when I heard the words, `` The oak tree'', and then the voicemail ended. The Oak tree?, I thought to myself. Confused as ever I just stared at my phone and replayed the message to see if I had missed anything else. Turns out I did n't. All the Trevor said was `` the oak tree''. I opened up my messaging app to that text I had received that morning. After a few minutes of going back and forth in my head I just decided to go for it and click on the link.",396,True,,,,euclaise/writingprompts
story,,human,human,human,"We had an agreement. Well, a kind of silent agreement. He didn ’ t talk much. The way I saw it, I wouldn ’ t ask what all the tattoos were about, and he would pay the standard price just for a simple black line on his upper back. Everybody wins. I got a lot of shady customers. I had expected as much, opening up in a neighborhood like this. But most of the time I wasn ’ t left with many questions to ask. Of course the head of a local triad wanted a frothing dragon sprawled across his chest. Why wouldn ’ t I give a half a dozen gang members matching tattoos of bleeding blue skulls? I learned very early on not to ask my customers many questions. And I ’ ve done pretty well so far. But this man. He baffled me. He wasn ’ t particularly muscular or imposing. He looked like the kind of guy you would see at an accounting firm or shopping at the mall. You know, short, styled hair, clean suit. Sometimes it hadn ’ t even been three days before he showed up again. Other times, it would be weeks. But he always came back. And he always ordered the same thing: a tally mark. What was he counting? The grid of tally marks already stretched a quarter of the way down his back. Was he an underground fighter? He never displayed any obvious injuries. A hitman? I supposed it was possible. It would explain how much cash he had to burn on tally mark tattoos. But he just didn ’ t seem like a killer to me. I had sworn that I would never ask my customers questions. But that didn ’ t stop me from dying of curiosity. I was counting money when he came in again. He wore the same suit, carried the same silver briefcase. I nodded at him wordlessly as he slapped a fifty dollar bill down on the counter. It had become somewhat of a routine at this point. He hung up his shirt and jacket and lied face down on the tattoo bed. The last tally was still a little raw from a few days ago. A quick count told me he was up to 124. I silenced my curiosity and began preparing the needle. The man was lying still, silent, and calm.",400,True,,,,euclaise/writingprompts
story,,human,human,human,"My whole life I ’ ve focused on becoming a tennis player. I would cut class before competitions, just to practice more. I would wake up freezing in the middle of winter, hours before anyone else, and swing my racket just to perfect my strokes. I became the best tennis player in my town, I dominated recreational and high school leagues of all age brackets up until I graduated. My grades suffered, but being number one in the state for my age group secured me a scholarship. Many people were counting on me to dominate at tennis in college, to spread our school ’ s reputation. I was thirsty for more challenges. I wanted to get better, playing for over a decade at that point only fueled my passion further. But then I met Sandra freshman year of college. And we fucked. A lot. And it was fun. But it was a distraction. Tennis had been my reason for living, my lover, parent and friend for many years. I ’ d only known Sandra for two months and she was starting to get clingy, taking more from me then she could give. So I broke up with Sandra because tennis was more important. To be fair, I had told her when she elevated my status from fuck buddy to boyfriend that tennis was the most important thing in my life, and it was going to stay that way no matter what. After we broke up, I ignored all of her phone calls and avoided her completely after about a month had passed. I remember preparing to go into an important qualifier match when my cellphone rang. “ Wait. What? ” “ I ’ m going into labor Charlie ” I remember getting really nervous because she said it like it was supposed to matter to me. Sweat stained my palms and made the cellphone gross in my hand. I could feel dirt in the cracks of my palm, sticking to my skin. “ Why are you telling me this, I told you we were over. ” She exhaled sharply, annoyed. I started to get angry and yelled into the phone, “ Sandra this better not be some manipulative ploy to make me talk to you. We already worked it out, we met up like three times since we broke up to talk.",392,True,,,,euclaise/writingprompts
