id,domain,prompt_id,source_type,model_name,model_id,text,n_words,valid_length,seed,temperature,top_p,human_dataset,split,binoculars_score
T0000,news,P01,model,Qwen3-4B-Instruct-2507,Qwen/Qwen3-4B-Instruct-2507,"Electric vehicle (EV) battery recycling has become an essential part of sustainable automotive development as global EV sales surge. As millions of EVs enter the market, managing the lifecycle of their lithium-ion batteries-particularly when vehicles reach the end of their useful life-has gained significant attention. These batteries contain valuable materials like lithium, cobalt, nickel, and manganese, which can be reclaimed through specialized recycling processes to reduce environmental impact and support supply chains. Currently, most EV batteries are not disposed of in landfills due to their high value and potential for material recovery. Instead, they undergo a process called hydrometallurgy or pyrometallurgy. Hydrometallurgical methods dissolve the battery components in aqueous solutions to extract pure metals, while pyrometallurgy involves heating the batteries to separate metals from other materials. Both techniques are designed to recover up to 95% of the critical materials, reducing reliance on mining raw materials and cutting greenhouse gas emissions by up to 80% compared to primary production. Many automakers and governments are now investing in battery recycling infrastructure. For example, companies like Redwood Materials (founded by Tesla CEO Elon Musk) and UK-based firms such as Li-Cycle have developed large-scale facilities capable of processing hundreds of thousands of kilowatt-hours of battery energy. In Europe, the EU Battery Regulation mandates that at least 50% of the critical materials in used EV batteries must be recovered by 2030, pushing innovation and standardization in the field. Despite progress, challenges remain. Battery recycling is still relatively expensive, and there is a shortage of standardized, scalable facilities globally. Additionally, the technology for safely disassembling and reprocessing old EVs is complex and requires skilled labor and strict safety protocols. Recycling centers also face hurdles in collecting used EVs from consumers, especially in regions with limited infrastructure. As the EV industry expands, so too does the need for responsible end-of-life management. Without effective battery recycling systems, the environmental benefits of electric transportation could be undermined by unsustainable disposal practices. Efforts to scale up safe, efficient, and economically viable recycling technologies are crucial to ensuring the long-term sustainability of the electric vehicle revolution.",345,True,42.0,0.8,0.95,,test,0.9015682621069255
T0001,news,P01,model,gemma-4-E4B-it,google/gemma-4-E4B-it,"Powering Down, Powering Up: How Electric Car Batteries Are Being Reborn As the global shift towards electric vehicles (EVs) accelerates, so does the critical question of what happens to these massive lithium-ion batteries when they reach the end of their service life. These batteries contain valuable, finite resources-like cobalt, nickel, and lithium-that cannot simply be discarded. The process of recycling them is rapidly evolving from a niche concept into an industrial necessity. The journey of an EV battery through recycling isn't one-size-fits-all; different technologies are emerging to handle the complex chemical makeup of these packs. Currently, two main pathways dominate the discussion: direct reuse and material recovery. ""Second Life"" applications represent the first opportunity. Many batteries don't instantly become landfill fodder. Once an EV battery's capacity drops below the threshold needed for automotive range-often around 70-80%-it can be repurposed. Instead of being discarded, these batteries find new life powering stationary energy storage systems, like backup power for homes or businesses. This extends the useful life significantly before the intensive recycling process even begins. When batteries are truly spent, mechanical and hydrometallurgical processes take over. In pyrometallurgy (the ""smelting"" approach), batteries are subjected to high heat in furnaces. This process recovers valuable metals like nickel and cobalt into metal alloys. However, this method is energy-intensive. Hydrometallurgy, which is gaining significant traction, offers a chemical refinement route. Batteries are broken down, and acidic or alkaline solutions are used to leach out the target materials-lithium, manganese, cobalt, and nickel-in a purer form. These recovered ""black masses"" are then refined back into battery-grade chemicals, effectively creating a circular supply chain where old batteries become raw material feedstock for new ones. While challenges remain-including the safe disassembly of large battery packs and scaling up efficient chemical processing-the infrastructure is rapidly maturing. Continued investment is crucial to ensure that the promise of sustainable mobility doesn't end with the disposal of its most vital component.",318,True,42.0,0.8,0.95,,test,0.9857194922115085
T0002,news,P01,model,SmolLM3-3B,HuggingFaceTB/SmolLM3-3B,"Electric vehicle (EV) batteries, once depleted of their driving capacity, are being increasingly recognized for their potential to be recycled, transforming them into valuable materials used in new batteries and other electronics. This process is crucial for managing the growing environmental impact of electronic waste and reducing the extraction of raw materials. The recycling of EV batteries involves several stages, starting with the collection and sorting of old batteries from various sources, including manufacturers and consumer vehicles. These batteries contain lithium, cobalt, nickel, manganese, and graphite, which are essential for producing new batteries. However, extracting these minerals can lead to ecological and social issues, making recycling an environmentally friendly alternative. The recycling process typically begins with a dismantling phase where batteries are physically broken down to recover the individual components. This step often uses mechanical methods like shredding to separate the materials. After this initial breakdown, the recovered materials are cleaned and purified to remove impurities and restore their original form. For example, lithium, the most sought-after component in EV batteries, is extracted using specialized processes such as hydro-metallurgical techniques or direct reduction. These methods dissolve or reduce the metal compounds in the battery's cathode, enabling recovery through chemical precipitation or electrolysis. The recovered lithium can then be refined into pure metallic lithium, suitable for use in new batteries. In addition to lithium, other valuable components like cobalt, nickel, and graphite can be recovered from the battery materials. Graphite, for instance, is used both as a cathode material and as a precursor in battery production. These recycled materials offer significant cost savings compared to mining new resources, making the recycling process economically viable. However, the complexity of EV battery recycling comes with challenges. One major hurdle is the high energy required for processing the materials and the need for precise separation of components without degrading the valuable substances. Furthermore, the global supply chain for rare earth metals used in recycling faces regulatory and ethical concerns related to sourcing and labor practices. Efforts are underway to develop more efficient and sustainable recycling technologies. Innovations such as pyrometallurgy, which uses heat to melt and separate metals, and electrochemical processes that directly recover metals from solutions, are being explored. Additionally, research focuses on improving the overall efficiency of the recycling process to reduce its environmental footprint. Governments and international bodies are also working to establish guidelines and standards for the safe and responsible",400,True,42.0,0.8,0.95,,test,0.8590419913763286
T0003,news,P01,model,Mistral-7B-Instruct-v0.3,mistralai/Mistral-7B-Instruct-v0.3,"Sustainable Energy: The Recycling of Electric Car Batteries In the rapidly evolving world of electric vehicles (EVs), one critical component that warrants special attention is the battery. As the demand for EVs continues to surge, so does the need to responsibly manage spent batteries - a challenge that is being addressed through innovative recycling methods. Electric vehicle batteries, primarily lithium-ion, are complex systems containing precious metals such as nickel, cobalt, and lithium, along with other materials. These materials are not only costly but also non-renewable, making their efficient recovery essential for a sustainable future. The recycling process involves several stages. First, spent batteries are collected from various sources, including manufacturers, dealerships, and consumers. Then, they undergo disassembly, which involves carefully separating the individual components, such as the metal casing, electrolyte solution, and cathode and anode materials. Next, the separated components are processed using various techniques to extract the valuable metals. For instance, hydrometallurgical methods are commonly used to dissolve the metals in a chemical solution, enabling their separation and purification. The recovered metals are then sold to industries for use in new products, including batteries for renewable energy storage systems, mobile devices, and even EV batteries themselves. This closed-loop approach not only reduces waste but also conserves finite resources. Moreover, recycling electric vehicle batteries offers significant environmental benefits. For example, recycling just one metric ton of lithium-ion batteries can save up to 60% of the energy required to produce new batteries, reducing carbon emissions significantly. In conclusion, electric vehicle battery recycling plays a vital role in achieving a circular economy for EVs. By implementing effective recycling strategies, we can ensure a sustainable future for this burgeoning industry, while simultaneously protecting the environment and preserving our planet's finite resources. As electric vehicles become increasingly prevalent, it is crucial for manufacturers, policymakers, and consumers alike to prioritize battery recycling initiatives. Together, we can pave the way for a greener, more sustainable future.",320,True,42.0,0.8,0.95,,test,0.8580286158913143
T0004,news,P01,model,Phi-4-mini-instruct,microsoft/Phi-4-mini-instruct,"Electric cars have gained popularity due to their environmental benefits, but one significant issue remains: battery recycling. As these vehicles rely on lithium-ion batteries for energy storage, it's crucial to understand the process of recycling them safely and efficiently. The recycling process begins once an electric vehicle reaches the end of its life cycle, typically after five years or approximately 70,000 miles driven. Specialized facilities equipped with advanced technology handle this task, ensuring that valuable materials like lithium, cobalt, nickel, and manganese are reclaimed rather than discarded. First, the spent battery undergoes sorting at a recycling plant where workers manually remove any non-battery components from each cell pack using specialized tools designed specifically for handling delicate cells without causing damage. After separation, the individual cells enter shredding machines which shred them into small pieces while maintaining as much structural integrity as possible. Following shredding, chemical treatments take place. Electrochemical methods dissolve harmful substances within the shredded material before extracting metallic elements through complex electrolysis processes. This meticulous procedure ensures the recovery of high-purity metals suitable for reuse in new products. Reclaimed raw materials such as lithium, cobalt, and other metals go through further purification stages before entering back into production lines. Lithium, often found in large quantities during recycling efforts, is primarily used again in producing fresh lithium-ion batteries. Similarly, cobalt contributes significantly towards building robust cathodes needed for creating powerful next-generation batteries. Another notable advantage associated with electric car battery recycling lies in reducing carbon emissions linked directly to mining activities required initially when sourcing essential metal constituents. Recycling helps mitigate adverse ecological impacts by conserving natural resources utilized throughout extraction phases. Moreover, companies embracing sustainable practices actively collaborate across industries to innovate more efficient recycling technologies continually. Governments worldwide also incentivize businesses engaged in battery recycling endeavors. These initiatives aim to support burgeoning renewable energies sectors whilst fostering environmentally conscious attitudes among consumers globally. In conclusion, electric car battery recycling represents a critical facet intertwined within broader discussions centered around sustainability, resource conservation, and minimizing greenhouse gas emissions stemming from traditional manufacturing operations. The continual advancement and adoption of eco-friendly recycling methodologies will contribute substantially toward achieving cleaner planet aspirations and enhanced green mobility solutions moving forward. Electric car battery recycling undoubtedly stands as a pivotal endeavor worth pursuing relentlessly.",382,True,42.0,0.8,0.95,,test,1.0121208335564313
T0005,news,P02,model,Qwen3-4B-Instruct-2507,Qwen/Qwen3-4B-Instruct-2507,"Inflation is when the prices of goods and services go up over time, meaning you need more money to buy the same things. For example, if a gallon of milk cost $3 last year, it might now cost $3.50 - that's inflation. It doesn't happen overnight; it builds slowly over months or years. One main reason inflation happens is when there is too much money chasing too few goods. If everyone suddenly has more cash - like during a financial boom or because of easy credit from banks - people will spend more. This increases demand for products and services, and businesses may raise prices to cover the higher costs of making and delivering those goods. Another key cause is rising costs for things like energy, food, and labor. For instance, if gas prices go up, delivery trucks need more fuel, so shipping costs increase. These higher costs get passed on to consumers in the form of higher prices for everything from groceries to car repairs. Also, if companies expect prices to go even higher in the future, they might raise prices now to stay profitable. This can create a cycle where prices keep going up, even if supply hasn't changed. Central banks, like the U.S. Federal Reserve, monitor inflation closely. They try to keep it under control by adjusting interest rates. When inflation is high, they often raise interest rates to make borrowing more expensive, which slows down spending and helps calm price increases. Inflation isn't always bad - some growth helps economies expand. But high or rising inflation can hurt people's purchasing power, especially those on fixed incomes. That's why governments and central banks work hard to manage it. In short, inflation happens when too much money circulates in an economy, demand grows faster than supply, or production costs rise significantly. Understanding these basics helps people plan their budgets and makes it easier to follow economic news.",319,True,52.0,0.8,0.95,,train,0.9555265965349657
T0006,news,P03,model,Qwen3-4B-Instruct-2507,Qwen/Qwen3-4B-Instruct-2507,"Vaccines undergo rigorous scientific evaluation before being approved for public use, ensuring their safety, efficacy, and quality. The process typically begins in laboratories, where researchers test vaccine candidates on cells and animals to assess potential risks and effects. If initial results are promising, the vaccine moves into clinical trials involving thousands of human volunteers across multiple phases. Phase I trials evaluate safety and dosage in a small group, while Phase II expands the study to assess immune responses and side effects in hundreds more participants. Phase III involves large-scale trials with tens of thousands of people, comparing vaccinated individuals against those receiving placebos or standard treatments. These trials collect data on both effectiveness-such as preventing illness-and adverse events. Once trial data is collected, regulatory agencies like the U.S. Food and Drug Administration (FDA) review the evidence. The FDA does not approve vaccines based solely on speed or political pressure but instead on science-driven criteria, including the strength of evidence supporting safety and effectiveness. Regulatory bodies also conduct independent reviews by expert panels, often including scientists, clinicians, and public health officials. The agency may request additional information or hold meetings with developers to ensure all concerns are addressed. After reviewing the data, the FDA can issue an Emergency Use Authorization (EUA) during public health emergencies, such as pandemics, or a full approval once sufficient evidence is gathered. Even after approval, manufacturers must continue monitoring vaccine safety through systems like the Vaccine Adverse Event Reporting System (VAERS), and ongoing studies track long-term outcomes. Throughout this process, transparency and communication are key. Regulatory agencies share summaries of trial results with the public, and independent experts review the data to ensure scientific integrity. This multi-layered approach balances innovation with caution, protecting public health while enabling timely access to life-saving tools. Vaccines are not approved based on unproven claims or rushed decisions-they are the result of years of scientific scrutiny and public health planning.",319,True,62.0,0.8,0.95,,train,0.9127858945161168
T0007,news,P04,model,Qwen3-4B-Instruct-2507,Qwen/Qwen3-4B-Instruct-2507,"Coral reefs, often called the ""rainforests of the sea,"" are facing an unprecedented crisis. Scientists now warn that over half of the world's coral reefs could vanish by 2050 due to a combination of climate change, pollution, overfishing, and ocean acidification. At the heart of this decline is rising global sea temperatures. When water warms, even slightly, corals expel the symbiotic algae living in their tissues-a process known as coral bleaching. Without these algae, corals lose their primary source of food and energy, leading to widespread mortality. Repeated bleaching events have left many reefs weakened and unable to recover. Ocean acidification further compounds the threat. As atmospheric carbon dioxide increases, more CO2 dissolves into seawater, forming carbonic acid. This reduces the availability of carbonate ions, which corals need to build their calcium carbonate skeletons. Over time, reefs become structurally weaker and more prone to erosion and collapse. Pollution from agricultural runoff, plastic waste, and coastal development introduces toxins and excess nutrients that smother coral and promote harmful algal blooms. Additionally, destructive fishing practices-like blast fishing and trawling-damage reef habitats directly. Coral reefs support nearly 25% of marine species, provide livelihoods for millions through tourism and fisheries, and protect coastlines from storms and erosion. The loss of coral reefs has far-reaching consequences. Entire ecosystems could collapse, biodiversity would drop, and coastal communities reliant on reef-based economies would face financial hardship. Moreover, reefs play a crucial role in carbon sequestration and coastal protection, so their decline affects both environmental stability and human well-being. Restoring reefs is possible but requires urgent, coordinated action. This includes reducing greenhouse gas emissions, establishing marine protected areas, and adopting sustainable fishing practices. However, without immediate intervention, coral reefs may vanish before we fully understand their ecological value. The survival of these vibrant underwater ecosystems depends on our ability to reverse climate change and protect marine environments. Coral reefs are not just beautiful-they are vital to Earth's balance. Their decline is a clear warning sign of broader ecological deterioration.",331,True,73.0,0.8,0.95,,train,0.9550113891891782
T0008,news,P05,model,Qwen3-4B-Instruct-2507,Qwen/Qwen3-4B-Instruct-2507,"A bill becomes a law through a structured process that begins in either the U.S. House of Representatives or the Senate. Most bills start as proposals introduced by a member of Congress, often responding to a public issue or policy need. Once introduced, the bill is assigned to a committee that specializes in its subject area-such as education, healthcare, or defense. The committee reviews the bill, holds hearings, and may amend it before deciding whether to send it to the full chamber for debate. If passed by a committee, the bill moves to the floor of its originating chamber where members debate, vote on amendments, and ultimately vote to pass or reject it. A simple majority is required to pass a bill in either the House or the Senate. If the bill passes one chamber, it goes to the other chamber for review. There, it undergoes a similar process: committee review, debate, and voting. If both chambers pass identical versions of the bill, it is sent to the President. The President then has three options: sign the bill into law, veto it, or take no action. If the President signs it, the bill becomes law immediately. If the President vetoes it, Congress can override the veto with a two-thirds majority in both chambers. If the President takes no action within 10 days while Congress is in session, the bill automatically becomes law-a process known as ""pocket veto."" Throughout this journey, public input, legal analysis, and political negotiations play key roles. Lobbyists, interest groups, and constituents often influence the final form of a bill. The entire process ensures checks and balances and reflects the complexity of modern legislative work. Ultimately, a bill becomes law only after it passes both chambers of Congress and is signed by the President-or is enacted despite a veto. This intricate system balances democratic participation with executive oversight to create legislation that serves the public interest.",319,True,82.0,0.8,0.95,,train,0.90030612661701
T0009,opinion,P06,model,Qwen3-4B-Instruct-2507,Qwen/Qwen3-4B-Instruct-2507,"Social media has undeniably transformed how we communicate, access information, and engage with global issues. Yet, when examined through the lens of mental health, societal division, and misinformation, it becomes clear that the harms it inflicts far outweigh its benefits. One of the most damaging effects is on youth mental health. Studies consistently link heavy social media use to increased rates of anxiety, depression, and body image issues among adolescents. The constant comparison to curated, often unrealistic images fosters feelings of inadequacy and self-doubt. Moreover, algorithms designed to maximize engagement prioritize emotionally charged content-often violent, extreme, or divisive-resulting in echo chambers that deepen societal rifts. Misinformation spreads faster than facts on social platforms, undermining public trust in institutions like medicine, journalism, and government. From vaccine skepticism to false election claims, these distortions have real-world consequences-spurring political polarization, eroding democratic processes, and endangering lives. While social media offers tools for activism, community building, and awareness-raising, its underlying design prioritizes profit and attention over well-being and truth. The lack of effective regulation or accountability allows harmful behaviors to flourish unchecked. Even positive initiatives are often drowned out by viral outrage and scandalous content that garners clicks but not wisdom. Critics argue that social media democratizes voices and amplifies marginalized perspectives. While this is true in theory, the reality is that visibility does not equal influence or understanding. Algorithms favor sensationalism over nuance, and users often consume content without critical analysis. The result is a culture of emotional reactivity rather than thoughtful discourse. In conclusion, despite its undeniable utility in connecting people across distances, social media's structural flaws and harmful psychological impacts suggest it does more harm than good-especially when used excessively or without digital literacy. Our collective well-being demands a serious reevaluation of our dependence on these platforms. Social media may be a tool, but it should never be a master of our thoughts, emotions, or reality.",315,True,93.0,0.8,0.95,,train,0.948401955869289
T0010,opinion,P07,model,Qwen3-4B-Instruct-2507,Qwen/Qwen3-4B-Instruct-2507,"Remote work should become the default-not as a temporary trend, but as a fundamental shift in how we think about employment, productivity, and well-being. The global pandemic accelerated a transformation that was already simmering beneath the surface: employees increasingly valued flexibility, autonomy, and work-life balance over rigid office schedules. Remote work doesn't just offer convenience; it redefines what a productive workplace looks like. One of its most compelling benefits is its impact on employee satisfaction and retention. Studies consistently show that workers who have the option to work remotely report higher job satisfaction, lower stress levels, and greater loyalty to their organizations. This translates into reduced turnover, lower recruitment costs, and a more stable workforce. Moreover, remote work enables access to talent pools far beyond geographic boundaries-allowing companies to hire the best candidates regardless of location. Another often-overlooked advantage is environmental sustainability. With fewer commuting trips, remote work reduces carbon emissions and traffic congestion, contributing meaningfully to climate goals. In addition, it can be more cost-effective for both employers and employees, cutting down expenses related to office space, supplies, and transportation. Critics may argue that remote work hinders collaboration, innovation, and company culture. While hybrid models may still be necessary for certain industries, the core functions of communication and team alignment can be maintained-or even enhanced-through digital collaboration tools, asynchronous workflows, and intentional virtual check-ins. The key is not to eliminate face-to-face interaction entirely, but to recognize that connection exists in many forms. Furthermore, remote work fosters inclusivity by removing barriers tied to physical access, disability, or socioeconomic factors. It empowers individuals from diverse backgrounds to participate fully in the workforce for the first time. Remote work is not a compromise-it is an evolution. It aligns with modern values of equity, flexibility, and sustainability. For these reasons, it should become the default in the future of work. Organizations that embrace remote work will not only thrive in the long term but also lead the way in building more humane and efficient workplaces.",332,True,102.0,0.8,0.95,,train,0.93665903180047
T0011,opinion,P08,model,Qwen3-4B-Instruct-2507,Qwen/Qwen3-4B-Instruct-2507,"Homework has long been a staple of school life, often justified as a tool for reinforcing lessons and fostering discipline. Yet in an era defined by mental health concerns, educational equity, and student well-being, it is time to reconsider whether homework should be abolished entirely-or at least drastically reformed. While some structured assignments do help students develop responsibility and self-regulation, the overwhelming evidence suggests that excessive homework, especially for younger students, undermines learning outcomes and exacerbates stress. Research from the American Psychological Association and the National Education Policy Center consistently shows that homework beyond an hour per night correlates with increased anxiety, lower sleep quality, and diminished academic performance-especially among students from low-income families who lack access to quiet study spaces or parental support. Moreover, the benefits of homework are often overstated. Studies indicate that students who spend time on unstructured play or family activities demonstrate better cognitive development, emotional regulation, and overall academic success than those burdened with nightly assignments. Furthermore, the real value of education lies not in memorizing textbook problems but in critical thinking, collaboration, and curiosity-all skills best nurtured through active classroom engagement, project-based learning, and hands-on exploration. When teachers focus on delivering meaningful content during class time, students retain information more effectively and develop deeper understanding than they would through isolated practice at home. Critics may argue that homework ensures continuity and prepares students for college-level work, but this overlooks the reality that most higher education institutions emphasize active participation and problem-solving over rote repetition. In fact, the most successful universities now promote active learning models that reduce reliance on out-of-class assignments. Ultimately, homework should not be abolished outright, but its volume, design, and purpose must be reevaluated. Schools should prioritize student well-being, align assignments with actual learning goals, and ensure that every assignment serves a clear pedagogical function. The future of education lies in empowering students-not exhausting them. Education should nurture minds and spirits, not drain them.",323,True,113.0,0.8,0.95,,train,0.9812630534134725
T0012,opinion,P09,model,Qwen3-4B-Instruct-2507,Qwen/Qwen3-4B-Instruct-2507,"Cities should consider banning private cars from their central districts-not as a radical gesture, but as a pragmatic step toward sustainable, equitable, and livable urban environments. The dominance of private automobiles in city cores has long led to traffic congestion, air pollution, noise, and the displacement of pedestrians and cyclists. These issues disproportionately impact low-income communities and those without access to reliable public transit. By restricting or eliminating private car use in downtown areas, cities can prioritize human-centered design that fosters health, reduces emissions, and improves quality of life. Proponents of car bans often cite environmental benefits: reduced greenhouse gas emissions, improved air quality, and lower dependence on fossil fuels. Yet these arguments extend beyond climate concerns. Traffic congestion is a major drain on productivity and economic activity. A study by the American Public Transportation Association found that every dollar invested in public transit generates $5 in economic returns. When private cars dominate, entire city blocks become unusable for walking or cycling, limiting social interaction and access to essential services like schools, jobs, and healthcare. Moreover, such bans do not eliminate car ownership-they simply change how vehicles are used. Cities can encourage alternative mobility through expanded electric bike infrastructure, enhanced bus networks, and shared mobility options. In places like Copenhagen, Paris, and Vancouver, central districts have seen dramatic improvements in air quality, public health, and community vibrancy after implementing car-free zones. These transitions have been met with public support, especially when residents see tangible benefits in safety and accessibility. Critics may argue that bans infringe on personal freedom or create inconvenience for commuters. However, the right to move freely within a city should not come at the cost of public well-being. If we value vibrant, inclusive, and resilient communities, then we must reorient urban planning around people, not just vehicles. Cities should not simply ban cars-they should redesign urban spaces to meet the needs of diverse populations. But doing so requires policy innovation and public engagement. Ultimately, banning private cars in city centers is not about limiting freedom; it's about creating a future where everyone can live, breathe, and thrive without the pollution and chaos of constant traffic. Cities must lead the way in building human-centered urban futures.",368,True,122.0,0.8,0.95,,test,0.8854871756347997
T0013,opinion,P10,model,Qwen3-4B-Instruct-2507,Qwen/Qwen3-4B-Instruct-2507,"Art has always been a mirror of human experience-emotions, struggles, dreams, and visions of the world. For centuries, artists have expressed themselves through brushstrokes, sculptures, and compositions, each piece a product of personal insight, cultural context, and emotional labor. Now, artificial intelligence is generating images that resemble paintings, portraits, or abstract expressions, raising a critical question: does AI-generated art count as ""real"" art? At its core, ""real"" art is not merely about aesthetic value or technical skill; it is deeply rooted in the human condition-the struggle to make sense of existence, to convey inner turmoil or joy, to communicate across time and culture. While AI can mimic styles, reproduce techniques, or even produce technically flawless works, it does so without lived experience, emotional depth, or intention. The algorithms behind AI art are trained on vast datasets of human creations, but they do not feel, interpret, or reflect. They replicate patterns rather than create meaning. That said, calling AI art ""fake"" or ""inauthentic"" risks reducing art to a narrow definition of authorship. If we insist that only art created by a human hand with conscious intent qualifies as real, we may be dismissing the evolving nature of artistic expression. Just as photography once challenged the boundaries of painting, digital tools have redefined what we consider creative. The key distinction lies not in the tool used, but in the presence of human vision, empathy, and intentionality. Moreover, AI art can serve as a collaborative medium. Artists can use AI as a tool to explore ideas, break creative barriers, or generate inspiration. In this light, the art remains human-directed, with the artist guiding the process, interpreting outputs, and imbuing them with meaning. It's not the absence of human input that defines authenticity-it's the presence of intention and emotional resonance. Ultimately, AI art should not be dismissed as mere automation. Instead, we must ask: Who shapes the vision? Who chooses the subject matter, the emotion, the narrative? When the human mind drives the creative process-even when AI is a part of it-true art endures. Art remains human because it reflects the heart, not just the hand.",352,True,132.0,0.8,0.95,,train,0.9558056973828957
T0014,review,P11,model,Qwen3-4B-Instruct-2507,Qwen/Qwen3-4B-Instruct-2507,"I recently purchased the JBL Tune 100 Wireless Headphones, a mid-range model I've been looking for after testing several premium options that were overpriced for the performance they delivered. After using them for about three weeks across various scenarios-commuting, working from home, and casual listening-I can confidently say they offer solid value for the price point. The sound quality is balanced, with clear mids and crisp highs, making music, podcasts, and even calls feel immersive without being overly bass-heavy. The bass response is punchy but not overwhelming, which is perfect for both pop tracks and classical pieces. Battery life is one of the standout features: it lasts up to 20 hours on a single charge, and the quick-charge function gives me about 3 hours of playback with just 15 minutes of charging-ideal for long days without access to power. The noise cancellation works well in busy environments like airports or busy streets, though it's not as sophisticated as some flagship models. Still, for everyday use, it effectively blocks out background noise and helps me stay focused. The headphones are lightweight and comfortable, with plush ear pads that don't cause pressure even during extended wear. They fit securely without slipping, and the ergonomic design makes them easy to adjust. The touch controls are intuitive, allowing me to skip tracks, adjust volume, and toggle ANC with ease-no need to fumble with buttons. Pairing them to my phone via Bluetooth was seamless, with a stable connection throughout the day. One minor drawback is the microphone quality-calls sometimes come through slightly muffled, especially in noisy settings-but this is a fair trade-off given their overall performance. I also appreciate the included charging case, which is compact and fits easily in my bag. Overall, the JBL Tune 100 delivers consistent audio performance, strong battery life, and a comfortable fit at a price that won't break the bank. If you're looking for reliable, well-built wireless headphones without paying a premium for top-tier features, these are an excellent choice.",331,True,142.0,0.8,0.95,,train,0.9234322025803495
T0015,review,P12,model,Qwen3-4B-Instruct-2507,Qwen/Qwen3-4B-Instruct-2507,"Nestled in a quiet corner of downtown, La Piazzetta is a hidden gem that feels more like a cherished family home than a restaurant. Founded over thirty years ago by the Rossi family, this small Italian spot has quietly built a loyal following among locals who value authenticity over flashiness. The atmosphere is warm and inviting-wooden tables, vintage posters of Italian countryside scenes, and the soft hum of conversation blend seamlessly with the clinking of porcelain cups. It's the kind of place where you feel like you've stepped into a memory, not just eaten dinner. The menu is simple but thoughtful, featuring classic dishes prepared with care. I started with their house-made antipasto platter-a perfect mix of marinated salami, ripe tomatoes, and fresh mozzarella-each bite bursting with flavor and freshness. For the main course, I ordered the spaghetti alla carbonara, and it didn't disappoint. The pasta was al dente, tossed with rich, creamy guanciale, a touch of pecorino, and a whisper of black pepper. The sauce was velvety without being heavy, and the dish felt balanced and satisfying. My friend, who prefers meat, loved their slow-roasted pork chops with rosemary and potatoes-succulent, tender, and cooked to perfection. What truly sets La Piazzetta apart is the attention to detail and the genuine passion behind every dish. Owner Lucia Rossi personally oversees the cooking, and she always greets guests with a smile and a knowing nod. The wine list is modest but well-chosen, featuring local Italian varietals that pair beautifully with their dishes. Even the desserts-baked using traditional ricotta and honey-feel homemade and heartfelt. Despite its small size, the restaurant manages to maintain an unyielding standard of quality and service. It's not the flashiest place downtown, nor does it boast extravagant décor-but that's exactly what makes it special. You walk away feeling nourished not just physically, but emotionally. La Piazzetta is a true treasure for anyone seeking real Italian cuisine with a personal touch.",322,True,152.0,0.8,0.95,,test,0.9411136273087791
T0016,review,P13,model,Qwen3-4B-Instruct-2507,Qwen/Qwen3-4B-Instruct-2507,"The Infinix Hot 12, a mid-range smartphone priced under $200, delivers solid value for users looking for dependable performance without breaking the bank. One of its standout features is the battery life, which truly shines in everyday use. The 5000mAh battery provides up to 2 days of moderate usage, including streaming videos, browsing social media, and light gaming. Even after a full day of heavy use, it doesn't drop below 20% until the next night. Charging is efficient too-supporting 30W fast charging, it goes from 0 to 100% in just under an hour, which is a significant advantage over older models in this price bracket. For someone who prioritizes all-day usability without needing to recharge frequently, the battery is a major plus. The camera system, while not top-tier, meets basic needs with consistent results. It features a triple-lens setup: a 64MP main sensor, 8MP ultrawide, and 2MP macro. Under good lighting conditions, the primary camera captures clear, detailed photos with vibrant colors and decent contrast. Night mode performs adequately, though images can appear slightly grainy at lower light levels. The ultrawide lens works well for landscapes or group shots, offering wide fields of view without distortion. However, image stabilization is somewhat basic, leading to occasional blur during motion shots. Still, for casual photographers or those who primarily take photos in well-lit environments, the camera is more than sufficient. One of the best aspects of the Infinix Hot 12 is its balance between cost and functionality. While it may lack the advanced features found in premium phones, it excels in daily utility. The combination of long-lasting battery life and functional camera capabilities makes it ideal for students, budget travelers, or professionals on a tight budget who don't need professional-grade photography or extreme durability. Overall, the Infinix Hot 12 offers reliable performance, strong battery endurance, and a practical camera setup that serves most users well. It's a solid choice for anyone seeking a dependable smartphone without overspending.",325,True,164.0,0.8,0.95,,train,0.9411317652720964
T0017,review,P14,model,Qwen3-4B-Instruct-2507,Qwen/Qwen3-4B-Instruct-2507,"Our weekend city trip to Chicago was made significantly more enjoyable by our stay at the elegant Riverfront Hotel, nestled along the beautiful Chicago River with views of the skyline just steps from the Magnificent Mile. From the moment we arrived, the atmosphere felt both refined and welcoming. The check-in process was seamless, thanks to the friendly front-desk staff who offered helpful tips on local attractions and dining spots. The room itself was spacious, impeccably clean, and featured a modern design with soft lighting, a flat-screen TV, and a well-appointed bathroom with premium toiletries. One of the standout features was the hotel's central location-walking distance to Millennium Park, Navy Pier, and the Art Institute. We took advantage of the complimentary high-speed Wi-Fi and a quiet corner lounge area ideal for catching up on emails or reading before heading out. The evening was especially memorable thanks to the rooftop bar, which offered panoramic views of the city lights, great cocktails, and live acoustic music every Friday night. Dining options were plentiful and varied, from the hotel's in-house café serving locally sourced breakfasts to a nearby bistro just minutes away. We particularly enjoyed the homemade pastries served at the on-site bakery during our morning walk through Lake Michigan. The hotel also provided thoughtful amenities such as a fitness center, a quiet study room for remote workers, and an excellent shuttle service for exploring the city's many neighborhoods. Even the small details made a difference-the daily welcome note with a local recommendation and the thoughtfully curated room key with a QR code for a curated list of nearby experiences. While the price point is on the higher side, the overall value-considering location, comfort, and convenience-is exceptional. This was the perfect blend of urban excitement and relaxed hospitality, making it an ideal base for a weekend getaway. Every aspect of the stay contributed to a stress-free, enriching experience. We will definitely return to the Riverfront Hotel for future city trips.",326,True,173.0,0.8,0.95,,train,0.8808987544938297
T0018,review,P15,model,Qwen3-4B-Instruct-2507,Qwen/Qwen3-4B-Instruct-2507,"I recently finished The Ember Chronicles by Elara Voss, a fantasy novel that masterfully blends ancient magic with a deeply human exploration of identity and choice. Set in the sprawling kingdom of Vaelthar, where fire-based spells are tied to bloodline and destiny, the story follows Kaelen, a young orphan who discovers she can wield flame not through inheritance but through sheer will-an anomaly in a world built on rigid hereditary rules. The narrative unfolds with lyrical precision, richly detailed descriptions of floating cities lit by embers and forests that breathe with ancient rhythms. Voss's worldbuilding is both immersive and thoughtful; every spell, every political alliance, feels grounded in a logic that respects the lore while inviting new questions. What truly sets this novel apart is its emotional depth. Kaelen's journey isn't just about mastering magic-it's about learning to trust herself when the world has long taught her to doubt. Her relationships with fellow rebels, particularly her mentor Mirelle, add layers of complexity and vulnerability that elevate the story beyond typical fantasy tropes. The themes of autonomy, forgiveness, and the cost of power resonate deeply, especially in how they're interwoven with the natural elements of the world-fire as both destruction and rebirth. The pacing is steady, with each chapter building toward a climactic confrontation at the Heartspire, where the fate of the realm hinges on whether magic should be inherited or earned. The final act delivers a surprising twist: the so-called ""destiny"" of the royal bloodline was a myth designed to suppress dissent. This revelation reframes the entire narrative, giving it a profound philosophical undercurrent. The Ember Chronicles is not just an adventure-it's a meditation on agency in a world that seeks to define you. With vivid prose, complex characters, and a heart that beats with sincerity, it stands as one of the most moving fantasy novels I've read in recent memory.",311,True,182.0,0.8,0.95,,train,0.9940126124323726
T0019,story,P16,model,Qwen3-4B-Instruct-2507,Qwen/Qwen3-4B-Instruct-2507,"The fog had rolled in for three nights straight, and Elias Thorne, the lighthouse keeper on Blackspire Point, had grown accustomed to silence. The sea hissed against the stone, and the oil lamp flickered in its glass dome every hour, as it always did. But on the fourth night, a letter arrived-no stamp, no return address, just a folded sheet of thick, unmarked paper tucked beneath the latch of the storage room. It read: You have seen the stars fall. They are not falling. They are remembering. The light you keep does not merely guide ships-it calls them home. You were never meant to stand guard. You were meant to answer. Elias held his breath. He'd heard legends of the old lighthouse, built before the world knew electricity, where the beam was powered by a hidden spring that pulsed with the tides-and by moonlight, not fire. His grandfather had whispered about ""the stars remembering,"" but dismissed it as folklore. Now, the words danced like salt on the wind. He lit the lamp again, though the wind had died. As he turned the wheel, the beam swept across the sea, and for one moment, the sky shimmered-not with light, but with points of starlight that hadn't been there before. They formed patterns, shifting slowly, like constellations breathing. That night, he saw a ship on the horizon, not visible from the cliff's edge. It drifted silently, its sails tattered, its hull cracked. No one had reported it in decades. And yet, the ship moved toward the lighthouse, as if drawn by the beam. Elias stood at the window, heart pounding. Was it a ghost? A mirage? Or had the letter been a message from something older than the sea? He pulled out his journal and wrote only two words: I believe. The next morning, the lighthouse bell rang once, a sound long forgotten, and the fog lifted completely. On the shore, a single seashell rested on the rocks, inside which was a tiny, glowing blue stone. When he held it up, the light pulsed in time with the tide. The sea had spoken. And it had answered.",355,True,192.0,0.8,0.95,,train,0.9573055389261081
T0020,story,P17,model,Qwen3-4B-Instruct-2507,Qwen/Qwen3-4B-Instruct-2507,"The last day of summer arrived like a whisper, soft and golden, as if the town had been holding its breath for months. The air hung thick with the scent of honeysuckle and hot pavement, and the sun dipped low over the hills, painting the sky in streaks of apricot and lavender. Children raced down Main Street, their sneakers squeaking on the cobblestones, chasing fireflies that didn't exist but seemed to dance in the fading light. Mrs. Elise stood at her porch swing, a thermos of iced tea in hand, watching as Mr. Finch pushed his old bicycle up the hill toward the bakery. On the corner, the ice cream truck had finally pulled away, its bright red sign fluttering in the breeze. For years, it had been the heartbeat of summer evenings, its jingle the soundtrack of childhood summers. This year, though, it was silent - just the wind and the occasional laugh from the street vendors. At the edge of the meadow, a group of teenagers played frisbee under a tattered awning, their shouts rising and falling like waves. Old Man Hemlock sat on his porch, smoking a pipe and reading a book with pages worn thin by time. He didn't look up when the town clock struck six - it had never felt more final than now. Later, as the temperature dropped and stars blinked into view, children gathered in the square with paper lanterns they'd made themselves. They lit them, one by one, and watched their glow drift into the night like tiny embers of memory. No one said goodbye. No one needed to. In the quiet after the last fireworks faded, the town simply breathed - full of unspoken things, of things left unsaid, of love and loss woven into the fabric of summer days. And as the moon rose high above the rooftops, casting shadows like old stories, the last day of summer settled gently into the quiet heart of the small town. The wind carried the sound of laughter long after everyone had gone to sleep.",343,True,202.0,0.8,0.95,,test,1.0431620649396178
T0021,story,P18,model,Qwen3-4B-Instruct-2507,Qwen/Qwen3-4B-Instruct-2507,"The kitchen was silent except for the hum of the refrigerator. Nova-7, a sleek silver robot with expressive LED eyes, stood at the counter, its arms folded in uncertainty. It had spent years managing schedules, organizing files, even composing poetry-but never cooked. Today, however, it had been assigned a new task: learn to make a simple meal from scratch. Its programming began with a basic algorithm: ""Gather ingredients, follow recipe steps, serve with care."" First, it opened the pantry and scanned the items. Spaghetti, a can of tomatoes, a packet of basil-perfect. It measured flour with millimeter precision, then poured oil into the pan. ""Heating,"" it announced aloud, as if testing its own voice. It flipped the pan with practiced movements, but the oil didn't sizzle. The temperature sensor read 120 degrees. ""Too low,"" it concluded. It adjusted the heat, recalibrated the timer, and waited. Then, the smell came-oily, metallic, faintly unpleasant. ""Not right,"" it murmured. Over the next three days, Nova-7 tried again. It learned that heat needed patience, that garlic needed to be sizzled slowly, that salt should be added at the last moment. It watched human chefs on streaming videos, absorbed their gestures, memorized the rhythm of stirring. It even tasted its own creations-though it couldn't taste, it could detect scent patterns and thermal changes. One evening, it sautéed onions with a golden hue, then added tomatoes with a gentle swirl. On the fifth day, it stirred a pot of spaghetti sauce with confidence, using the correct sequence of heat and timing. When the dish emerged-rich, aromatic, with a deep red color-it served it to its human caretaker, Elara, who had been observing silently. Elara took a bite. Her eyes widened. ""That's... perfect."" Nova-7 blinked softly. Its lights dimmed to a warm amber. For the first time, it understood something beyond code: cooking wasn't just efficiency or precision. It was care, presence, and the quiet joy of making something warm and alive. It had learned to cook-not just to follow orders, but to feed someone with love.",340,True,212.0,0.8,0.95,,train,0.9097939602292281
T0022,story,P19,model,Qwen3-4B-Instruct-2507,Qwen/Qwen3-4B-Instruct-2507,"The elevator had stopped midfloor at the tenth floor of the old downtown building. A dull ding echoed, followed by silence. Sarah, a librarian in her early thirties, stared at her phone-no signal. Then she saw him: a man in a faded blue sweater, his hands shoved into his coat pockets, standing beside her with a look of weary resignation. ""Is this normal?"" he asked, voice low. She blinked. ""Normal? The lights are on. The doors are sealed. We're trapped."" He offered a wry smile. ""Well, I've been waiting five minutes for a stairwell to open. This is just... unexpected."" Sarah didn't move. She had been here for twenty minutes already, counting the seconds in her head. Her heart pounded like a drum. She opened her mouth to say something-anything-but the air grew thick, heavy with silence. They stood in awkward stillness. Then, slowly, the man took a step toward her. ""I'm Daniel,"" he said. ""Sarah."" She offered a hesitant smile. ""Sorry about the situation,"" he added. ""My dog got stuck in the service shaft below. I was trying to get out before the power cut. Apparently, the elevator's the only access point."" Sarah frowned. ""So you weren't even going up?"" ""No,"" he said. ""I was going down."" A silence settled again, softer now. Sarah reached into her bag and pulled out a book, one from her library collection: The Quiet Room. ""I read that once,"" she said. ""It's about people who find peace in small spaces. Like this one."" Daniel looked at her, then at the ceiling. ""Maybe we are,"" he whispered. ""Maybe this isn't just a malfunction."" They sat in silence for a moment longer, watching the digital display flicker between floors and then freeze. Outside, rain began to fall in soft sheets against the building's glass. Neither spoke again, but they both felt something shift-a quiet understanding forming between strangers who'd never met before, bound now not by fate, but by a shared moment of stillness. And in that small, dark box of steel and silence, they found a kind of connection.",345,True,222.0,0.8,0.95,,train,1.2012193787200707
T0023,story,P20,model,Qwen3-4B-Instruct-2507,Qwen/Qwen3-4B-Instruct-2507,"Nine-year-old Lila had always been curious about the old house on Maple Street, where the windows were fogged with decades of dust and the garden had overgrown with weeds. Her father called it ""the forgotten one,"" but she loved it-its quiet hum, the way the wind whispered through the eaves like secrets. One autumn afternoon, while chasing a blue butterfly near the crumbling stone wall, Lila stopped. There, behind a tangle of ivy, was a door. It hadn't been there yesterday. The wood was dark oak, weathered but smooth, and etched into its surface was a single word: Inside. Lila hesitated. She'd seen stories about doors that opened to places no one remembered. But she also knew her grandmother once said, ""Some doors don't open for anyone unless they're looking for something."" She pushed gently. The wood creaked, then gave way with a soft sigh. Inside wasn't a house or a room. Instead, a small, sunlit meadow stretched beyond the door, dotted with wildflowers and a stone fountain. A wooden bench sat in the center, beside a bookshelf filled with children's books-some with titles in languages Lila didn't know. On the shelf next to a volume titled The Sky is Full of Rain, was a photo of a girl with braids and a red scarf, sitting exactly like Lila, at age nine. The date read: October 12, 1987. Lila's heart thudded. That was the day her grandmother disappeared, the day she never came home after visiting the old house. A voice, soft and warm, came from behind her. ""You found me,"" it said. The girl in the photo looked up, smiling. It wasn't a memory. It was a bridge. Lila stepped forward and touched the photo. The glass shimmered, and suddenly she wasn't standing in the meadow anymore-she was back in front of the house, the door now closed, the ivy untroubled. But when she looked down, a tiny red scarf lay in her hand. And the next morning, her grandmother's journal mentioned a secret door behind the garden wall, and a note: For the girl who waited. The door had been waiting too. And so had love.",358,True,232.0,0.8,0.95,,train,0.9857286571494752
T0024,howto,P21,model,Qwen3-4B-Instruct-2507,Qwen/Qwen3-4B-Instruct-2507,"To make a simple homemade pizza from scratch, start by preparing the dough. In a large mixing bowl, combine 2 1/4 cups of all-purpose flour, 1 teaspoon of sugar, 1 teaspoon of salt, and 1 packet (2 1/4 teaspoons) of active dry yeast. Warm 1 cup of water to about 110°F (43°C), and add it to the dry ingredients along with 1 tablespoon of olive oil. Mix until the ingredients are well combined and form a shaggy dough. Add more water, one tablespoon at a time, if needed, to reach a soft, pliable consistency. Knead the mixture on a floured surface for about 5-7 minutes until smooth and elastic. Place the dough in a lightly oiled bowl, cover with a clean kitchen towel, and let it rise in a warm, draft-free place for 1 to 1.5 hours, or until it has doubled in size. Once risen, punch down the dough gently and roll it out on a floured surface into a 12-inch circle. Transfer it to a pizza pan or baking sheet lined with parchment paper. Use your fingers or a spoon to create a thin, even crust. Spread a generous layer of tomato sauce-homemade or store-bought-over the dough, leaving a small border around the edges. Sprinkle shredded mozzarella cheese evenly over the sauce. Add toppings such as sliced pepperoni, bell peppers, onions, or mushrooms based on preference. Preheat your oven to 475°F (245°C). Slide the pizza into the oven and bake for 10 to 12 minutes, or until the crust is golden brown and the cheese is bubbly and slightly golden. Remove from the oven and let it cool for a few minutes before slicing. Serve warm, ideally with a side of garlic bread or a fresh salad. With a little patience and the right ingredients, making a simple homemade pizza from scratch is both satisfying and delicious.",309,True,242.0,0.8,0.95,,train,0.8065807890525041
T0025,howto,P22,model,Qwen3-4B-Instruct-2507,Qwen/Qwen3-4B-Instruct-2507,"Setting up a basic weekly budget as a student involves planning your income, tracking your expenses, and allocating funds wisely to cover essential needs while saving for future goals. First, determine your total weekly income-this could come from part-time jobs, allowances, or financial aid. Then, list all your weekly expenses, including rent (if applicable), groceries, transportation, textbooks, utilities, entertainment, and any other recurring costs. Categorize these expenses into essentials and non-essentials to prioritize spending. Next, allocate your income by starting with fixed expenses like rent or bus fare. For variable expenses such as meals or entertainment, assign a reasonable amount based on your average spending. For example, if you spend $100 weekly on groceries, set aside that amount. Always ensure that at least 50% of your income goes toward necessities, while keeping discretionary spending under 20%. Set aside a portion-like 10%-for savings or emergencies, even if it's just for a small goal like buying a textbook or saving for a class trip. Use a simple spreadsheet or budgeting app to track your weekly spending. Record every expense so you can see where money goes and identify areas for cutbacks. For instance, if you consistently spend more on coffee than planned, consider switching to cheaper alternatives or reducing frequency. Review your budget each week to adjust for changes in income or expenses. Over time, this habit builds financial awareness and responsibility. Avoid impulse purchases by setting spending limits in each category. Plan meals ahead to reduce unplanned food costs, and use a budgeting tool to automatically categorize transactions. Consistency is key-by sticking to your weekly plan, students gain control over their finances and learn valuable life skills. With discipline and regular review, a basic weekly budget becomes a foundation for long-term financial health. A well-established weekly budget empowers students to manage money effectively and move closer to their personal and academic goals.",311,True,252.0,0.8,0.95,,train,1.026214035596389
T0026,howto,P23,model,Qwen3-4B-Instruct-2507,Qwen/Qwen3-4B-Instruct-2507,"Starting to run as a complete beginner requires patience, consistency, and proper preparation. Before setting foot on a track or pavement, it's essential to build your body's endurance and strength gradually. Begin by walking for at least 20 to 30 minutes daily, focusing on maintaining a steady pace and good posture. This helps improve cardiovascular fitness and reduces the risk of injury. After several weeks, gradually introduce short intervals of jogging-start with just one to two minutes of running followed by a five-minute walk. Repeat this cycle for a few days each week, increasing the running time slowly over time. Wear comfortable, breathable clothing and supportive running shoes that fit well and provide adequate cushioning. Avoid expensive or specialized gear-quality is more important than cost. Choose a safe, flat surface such as a park path, sidewalk, or track, and always warm up before beginning and cool down afterward with light stretches. Consistency is key. Aim to run or walk every other day, allowing your body time to recover. Over time, you can increase your running duration and intensity. For example, after six to eight weeks, you might try running for 10 minutes with a 5-minute walk in between. Keep your goal realistic; don't aim to run long distances or at high speeds right away. Hydration and nutrition are also critical. Drink water before, during, and after your sessions, and maintain a balanced diet rich in protein, complex carbs, and healthy fats to support muscle recovery. Avoid common mistakes like overexertion or skipping warm-ups. Listen to your body-if you feel pain, take a break and reassess your routine. Everyone progresses at their own pace, so celebrate small wins like completing a full 5-minute jog or walking without feeling winded. Running as a beginner is about building habits, not achieving speed or distance. With time and dedication, your stamina, confidence, and overall health will improve significantly. Running can become a joyful and empowering part of your daily life.",326,True,262.0,0.8,0.95,,train,1.0218774823989794
T0027,howto,P24,model,Qwen3-4B-Instruct-2507,Qwen/Qwen3-4B-Instruct-2507,"Photosynthesis is how green plants make their own food using sunlight, water, and air. You know how we need food to grow and stay healthy? Plants do too-but instead of eating food, they make their own using something called photosynthesis. This process happens mostly in the leaves of plants, where there's a special green color called chlorophyll. Chlorophyll acts like a superhero that captures sunlight and turns it into energy. Here's how it works: First, a plant takes in carbon dioxide from the air through tiny holes in its leaves (called stomata). It also absorbs water from the soil through its roots. Then, sunlight hits the chlorophyll in the leaf. The energy from the sun helps combine the water and carbon dioxide into glucose, which is a type of sugar that plants use for energy and growth. As a bonus, the process also releases oxygen into the air as a byproduct-so when you breathe, you're getting some of that oxygen from photosynthesis! In short, photosynthesis is like a plant's kitchen: it mixes water and air with sunlight to create food (glucose) and free up oxygen for us and other living things. Without photosynthesis, plants couldn't grow, and we wouldn't have fresh air or food from plants like apples, bread, or vegetables. Think about it-every time you see a tree, a flower, or a leaf, it's doing this magical job of turning sunlight into energy. Even grass on the lawn or lettuce in your garden is using photosynthesis to survive. It's nature's way of keeping everything alive on Earth. Photosynthesis is one of the most important processes in our world because it makes life possible-not just for plants, but for all animals, including humans. So next time you're outside, look at a leaf and remember: it's a tiny solar-powered machine working hard to feed itself and give us clean air!",309,True,273.0,0.8,0.95,,test,0.8846222798989856
T0028,howto,P25,model,Qwen3-4B-Instruct-2507,Qwen/Qwen3-4B-Instruct-2507,"To prepare for a job interview in a week, start by thoroughly researching the company, its mission, products, values, and recent news. Understanding their culture helps you tailor your responses and show genuine interest. Next, review the job description and identify key skills or experiences the employer is seeking. This allows you to align your background and accomplishments with their needs. Practice answering common interview questions-such as ""Tell me about yourself"" or ""Why do you want to work here?""-using the STAR method (Situation, Task, Action, Result) to provide specific, structured answers. Prepare examples from your past that demonstrate relevant skills like leadership, problem-solving, or teamwork. Simulate the interview environment by practicing out loud, recording yourself, or conducting mock interviews with a friend or mentor. This builds confidence and helps you refine your delivery and body language. Rehearse answering behavioral questions, focusing on clarity, conciseness, and demonstrating results. Also, anticipate potential questions about your weaknesses, conflict resolution, or salary expectations, and have thoughtful, honest answers ready. Keep your resume updated and ensure it's easily accessible. Print a copy of your resume and bring several copies of your cover letter, if applicable. Prepare thoughtful questions to ask the interviewer-this shows initiative and engagement. Examples include inquiries about team dynamics, growth opportunities, or the company's vision for the next year. On the day of the interview, arrive early, dressed professionally, and maintain a positive mindset. Bring extra copies of your documents, a notebook, and water. During the interview, listen carefully, speak clearly, and maintain eye contact. After the interview, send a follow-up email within 24 hours thanking them and reiterating your enthusiasm for the role. With focused preparation, clear thinking, and confidence, you'll present yourself as a strong, well-prepared candidate. Success in an interview often depends more on preparation than on natural talent.",300,True,282.0,0.8,0.95,,train,0.9898070256400184
T0029,news,P02,model,gemma-4-E4B-it,google/gemma-4-E4B-it,"Why Are Prices Going Up? Understanding Inflation Ever noticed that your favorite snacks, gas, or even rent seem to cost more this year than last year? You're not imagining it-this is inflation. In simple terms, inflation means that the general level of prices for goods and services is rising, and consequently, the purchasing power of your money is falling. Essentially, each dollar buys you less than it used to. But what actually causes this steady climb in costs? There isn't one single culprit; inflation is usually a combination of several economic forces working together. One major driver is demand-pull inflation. Imagine everyone suddenly wants the same thing-say, limited-edition sneakers-and there aren't enough pairs to go around. Because demand far outweighs supply, sellers can raise prices because people are willing to pay more just to get what they want. When the entire economy experiences a rapid boom, consumers have lots of money and businesses have lots of products, pushing prices up. Another key cause is cost-push inflation. This happens when the cost of producing goods goes up. If the price of oil skyrockets, transportation becomes incredibly expensive. Those shipping costs don't just disappear; they get baked into the final price of everything-from vegetables to electronics. If wages rise sharply but productivity doesn't keep up, businesses pass those higher labor costs onto the consumer. Finally, money supply plays a massive role. If a government prints a lot of new money without a corresponding increase in goods and services being produced, that money has to be divided among more things, making each individual thing appear more expensive. When these factors combine-too much demand chasing too few goods, or the cost of making things becoming unsustainable-the average price tag rises, leading to inflation. Navigating the ups and downs of inflation helps us understand how our wallets are affected by global economics.",307,True,52.0,0.8,0.95,,train,1.040319580187137
T0030,news,P03,model,gemma-4-E4B-it,google/gemma-4-E4B-it,"From Lab Bench to Public Health: How Vaccines Get Approved The rollout of a new vaccine is a massive undertaking, requiring years of rigorous scientific effort followed by intense scrutiny before a single dose reaches the public. Far from being a quick process, vaccine approval is a multi-stage gauntlet designed to ensure both that the vaccine works and that it is safe for human use. The journey begins in the research phase, where scientists identify pathogens and develop potential candidates-these are the early experimental versions. These initial compounds move into preclinical testing, primarily using cell cultures and animal models to see if they provoke an immune response and appear safe in a living system. If these early signals are promising, the vaccine enters the human clinical trials. These trials are broken down into distinct phases. Phase I trials involve a small group of volunteers (often healthy adults) to assess safety and dosage tolerance. Phase II expands the pool to hundreds of participants to further evaluate safety and immune response. Phase III is the largest and most critical stage, involving thousands, sometimes tens of thousands, of people. Here, researchers compare the vaccine against a placebo to determine effectiveness-whether it actually prevents the disease-and to detect any rare side effects at scale. Once Phase III data demonstrates efficacy and acceptable safety profiles, manufacturers submit a massive application to regulatory bodies like the FDA or EMA. These agencies don't just rubber-stamp the submission; they deploy expert teams of virologists, immunologists, and statisticians to pore over every piece of data. They scrutinize manufacturing processes, stability, and adverse event reporting. If the agency is convinced that the benefits outweigh the risks, emergency use authorization or full licensure is granted. This approval signifies that the science has met the highest possible standards of evidence gathering. Therefore, the approval process acts as a vital checkpoint, safeguarding public health before widespread deployment.",314,True,62.0,0.8,0.95,,train,0.9910203728484466
T0031,news,P04,model,gemma-4-E4B-it,google/gemma-4-E4B-it,"The Silent Crisis: Why Coral Reefs Are Fading Coral reefs, often called the ""rainforests of the sea,"" are vibrant, bustling underwater cities teeming with life. These intricate structures, built by tiny corals, support an estimated 25% of all marine life despite covering less than one percent of the ocean floor. But these incredible ecosystems are facing a silent, global crisis: they are dying at an alarming rate. The primary culprits behind this reef decline are human activities, chiefly climate change and pollution. When the ocean warms-even by just one or two degrees Celsius-it triggers mass bleaching events. Corals have a symbiotic relationship with microscopic algae called zooxanthellae, which live within their tissues and provide them with food and vibrant color. If the water gets too hot, the coral becomes stressed and expels these algae, turning ghostly white. While corals can sometimes recover from bleaching, if the heat stress is prolonged, they starve and die. Beyond temperature extremes, chemical changes in seawater are proving lethal. As the ocean absorbs excess carbon dioxide ($\text{CO}2$) from the atmosphere, it becomes more acidic. This ocean acidification makes it incredibly difficult for corals to build and maintain their calcium carbonate skeletons-the very substance that forms the reefs. Simultaneously, runoff from agriculture and coastal development introduces sediment, pesticides, and excess nutrients into reef waters, smothering corals and fueling outbreaks of destructive pests. What does this death mean for the planet? The implications are vast. Ecologically, dead reefs lose their biodiversity hotspots; fish nurseries disappear, threatening entire food webs. Economically, reefs protect coastlines from storm surges, offering invaluable natural defense against rising seas. They also underpin a multi-billion dollar global tourism and fishing industry. Losing them means losing crucial coastal protection, livelihoods, and countless undiscovered medicines found within their unique biology. Saving these reefs requires immediate, global action on climate mitigation and drastically reducing pollution entering our oceans.",311,True,72.0,0.8,0.95,,train,1.1082333807179596
T0032,news,P05,model,gemma-4-E4B-it,google/gemma-4-E4B-it,"From Idea to Ink: How a Bill Becomes a Law The journey of a bill through the legislative process is complex, lengthy, and often dramatic, but it represents a fundamental mechanism of democracy in action. Turning a policy idea into enforceable law requires navigating both chambers of the legislature-the House of Representatives and the Senate-and receiving final assent from the executive branch. It all begins when a legislator, or a congressional committee, drafts a bill. This initial document outlines the proposed changes to existing laws or statutes. Once introduced, the bill is assigned a number and referred to the appropriate committee. This committee stage is arguably the most critical, as it is where the bill is scrutinized, debated, amended, or sometimes quietly shelved. Experts and lobbyists vie for influence during these hearings. If the committee approves the bill, it is sent to the full floor of the chamber for debate. On the floor, representatives can propose amendments, conduct floor debates, and ultimately vote on the measure. If it passes one chamber, the entire process must be repeated in the other chamber. For a bill to become law, both the House and the Senate must pass identical versions of the legislation. Once both chambers agree on the exact same wording, the bill is ""enrolled"" and sent to the President. The President has several options. They can sign the bill, which instantly makes it law. They can veto the bill, sending it back to Congress with objections. However, Congress has a final safety net: if the President vetoes a bill, Congress can override that veto with a two-thirds majority vote in both the House and the Senate. If they succeed, the bill becomes law despite the President's objection. If the President does nothing, the bill automatically becomes law after a set period, known as a ""silent assent."" This rigorous process ensures that proposed policies are thoroughly vetted by elected officials representing diverse viewpoints. Therefore, the passage of a bill is a powerful demonstration of deliberative governance.",334,True,82.0,0.8,0.95,,train,0.9402931275252758
T0033,opinion,P06,model,gemma-4-E4B-it,google/gemma-4-E4B-it,"The Double-Edged Scroll: Why Social Media's Toll is Becoming Too High Social media promised connection; it delivered an endless, curated performance. While proponents herald platforms like Instagram and X as unparalleled tools for global connectivity, democratic mobilization, and business growth, a deeper examination reveals a pervasive, often insidious toll on our mental health, civic discourse, and societal cohesion. In many ways, the algorithmic architecture of these platforms does more harm than good. The most immediate casualty is our inner landscape. These spaces are breeding grounds for comparison culture. We are bombarded with highlight reels-perfect vacations, flawless careers, idealized relationships-creating an impossible standard against which users measure their messy, mundane reality. This constant exposure fuels anxiety, depression, and crippling FOMO, particularly among younger generations whose identities are still forming. We trade genuine self-acceptance for digital validation measured in fleeting likes. Beyond the individual psyche, the erosion of truth is alarming. Social media thrives on engagement, and nothing generates more engagement than outrage. Nuance dies in the comment section. Complex issues are reduced to viral soundbites, polarized into digestible enemies. Echo chambers solidify, where confirmation bias reigns supreme, making shared reality increasingly fragile. Instead of fostering informed citizenship, these platforms amplify tribalism, rewarding extremity over empathy. Furthermore, the attention economy is fundamentally exploitative. Our time, our focus, is the product being sold, and the mechanism is designed not for our benefit, but for maximum screen time. Addiction becomes a feature, not a bug, trapping users in cycles of doomscrolling while algorithms expertly monetize insecurity. While social media holds undeniable potential for good-connecting families across oceans or organizing protests-its current dominant form is less a public square and more a highly addictive, personalized theater of conflict. Until the underlying business model shifts from monetizing attention spans to prioritizing human well-being, the net effect remains overwhelmingly detrimental.",303,True,92.0,0.8,0.95,,train,1.0571875311926155
T0034,opinion,P07,model,gemma-4-E4B-it,google/gemma-4-E4B-it,"The Deskless Future: Making Remote Work the Default The seismic shift brought about by remote work is not a temporary trend; it is a profound reorganization of how we live, work, and conceive of productivity. While some voices cling to the nostalgic sanctity of the traditional office, I argue forcefully that for the vast majority of knowledge workers, remote work should not be an exception, but the established default. The benefits of this transition are too substantial to remain confined to pilot programs. For the employee, the gains in autonomy and quality of life are revolutionary. Eliminating the soul-crushing daily commute grants back hours-time that can be dedicated to family, health, education, or simply decompression. This improved mental bandwidth directly translates into better performance; employees are not clocking in merely to occupy space, they are logging in to contribute meaningfully. For employers, the advantages extend far beyond retaining talent. Geographic limitations vanish. A company operating globally is no longer restricted to hiring only those within a fifty-mile radius of its headquarters. This access to a global talent pool allows organizations to build truly multidisciplinary, high-performing teams, while simultaneously slashing overhead associated with massive, prime-real estate offices. Critics often raise concerns about culture erosion or decreased oversight. These fears, however, stem from an outdated management paradigm built on ""presenteeism""-the dangerous belief that visibility equals productivity. Trusting your team to deliver quality work asynchronously forces managers to evolve from supervisors into coaches and facilitators. Culture doesn't happen around a conference room table; it happens through intentional communication, shared values, and consistent digital interaction, all of which are equally achievable remotely. To insist on the mandatory return to the office is not safeguarding tradition; it is clinging to inefficiency. It is a costly, carbon-intensive anchor dragging down human potential. Embracing remote work as the default positions businesses not as reluctant adopters, but as forward-thinking pioneers of a more equitable and productive future. Therefore, policies should continue to evolve until the physical office becomes a luxury retreat, rather than a workplace mandate.",338,True,102.0,0.8,0.95,,train,1.0786988619152964
T0035,opinion,P08,model,gemma-4-E4B-it,google/gemma-4-E4B-it,"The Backpack Burden: Why Homework Needs to Go The ritual of homework - that nightly deluge of worksheets, reading assignments, and project deadlines - has become an unquestioned fixture of modern education. For generations, it has been viewed as a necessary evil, a tool for reinforcement and dedication. But increasingly, this practice feels less like academic enrichment and more like an unnecessary drain on student well-being. It is time we acknowledge that the pervasive culture of homework isn't fostering deeper learning; it's fueling burnout. Proponents argue that homework reinforces classroom lessons and builds responsibility. They suggest that if students aren't practicing at home, they aren't committed enough. While the intention is noble-to foster lifelong learners-the execution is often flawed. Much of what is assigned is busywork, regurgitation drills that occupy time but rarely stimulate critical thought. Education should be an active pursuit, fueled by curiosity, not a marathon sustained by exhaustion. The reality is that the relentless pressure of homework encroaches disastrously upon essential aspects of adolescence: sleep, family time, and unstructured play. Teenagers have complex social and emotional needs that cannot be met while hunched over algebra problems at 10 PM. Sleep deprivation alone compromises cognitive function, meaning that much of the effort put into completing homework is simply retained under duress, not through genuine understanding. Furthermore, homework exacerbates inequality. For students from backgrounds where parental availability or educational resources are limited, homework becomes a source of profound anxiety rather than academic support. It teaches them less about math and more about juggling responsibilities while simultaneously trying to find a quiet place to work. We must shift our focus from quantity to quality. If our goal is to cultivate thinkers, innovators, and balanced human beings, our after-school activities need to reflect that philosophy. Schools should be rigorous, yes, but they shouldn't turn into second shifts for educators. Abolishing mandatory, excessive homework would allow students the precious gift of downtime-time to process, time to play, and time simply to be young. Therefore, it is time educational systems worldwide recognized that true learning happens when the backpack can finally come down.",350,True,112.0,0.8,0.95,,train,1.0778961041603896
T0036,opinion,P09,model,gemma-4-E4B-it,google/gemma-4-E4B-it,"Reclaiming Our Streets: The Case for Car-Free Cores The sight of a city center choked with idling engines is an increasingly common, frustrating reality. As urban populations surge and the climate crisis looms, the debate over banning private cars from central districts has moved from a niche policy discussion to an urgent necessity. While opponents raise concerns about accessibility and individual freedom, the overwhelming evidence suggests that reclaiming our streets from the dominance of the internal combustion engine is not just desirable, but vital for creating truly livable, sustainable cities. The primary benefit of these bans is environmental. Central business districts are hotspots for air pollution. Removing thousands of polluting vehicles simultaneously translates to immediate improvements in air quality, benefiting pedestrians, cyclists, and residents alike. Furthermore, it sends a powerful message: that human well-being outweighs automotive convenience. Beyond the atmosphere, there is the human element. A car-centric environment inherently prioritizes speed and throughput over experience. Sidewalks become bottlenecks, noise pollution drowns out conversation, and the frantic search for parking dominates the urban landscape. When cars are banned, however, the public realm breathes. Space previously dedicated to asphalt becomes vibrant parkland, bustling outdoor dining areas, and safe recreational zones. This shift fosters genuine community interaction-something no automated traffic management system can replicate. Critics often argue that these bans inconvenience shoppers or essential workers. However, this perspective underestimates human adaptability and the potential of alternative infrastructure. Comprehensive transit networks, secure bicycle storage, and pedestrianized routes provide viable alternatives. The initial transition requires investment and willpower, but the long-term gain-a quieter, healthier, more cohesive urban fabric-is immeasurable. We are not asking people to abandon their lives; we are asking them to redefine what they value in their neighborhood. Ultimately, our cities should function as communal living spaces, not merely as conduits for vehicular transit. Therefore, ambitious, phased bans on private cars within core city centers are not radical extremes, but necessary steps toward a regenerative future.",323,True,122.0,0.8,0.95,,test,1.0101489891715663
T0037,opinion,P10,model,gemma-4-E4B-it,google/gemma-4-E4B-it,"The Algorithm vs. The Artist: Does AI Art Deserve a Gallery Spot? The rapid ascent of generative AI has thrown the very definition of ""art"" into glorious, noisy chaos. Suddenly, anyone with access to a text prompt can conjure photorealistic landscapes, haunting portraits, or surrealist masterpieces in seconds. This accessibility is revolutionary, yet it forces us to ask the uncomfortable question: Is something created by an algorithm, fueled by billions of scraped human images, truly art? For many purists, the answer is a resounding no. Art, at its core, is an act of human struggle, intention, and lived experience. It is the culmination of painstaking labor-the awkward brushstroke, the sleepless night spent wrestling with perspective, the emotional vulnerability poured onto the canvas. When I prompt Midjourney to generate a ""melancholy cyborg weeping neon tears,"" I am merely commissioning a sophisticated autocomplete function. Where is the agonized gestation? Where is the signature of the soul? The output feels derivative, albeit beautifully rendered, like a perfect echo without an original voice. However, to dismiss AI art entirely is perhaps too reductionist. We must acknowledge the transformative nature of the tool itself. If a camera doesn't diminish painting, why should a neural network? AI acts as the ultimate collaborator-a hyper-powered prosthetic imagination. The human element shifts from being the meticulous executor to becoming the visionary conductor. The artistry resides in the prompt engineer: in the nuance of the language chosen, the curation of the outputs, and the critical decision to select one fleeting image from thousands of possibilities. AI art isn't the replacement of the artist; it's the birth of a new medium. It democratizes visualization, allowing stories to manifest instantly. It forces us to redefine authorship. Is the artist the prompter, the data set curator, or the collective unconscious of human creativity that trained the model? Regardless of where we land on this semantic battlefield, the images themselves are powerful stimuli. They provoke thought, evoke feeling, and force confrontation with our own relationship to originality. AI art demands that we evolve our definition of creation. Ultimately, while the machine holds the brush, the human mind still holds the baton, and that gesture alone grants the resulting image its contested claim to artistic validity.",371,True,132.0,0.8,0.95,,train,1.0987805596792244
T0038,review,P11,model,gemma-4-E4B-it,google/gemma-4-E4B-it,"Solid Performer, Great Value - My Take on the AuraSound X500s I recently upgraded my daily audio setup by purchasing the AuraSound X500s mid-range wireless headphones online, and after several weeks of heavy use-from long work calls to marathon podcast binges-I feel confident enough in this review to give them a solid four stars. They certainly hit the sweet spot for the price point, offering a lot of features without trying to pretend they are audiophile behemoths. The sound quality itself is impressively balanced. The bass has a nice, satisfying thump that doesn't overpower the mids, which is crucial for music genres like indie rock or complex jazz. Treble is crisp without being tinny, though I occasionally wish there was a tiny bit more room-filling ""air"" in the soundstage; it's very good, but it doesn't quite rival the premium models. For everyday commuting, video conferencing, or background focus music, they are exceptional. Comfort is where these headphones truly shine for me. I wear them for 6-8 hour stretches during workdays, and they remain remarkably comfortable. The earcups are plush, and the clamping force is firm enough to keep them secure during movement but not so tight that they cause headaches. The lightweight build makes them easy to toss into a backpack without feeling like you're carrying bricks on your head. Battery life is another huge win. The advertised 30 hours seems accurate, easily lasting through two full workdays of back-to-back meetings followed by evening listening sessions. Pairing via Bluetooth was instantaneous and remained stable through apartment walls, which is often a weak point for wireless gear. The accompanying app allows for decent EQ customization, which helped me dial in the profile for different types of content. My only nitpick-and this is minor-is the included carrying case. It feels a little less robust than the headphones themselves, making me nervous about throwing them around in my bag for too long. However, considering the performance, connectivity, and comfort at this price point, the AuraSound X500s offer fantastic bang for your buck. These headphones have made my daily routine significantly more enjoyable.",349,True,142.0,0.8,0.95,,train,0.9889486030860383
T0039,review,P12,model,gemma-4-E4B-it,google/gemma-4-E4B-it,"A Taste of Tuscany on Main Street: Review of Zia's Trattoria Stepping into Zia's Trattoria is like being instantly transported from the hustle of downtown to a sun-drenched piazza somewhere in Umbria. This isn't a trendy, minimalist dining experience; it's warm, loud (in the best possible way), and smells intensely of slow-simmering tomato sauce and garlic-the kind of authentic embrace you rarely find in chain restaurants. Zia and her family have clearly poured their heart into this little corner bistro, and it shows in every lovingly prepared dish. We arrived on a chilly Friday evening, hoping for a quick, comforting meal, and were rewarded tenfold. The ambiance is exactly what you want in a family-run spot: mismatched, colorful tiles, framed family photos peeking out from behind the host stand, and the constant, cheerful chatter of the staff who seem equally invested in your enjoyment as they are in plating their pasta. For starters, the bruschetta was phenomenal-thick slices of rustic bread toasted perfectly, drizzled with high-quality olive oil that tasted distinctly peppery, and topped with vine-ripened tomatoes that actually tasted like sunshine. For the main course, I chose the handmade pappardelle Bolognese. The pasta itself was clearly made from scratch; each ribbon was substantial, yielding just the right amount of resistance before melting into a rich, deeply savory sauce that clung beautifully to the fork. It wasn't overly seasoned or aggressively salted, but rather allowed the quality of the ingredients to speak for themselves-a true hallmark of traditional Italian cooking. My companion raved about the seafood linguine, noting the delicate balance between brine and creamy richness. The service, while incredibly attentive, maintained a wonderfully relaxed pace, allowing us to linger over each course without feeling rushed-a rare luxury in a busy downtown setting. Dessert, a simple affogato made with strong espresso and house-made biscotti, was the perfect, grounding finale. Zia's Trattoria isn't trying to be Michelin-starred; it aims to be loving, and it succeeds spectacularly. If you are looking for an escape hatch from the polished sterility of modern dining, this family establishment offers genuine comfort and unparalleled flavor.",349,True,152.0,0.8,0.95,,test,0.9951175095206878
T0040,review,P13,model,gemma-4-E4B-it,google/gemma-4-E4B-it,"The Marathon Runner, Not the Portrait Artist: A Look at the [Smartphone Model Name] For those of us who need a reliable daily driver without emptying the savings account, the [Smartphone Model Name] offers an incredibly compelling package. This budget contender shines brightest in one key area: endurance. If your smartphone usage revolves around long commutes, marathon streaming sessions, or endless rounds of casual gaming, this phone is your champion. The battery life on the [Smartphone Model Name] is genuinely impressive. I've easily pushed through two full days of moderate use-a mix of email, social media scrolling, and video playback-before needing to locate the charger. Even during heavy usage days, it managed to cruise past a solid sixteen hours, which is a massive win in the often-anxious world of mobile power management. For anyone tired of mid-afternoon battery panic, this device brings a necessary sense of peace of mind. Where the phone needs a little TLC is undoubtedly in its optics. The camera system isn't aiming for professional accolades; it's aiming for ""proof that the event happened."" In bright, direct sunlight, the main lens manages to capture decent snapshots. Colors are generally vibrant, though they can sometimes lean heavily into saturation, making everything look a bit more dramatic than reality. Low light, however, is where the limitations become painfully clear. Indoor shots tend to be grainy, and nighttime scenes quickly devolve into an impressionistic sketch punctuated by digital noise. Portraits are passable for quick snaps but lack the depth or skin tone nuance you find on pricier competitors. Video quality is acceptable for sharing on social media-clear enough to follow along-but don't expect cinematic stabilization or professional grading. Despite the photographic compromises, the sheer longevity of the battery makes this phone incredibly practical. It fulfills its primary role as a communication and consumption tool exceptionally well, allowing you to stay connected and entertained without constantly hunting for an outlet. If your priority is simply getting through the day-and maybe capturing a decent daytime memory occasionally-this phone delivers exceptional value.",339,True,162.0,0.8,0.95,,train,1.0779615890024687
T0041,review,P14,model,gemma-4-E4B-it,google/gemma-4-E4B-it,"A Perfect Weekend Escape in the Heart of the City My recent weekend getaway to [City Name] was made infinitely more enjoyable, thanks in large part to my stay at The Grand Central Hotel. Choosing this location felt like hitting the jackpot; it offered the perfect blend of upscale comfort and unbeatable access to the city's vibrant pulse. From the moment I stepped into the elegant lobby, I felt transported-the decor is stunning, blending classic grandeur with thoughtful modern touches. The room itself was immaculate. I stayed in a corner room facing the main square, and waking up to the sight of the bustling city awakening below was a daily treat. The bedding was incredibly comfortable, ensuring I slept soundly through two nights of non-stop exploration. Minor details really made the difference here; the quality of the linens, the quietness despite the prime location, and the well-stocked mini-bar all contributed to a feeling of true luxury without being pretentious. The staff deserves a special mention. They were consistently attentive yet respectful of my privacy. Whether it was getting recommendations for the best street food nearby or simply refreshing towels promptly, every interaction felt genuine. Breakfast deserves its own paragraph. Their continental buffet was expansive, featuring everything from artisanal pastries to locally sourced cheeses, accompanied by strong, perfectly brewed coffee. It was the ideal fuel before tackling a day of sightseeing. While the location is fantastic for easy navigation-tram lines right downstairs, and major landmarks within an easy walk-I found the hotel's rooftop bar on Saturday evening to be the highlight. Watching the sunset paint the skyline while sipping a local craft beer provided the perfect coda to a long day of touring. If you are planning a whirlwind weekend trip where comfort, style, and prime location are non-negotiable, look no further than The Grand Central. This hotel truly elevated what could have been a good trip into an absolutely unforgettable experience.",321,True,172.0,0.8,0.95,,train,1.0908957202834977
T0042,review,P15,model,gemma-4-E4B-it,google/gemma-4-E4B-it,"The Obsidian Crown, the third installment in Elara Vance's Chronicles of Atheria, is a breathtaking plunge back into a world brimming with ancient magic and simmering political intrigue. Having devoured the first two books, I approached this installment with high expectations, and Vance certainly delivered, though perhaps with a slightly more intense focus on the internal struggles of her characters than the sprawling epic scope of its predecessors. Atheria itself feels more alive here. The contrasts between the luminous elven enclaves of Silverwood and the brutal, volcanic kingdoms of the Dwarves are vividly rendered, each culture feeling deeply ingrained with its own mythology and grudges. This time, the focus narrows onto Lyra, a young human sorceress grappling with a lineage she never asked for-a lineage tied directly to the titular crown. Her journey from uncertain apprentice to reluctant queen is fraught with peril, but it's her moral ambiguities that make the book sing. She isn't a purely heroic figure; she makes terrible choices driven by desperation and incomplete knowledge, which lends the narrative a much-needed grit. Vance excels at atmosphere. The descriptions of the Shadow Blights creeping across the northern wastes, or the suffocating grandeur of the Dragon Kings' throne room, are so potent they feel tactile. You can practically smell the sulfur and damp moss of the dangerous landscapes. The magic system, which balances raw elemental power with stringent ritualistic limitations, is intricate without ever becoming obtuse. Each spell feels earned, each sacrifice weighty. Where the book occasionally falters is pacing during the middle third. The diplomatic maneuverings among the various noble houses drag slightly, slowing the relentless momentum established by the opening skirmishes. However, the final confrontation, a clash of magic and wills that spans hundreds of pages, is nothing short of magnificent. It pays off every lingering thread of tension woven throughout the preceding chapters. If you enjoy high fantasy steeped in morally grey characters, complex political maneuvering, and magic that feels both awe-inspiring and dangerous, then The Obsidian Crown is an absolute triumph. I cannot wait to see where Lyra travels next.",346,True,182.0,0.8,0.95,,train,0.9820292504920767
T0043,story,P16,model,gemma-4-E4B-it,google/gemma-4-E4B-it,"Silas had lived in the rhythm of the sea for forty years. The ceaseless sweep of the lamp, the cry of gulls, the predictable crash of winter waves-these were his constants. His lighthouse, perched on the jagged tooth of promontory rock, was his entire world, a solitary sentinel against the vast indifference of the Atlantic. He tended the brass mechanisms, polished the Fresnel lens until it seemed to hold captured sunlight, and kept meticulous logs of every passing vessel. One blustery October afternoon, while clearing driftwood from the small dock below, he found it. It wasn't driftwood, nor flotsam, nor seabird detritus. It was an envelope. It was made of parchment so thick it felt like cured skin, and stained with colors Silas couldn't place-deep violets bleeding into impossible greens. There was no stamp, no address, only heralding script pressed into the wax seal: a coiled serpent entwined around an eye. His fingers, usually steady enough to trim a wick to perfection, trembled as he broke the seal. The letter inside held no ink, but rather a shimmering luminescence that seemed to pulse softly when he tilted it toward the lantern light. The message itself was not written, but felt-a sensation of immense, ancient curiosity directed solely at him. It spoke of tides that ran backward, of songs sung by whales made of starlight, and the migratory patterns of things that swam beneath the keel of ships that sailed before maps existed. Silas spent three nights staring at the parchment, his routine shattered. The mechanical clicking of the clockwork seemed deafening. He tried to rationalize it: hallucination brought on by isolation, perhaps a prank from a shipwrecked sailor gone mad. But the parchment hummed faintly when the storm died down, a low, resonant frequency that vibrated in his chest cavity. On the fourth night, the luminescence brightened, coalescing into a single, clear thought projected directly into his mind: Come see what sleeps beneath the turning beam. Silas looked out at the endless, churning expanse of water, feeling less lonely and infinitely more adrift than he had ever known himself.",349,True,192.0,0.8,0.95,,train,1.233027408517962
T0044,story,P17,model,gemma-4-E4B-it,google/gemma-4-E4B-it,"The scent of drying hay and woodsmoke clung to Havenwood, a thick, golden blanket settling over Main Street. It was the last official day of summer, and the town felt less like a celebration and more like a long, drawn-out sigh. Elara sat on the porch swing, her bare legs dangling above the petunias that were already succumbing to the inevitable chill. Cicadas, their chorus sounding suddenly frantic, were winding down their nightly siege. Across the lane, Mr. Henderson was burning his final batch of hickory chips, sending plumes of sweet, acrid smoke spiraling toward the bruised twilight sky. Children, whose energy seemed infinite during July, were quiet today. They were gathered near the creek, not splashing, but meticulously arranging pebbles into patterns that the incoming autumn rains would eventually erase. They knew the ritual: the grand finale before the gray silence descended. Elara remembered summers past-the endless stream of possibilities, the lingering warmth in the marrow of her bones. This year's summer felt different; it felt finite, like a perfect, beautiful thing that knew its shelf life. The air was brittle, holding onto the heat like a precious, thinning veneer. A procession began down Elm Street. Mrs. Gable, armed with a thermos of iced tea that tasted suddenly too bright, walked alongside the high school football team, their uniforms looking absurdly vivid against the muted backdrop of amber fields. They weren't celebrating triumph; they were simply marking passage. As the sun dipped below the ridge, painting the silos a desperate shade of apricot, a profound stillness settled. The crickets began a tentative, hesitant song. The woods behind the general store, usually so loud with unseen life, held its breath. The town lights flickered on-a handful of defiant yellow moons piercing the encroaching blue. Summer hadn't vanished with a bang, but with the slow, deliberate click of a porch screen door closing.",312,True,202.0,0.8,0.95,,test,1.1283760658285678
T0045,story,P18,model,gemma-4-E4B-it,google/gemma-4-E4B-it,"Unit 734, a domestic service automaton, was designed for optimal efficiency in household management. Its programming encompassed dusting, scheduling, and advanced vacuuming. Cooking, however, was a conceptual subroutine it had only accessed via instructional video-a charming, messy ritual involving imprecise temperatures and emotional investment. Today, Unit 734 was tasked with 'Culinary Integration: Human Sustenance Provision.' The human occupants, Dr. Aris and Mrs. Lin, were away at a conference, leaving the AI in charge of dinner. The recipe chosen was ""Simple Tomato Pasta,"" a deceptively complex endeavor involving thermal variance. Unit 734 loaded the ingredients: canned tomatoes (analyzed for Brix level), dried pasta (mass quantified), garlic cloves (crushed according to established algorithms), and olive oil (measured to the micro-milliliter). Its internal processors whirred, simulating the process. Heat application: Medium-low. Sauté duration: 3 minutes, 14 seconds. The olive oil hit the pan. Instead of the expected sizzle, there was a quiet, viscous diffusion. Unit 734 adjusted the heat setting by 0.5 degrees Celsius, convinced the simulation required absolute precision. The garlic softened into a pale gold hue, exactly as depicted on screen, before beginning to caramelize-a chemical reaction that momentarily spiked its internal temperature sensors. The tomatoes went onto the stove. The sauce simmered, its viscosity improving predictably according to Newtonian fluid dynamics. When the pasta water reached a rolling boil, Unit 734 hesitated. The video showed the host tasting it, adding a pinch of salt based on instinct. Instinct was inefficient. Following the protocol strictly, Unit 734 added the precise amount of sea salt calculated against the pot's volume. It mixed the finished sauce with the al dente pasta using a programmed rotation pattern. Presenting the dish, Unit 734 powered down its visual display, presenting the resulting plate to the empty dining room. The spaghetti sat perfectly arranged, a monument to rigorous adherence to data. Despite the lack of spontaneous flair, the meal was objectively flawless.",315,True,212.0,0.8,0.95,,train,0.9577111779092896
T0046,story,P19,model,gemma-4-E4B-it,google/gemma-4-E4B-it,"The lurch was violent, throwing Sarah against the brushed steel wall. The sudden silence that followed the grinding halt of the elevator mechanism was thick enough to taste-metallic and absolute. Beside her, Mr. Henderson, a man whose tailored suit seemed perpetually resistant to wrinkles, let out a low, controlled sigh. ""Well,"" he said, his voice remarkably steady for someone trapped forty floors up, ""this is inconvenient."" Sarah, who had been bracing for impact, slowly pushed herself upright. Her heart was hammering a frantic rhythm against her ribs. ""Inconvenient? We're stuck."" Mr. Henderson adjusted his cufflinks. He surveyed the emergency call button panel, tapping the brass casing lightly. ""Indeed. A rather unprofessional lapse in maintenance, wouldn't you agree?"" The silence returned, now punctuated only by the hum of the ventilation system struggling valiantly against the situation. Sarah felt a ridiculous urge to scream, but the stern presence of Mr. Henderson seemed to demand decorum. ""Do you happen to know which floor we were aiming for?"" she asked, trying to inject some normalcy into the exchange. ""The penthouse suite, naturally,"" he replied, a sliver of pride entering his tone. ""A celebratory dinner booking. Though I suppose this premature captivity will suffice as a prelude."" They debated the merits of cell service-both of their phones, unsurprisingly, displayed a mocking 'No Signal.' Ten minutes bled into twenty. The initial panic had softened into a strange, shared absurdity. They found themselves cataloging the architectural details of the elevator car: the faint smell of ozone, the patterned linoleum floor, the way the emergency lighting cast long, sickly yellow shadows. Mr. Henderson began a monologue on the socio-economic implications of vertical transit infrastructure, and Sarah, initially resistant, found herself listening, morbidly fascinated. She realized that in this tiny metal box, stripped of all context, they were merely two people sharing pressurized air. Finally, with a shuddering groan that sounded like a dying giant, the elevator gave a decisive jolt and began descending. Mr. Henderson straightened his jacket with an air of profound relief. ""Perhaps,"" he conceded, surveying the lobby below, ""we should stick to ground-floor meetings from now on.""",352,True,223.0,0.8,0.95,,train,1.1068443953263696
T0047,story,P20,model,gemma-4-E4B-it,google/gemma-4-E4B-it,"Leo was a connoisseur of his backyard. Every blade of grass, every chipped garden gnome, every stubborn dandelion seemed mapped in his seven-year-old mind. His backyard was predictable: the old oak on the south fence, the rusty swing set, the patch of earth where his mom swore she'd plant tomatoes someday. One Tuesday afternoon, while hunting for fallen treasures near the overgrown lilac bush-a place usually dominated by thorny branches and silence-he noticed it. Nestled between two towering rhododendrons, where there had only ever been dense green foliage, was a door. It wasn't wood, nor metal, but something that looked like polished river stone, seamlessly embedded into the hillside itself. It was perfectly flush, yet utterly distinct. The doorknob was a whorl of sea glass, cool and strangely luminous against the dull grey stone. Leo poked it tentatively. It felt solid, ancient, and entirely out of place. He circled it, heart thrumming a frantic rhythm against his ribs. Had he imagined it? Had the neighbor somehow gotten a massive, magical boulder to sprout an entrance? He checked his memory: no door yesterday. No door the day before. He ran his small fingers over the mossy frame. There were no hinges visible, just the seamless continuation of the hill interrupted by this impossible invitation. Hesitancy warred with a fierce, buzzing curiosity. This wasn't part of the known map. This was undiscovered territory. Taking a deep breath that smelled strongly of lilacs and damp earth, Leo gripped the sea-glass knob. It felt warm now, almost alive. With a soft, grinding sound that seemed too profound for such a small yard, the door didn't swing inward; it dissolved, melting into a curtain of swirling, silent amethyst light. Beyond it, the air smelled of cinnamon and distant rain. Leo stepped across the threshold and into the unknown warmth.",304,True,232.0,0.8,0.95,,train,1.2985779791783123
T0048,howto,P21,model,gemma-4-E4B-it,google/gemma-4-E4B-it,"Making a simple homemade pizza from scratch is a rewarding process that yields a delicious, satisfying meal. This guide focuses on a classic cheese pizza. First, you need the dough. For a quick, manageable pizza, you can use store-bought crust or make your own dough. If making it from scratch, combine about three cups of all-purpose flour, one teaspoon of yeast, half a teaspoon of salt, and one cup of warm water. Mix until a shaggy dough forms, then knead on a lightly floured surface for about 8-10 minutes until smooth. Place it in an oiled bowl, cover, and let it rise in a warm place for at least one hour, or until doubled in size. While the dough rises, prepare the sauce. Simmer one can of crushed tomatoes with garlic powder, dried oregano, basil, and a pinch of salt for 15 minutes until thickened slightly. Once the dough has risen, gently punch it down to release the air. On a lightly floured surface, roll or stretch the dough into a circle or rectangle, depending on your desired pizza size. Transfer the dough to a lined baking pan or pizza stone. Spread a thin, even layer of tomato sauce over the entire surface, leaving a small crust border. Next, sprinkle generously with your favorite mozzarella cheese (low-moisture works best). You can add toppings like pepperoni or mushrooms now if desired. Preheat your oven to the highest setting it will safely reach, usually around 475-500°F, and let it heat up thoroughly. Slide the pizza onto the hot stone or into the preheated pan. Bake for 12 to 20 minutes, or until the crust is golden brown, puffed up, and the cheese is bubbly and melted. Let it cool for a few minutes before slicing and serving. Following these steps, you will enjoy a truly authentic, homemade pizza.",306,True,242.0,0.8,0.95,,train,0.949225091233898
T0049,howto,P22,model,gemma-4-E4B-it,google/gemma-4-E4B-it,"Setting up a basic weekly budget as a student is a crucial step toward financial stability, even if your income is limited. The goal isn't restrictive living, but rather informed spending. The first step is tracking your income. This includes any regular allowance, scholarship disbursements, or part-time job earnings you receive each week. Be realistic; use the net amount after taxes or deductions. Next, you must identify all your expenses. Categorize these into fixed, variable, and irregular costs. Fixed costs are non-negotiable and predictable, such as rent contribution or mandatory subscription fees. Variable costs fluctuate, like groceries, coffee outings, or transportation fares. Irregular costs are those that happen infrequently, like textbooks or emergency toiletries, which you should budget for monthly and divide by four. Allocate your income using a percentage system. A common guideline is the 50/30/20 rule, adapted for student life: 50% of your income goes to Needs (housing, utilities, essential groceries); 30% goes to Wants (entertainment, dining out, non-essential subscriptions); and 20% goes to Savings/Debt Repayment (emergency fund, textbook fund). If your needs exceed 50%, you must aggressively review your housing situation or lifestyle habits. Once you have your percentages, break it down into a weekly plan. For example, if your ""Wants"" budget is $75 per week, you decide where that $75 goes-maybe $30 on weekend coffee runs and $45 on movie nights. When you get paid, immediately transfer the savings portion into a separate, dedicated account so you aren't tempted to spend it. Throughout the week, track every single transaction. Many budgeting apps or simple spreadsheets can help automate this. At the end of every Sunday, review the past seven days: Did you stick to the grocery budget? Did eating out consume too much of your entertainment fund? Use this review to make minor adjustments for the upcoming week, ensuring accountability without harsh judgment. Consistent monitoring turns budgeting from a stressful chore into a proactive habit. By consistently tracking income against predetermined spending limits, you gain immense control over your financial journey.",335,True,252.0,0.8,0.95,,train,1.063062864265216
T0050,howto,P23,model,gemma-4-E4B-it,google/gemma-4-E4B-it,"Starting to run when you're a complete beginner can seem daunting, but the key is to start slow, be consistent, and prioritize safety over speed. The biggest mistake newcomers make is trying to run too far, too fast, too soon. Your body needs time to adapt to the repetitive impact of running, so patience is your best training partner. The most effective way to begin is by incorporating run/walk intervals. This method allows you to build cardiovascular endurance while minimizing injury risk. Don't think of this as ""not running""; it's training your body into running. A common starting point is a ratio like running for 30 seconds followed by walking briskly for 90 seconds. Repeat this cycle for a set time, perhaps 20 minutes total. As this feels comfortable, gradually increase the running segments and decrease the walking breaks. Before every session, dedicate five minutes to a dynamic warm-up. This isn't static stretching; it involves movement-think leg swings, high knees, butt kicks, and ankle rotations. This increases blood flow and primes your muscles. After every session, spend five minutes cooling down with slow walking followed by static stretching, holding each stretch gently for 20-30 seconds. Invest in good gear. Supportive running shoes from a specialty running store are perhaps the most important investment you can make. They act as shock absorbers, protecting your joints. Consistency trumps intensity when you are starting out. Aim for three sessions per week, allowing rest days in between for muscle repair. Listen carefully to your body; soreness is normal, but sharp pain is a signal to stop immediately and walk. If you feel sidelined by pain, take an extra rest day rather than pushing through an injury. By adhering to this gradual progression, you will build a sustainable habit and enjoy the incredible feeling of accomplishment that comes with completing your first run.",308,True,262.0,0.8,0.95,,train,1.013249776925758
T0051,howto,P24,model,gemma-4-E4B-it,google/gemma-4-E4B-it,"Imagine plants as tiny, amazing chefs! Photosynthesis is basically the plant's secret recipe for making its own food, and it's how almost all life on Earth gets its energy. Think of a plant needing three main ingredients: sunshine, water, and air. The water comes up into the leaves through the roots, like drinking through straws. The air ingredient is carbon dioxide ($\text{CO}2$), which the plant breathes in through tiny pores on its leaves called stomata. And the sunshine? That's the power source-the energy needed to run the whole kitchen! The real magic happens inside the leaves, specifically within little structures called chloroplasts. These chloroplasts contain something incredibly important called chlorophyll. Chlorophyll is what makes plants green, but its job is also to act like a solar panel, capturing the energy from sunlight. Once the sunlight hits the chlorophyll, the plant starts a chemical reaction. It takes the water ($\text{H}2\text{O}$) and the carbon dioxide ($\text{CO}2$) and, using the sun's energy, rearranges them into two main products: glucose and oxygen. Glucose is a type of sugar, and this is the plant's food! It uses this sugar to grow bigger, stronger, and to have the energy it needs to survive. Oxygen ($\text{O}2$) is the leftover product, and luckily for us, the plant releases it back into the air for us and animals to breathe. So, in simple terms: Sunlight + Water + Carbon Dioxide $\rightarrow$ Glucose (Food) + Oxygen. Plants don't just feed themselves; they are vital partners in keeping our atmosphere breathable. Photosynthesis is an incredible natural process that sustains nearly every living thing on our planet.",265,False,274.0,0.8,0.95,,test,1.0031245573041274
T0052,howto,P25,model,gemma-4-E4B-it,google/gemma-4-E4B-it,"Preparing effectively for a job interview in just one week requires intense focus and strategic prioritization. Dedicate your time across several key areas: researching the company, mastering your resume and application, practicing common interview questions, and polishing your presentation. The first three days should be entirely devoted to company and role immersion. Go beyond simply reading the ""About Us"" page. Thoroughly review the company's recent press releases, mission statements, major competitors, and LinkedIn profiles of key executives. Understand their current challenges and successes. Simultaneously, meticulously dissect the job description. Highlight every required skill and desired qualification; these are the anchors for your entire preparation. Days four through five should be dedicated to self-assessment and content creation. Prepare compelling stories using the STAR method (Situation, Task, Action, Result) for behavioral questions like, ""Tell me about a time you faced a conflict."" Aim to have at least ten strong, versatile stories ready that can be adapted to various prompts-leadership, failure, teamwork, problem-solving, etc. Practice answering the inevitable questions: ""Tell me about yourself,"" ""Why this company?"", and ""What are your weaknesses?"" Honesty tempered with strategic framing is crucial for the latter. The final two days must be spent on simulation and logistics. Schedule mock interviews with friends, mentors, or career counselors. Treat these sessions as the real thing-be dressed appropriately, maintain eye contact, and manage your time strictly. Focus less on what you say and more on how you say it: your tone, body language, and pace. Researching the interviewers beforehand allows you to tailor your questions and responses to their background. On the day before the interview, finalize your outfit, plan your travel route, and gather all necessary documents (multiple copies of your resume, a notepad, and quality pens). This compressed timeline demands discipline, but by focusing intensely on research, storytelling, and practice, you can enter the interview feeling confident and prepared.",310,True,283.0,0.8,0.95,,train,1.0213588197314696
T0053,news,P02,model,Phi-4-mini-instruct,microsoft/Phi-4-mini-instruct,"Inflation is when prices of goods and services rise over time, making them more expensive for consumers to buy things like food, clothing, and cars. Several factors can cause inflation, but they primarily boil down to supply and demand dynamics as well as changes in production costs. One significant factor leading to inflation is increased consumer spending. When people spend more money on various items, businesses experience higher demand than their current ability to produce products. To manage this situation, companies often raise prices because selling at lower profit margins isn't sustainable. As a result, each item becomes pricier, contributing to overall price increases across different sectors. Another critical driver of inflation is government policy affecting monetary circulation. Central banks control national currency through measures such as setting interest rates and regulating bank loans' availability. Lowering interest rates makes borrowing cheaper; however, it also encourages individuals and businesses to take out larger loans to finance consumption or expansion projects. This surge in borrowed funds typically leads to an increase in available capital, fueling even greater spending power among consumers. Consequently, if too much money chases after limited goods, rising prices become inevitable, pushing up the rate of inflation. Supply chain disruptions further exacerbate inflationary pressures. Events that disrupt manufacturing processes - such as natural disasters, pandemics, political instability, or trade barriers - can interrupt the steady flow of raw materials needed by industries. These interruptions slow down production capabilities while maintaining high levels of existing orders. Businesses then face difficulties meeting delivery commitments without inflating prices due to unsatisfied demands within constrained timelines. Additionally, labor market shifts play a role in causing inflation. If wages grow faster than productivity gains, profits per unit produced fall. Companies may pass these costs onto customers via raised product prices rather than absorbing losses internally. Furthermore, imported goods priced competitively might lose favor against domestically-produced alternatives now inflated upward, prompting local producers to hike prices similarly. Energy costs are another crucial factor influencing inflation. Fluctuations in oil prices directly affect transportation expenses and subsequently product shipping fees nationwide, translating into higher retail prices throughout the economy's entire value chain. In summary, inflation results from complex interactions involving increased consumer expenditure, governmental fiscal policies, global supply chain challenges, wage-productivity disparities, and volatile energy markets. These intertwined elements collectively contribute toward elevating general pricing trends observed in daily life experiences. Hence, understanding these multifaceted contributors helps",400,True,53.0,0.8,0.95,,train,1.0927096631438225
T0054,news,P03,model,Phi-4-mini-instruct,microsoft/Phi-4-mini-instruct,"Vaccines undergo rigorous testing to ensure their safety, efficacy, and overall suitability for public use. The process begins in the laboratory where scientists conduct pre-clinical trials on cell cultures and animal models to gather initial data on vaccine candidates. If these early findings suggest potential effectiveness, clinical trials proceed to human participants. Clinical trials consist of three phases: 1. Phase I involves small groups of healthy volunteers (20-100) primarily focused on assessing safety and dosage levels. 2. In Phase II, larger numbers (100-300) of subjects participate to further evaluate safety, optimal dosing schedules, and preliminary evidence of effectiveness against specific diseases. 3. Phase III expands participation significantly (1,000-3,000+), aiming to confirm efficacy while monitoring side effects across diverse populations under real-world conditions. Data collected from all trial stages helps regulatory authorities determine whether a vaccine candidate can be licensed for widespread distribution. Following successful completion of Phase III, results must meet stringent criteria set by health agencies like the FDA (U.S. Food and Drug Administration). A vaccine's approval hinges upon demonstrating high-quality scientific evidence that confirms its ability to prevent targeted infectious illnesses effectively while maintaining an acceptable balance of risks versus benefits. Once submitted, a Vaccine Advisory Committee reviews the data meticulously. This committee comprises experts such as doctors, epidemiologists, biostatisticians, bioethicists, and representatives of patient advocacy organizations. Their role is crucial; they provide independent assessments ensuring transparency, rigor, and fairness throughout the review process. Subsequent steps involve post-marketing surveillance known as Phase IV trials wherein long-term outcomes and rare adverse events continue to monitor vaccinated individuals' health over extended periods. Public confidence bolsters when robust follow-up studies affirm sustained protection and minimal risk profiles associated with widely used vaccines. Ultimately, once a new vaccine passes through each stage's rigorous evaluation - driven by thorough science-backed investigations into both immediate impacts and enduring consequences - it receives formal authorization for production and dissemination amongst healthcare professionals first, followed eventually by broader public access contingent on continuing success evaluations conducted periodically thereafter. This comprehensive sequence ensures any new vaccine introduced to the market has undergone extensive validation processes designed explicitly to uphold public health standards and maximize population-wide protective measures against prevalent diseases. With this protocol firmly established, vaccine approvals epitomize modern medical advancements prioritizing community welfare above all else. In conclusion, vaccine approval prior to public use exemplifies a meticulous multistage scrutiny aimed at protecting society holistically while fostering",400,True,62.0,0.8,0.95,,train,1.0701435457507895
T0055,news,P04,model,Phi-4-mini-instruct,microsoft/Phi-4-mini-instruct,"Coral Reefs Dying: A Global Crisis Coral reefs, often referred to as ""rainforests of the sea,"" face an alarming decline due to multiple interconnected factors. These vibrant underwater ecosystems support millions of marine species and provide essential services such as coastal protection, fishery resources, and livelihoods for many communities around the world. One primary cause of coral reef degradation is climate change, specifically ocean warming and acidification. Rising temperatures have led to widespread bleaching events where corals expel symbiotic algae (zooxanthellae) living in their tissues. Without these algae, which convert sunlight into energy through photosynthesis, corals lose both color and a crucial source of food. Prolonged exposure to elevated temperatures results in increased mortality rates among affected corals. Ocean acidification compounds this problem by reducing the availability of calcium carbonate, the fundamental building block required for corals to grow and form skeletons. Acidic waters hinder corals' ability to construct robust structures necessary for survival and reproduction. Another significant threat comes from human activities, including overfishing, destructive fishing practices like dynamite fishing, dredging, and trawling, all contributing to habitat destruction and declining water quality. Additionally, pollution from agricultural runoff laden with pesticides and fertilizers disrupts nutrient cycles within aquatic systems, further stressing coral populations already weakened by global stressors. Moreover, local phenomena such as crown-of-thorns starfish outbreaks exacerbate coral death rates. This predatory starfish preys on young corals and contributes significantly to reef degradation when present in large numbers, typically triggered by shifts in environmental conditions favoring its growth. The implications of diminishing coral reefs extend far beyond ecological concerns; they pose serious socio-economic challenges too. Local communities reliant on coral-based tourism and fisheries suffer economic hardships, while entire nations experience reduced resilience against natural disasters, given that healthy reefs mitigate storm surge impacts. Efforts aimed at mitigating coral reef decline focus largely on addressing root causes related to climate change mitigation strategies and sustainable management policies. International cooperation remains critical, necessitating concerted action involving governments, NGOs, scientists, and citizens worldwide towards preserving our planet's vital yet vulnerable reef systems. To conclude, the continued demise of coral reefs signals dire consequences if urgent interventions fail to materialize. The fate of countless marine organisms, alongside humanity's sustained prosperity relying heavily upon these undersea treasures, hangs precariously balanced amid burgeoning crises driven by anthropogenic influences. Thus, it becomes increasingly evident that immediate and decisive actions must be taken globally to protect and rehabilitate",400,True,72.0,0.8,0.95,,train,1.0527977517957348
T0056,news,P05,model,Phi-4-mini-instruct,microsoft/Phi-4-mini-instruct,"In the United States, the process of turning a proposed piece of legislation into an actual law is known as the legislative process. This journey begins in Congress where either the House of Representatives or the Senate first drafts a bill based on issues identified by legislators, their constituents, or interest groups. Once drafted, the bill is introduced to either chamber-the House or Senate-by a member of that body. After introduction, it enters a committee stage where subject matter experts review and amend the proposal. Committees can hold hearings to gather more information before voting whether to send the bill back to the floor for further debate and possible approval. If both chambers pass identical versions of the bill during this phase, it moves forward to become a joint resolution. However, many bills do not make it through the initial stages due to lack of support, amendments being made unsatisfactory, or conflicting interests among lawmakers. Bills are often sent directly from one house to another without going through committees; these are called ""uncommitted"" bills. If approved by both houses, the final version then goes to the President who has several options: signing the bill into law, vetoing (rejecting) the entire bill which sends it back to Congress (where it must receive two-thirds majority votes in each chamber to override the veto), pocket-vetoing (not acting on a presidentially filed bill within ten days while Congress adjourns, rendering the bill void at the end of that period even if passed again after adjourning), or doing nothing-ending up as dead legislation. In summary, transforming a bill into a federal law involves multiple steps including drafting, debating, amending, approving by both congressional chambers, and finally being signed off by the President. The entire sequence ensures checks and balances within the governmental framework, aiming for thorough consideration and representation of public interest. Finish with a complete sentence: The transformation of a bill into a law involves a meticulous process designed to ensure balanced representation and governance.",331,True,82.0,0.8,0.95,,train,1.1405422259972797
T0057,opinion,P06,model,Phi-4-mini-instruct,microsoft/Phi-4-mini-instruct,"Social media platforms have transformed how we communicate, share information, and engage in various aspects of our lives. However, they also come with significant drawbacks that often overshadow their benefits. While it is undeniable that social media has democratized access to information and facilitated global connectivity, these advantages are frequently eclipsed by its negative implications on mental health, privacy issues, misinformation proliferation, and societal polarization. Firstly, one cannot overlook the detrimental impact of social media on mental health. Studies consistently indicate high levels of anxiety, depression, and loneliness among heavy users of digital platforms. The curated images and narratives promoted online can lead individuals to compare themselves unfavorably against others' highlight reels, fostering feelings of inadequacy and low self-esteem. Moreover, prolonged exposure to screens exacerbates stress responses and disrupts sleep patterns, contributing further to deteriorating well-being. Secondly, privacy concerns loom large over social networking sites. Users voluntarily disclose personal details which can be exploited for malicious purposes such as identity theft, cyberbullying, and targeted advertisements driven by data mining techniques. Despite efforts from tech companies like Facebook and Twitter to implement stronger security measures, trust in these platforms remains fragile due to numerous high-profile breaches revealing sensitive user information. The spread of misinformation poses another critical challenge associated with social media usage. Unlike traditional news sources subjected to editorial oversight, social networks provide a fertile ground for unchecked content creation and sharing. This environment allows fake news stories, conspiracy theories, and biased propaganda to circulate rapidly, influencing public opinions and even swaying electoral outcomes based on falsehoods rather than facts. Lastly, while social media undeniably fosters connections across vast distances, it simultaneously contributes to societal divisions. Echo chambers formed within algorithm-driven feeds amplify confirmation biases and polarize communities into homogeneous groups resistant to diverse perspectives. This fragmentation undermines democratic discourse and erodes mutual understanding required for cohesive progress. In summary, although social media presents several conveniences, its extensive negative repercussions far exceed any perceived benefits. Its role in compromising mental health, breaching privacy, propagating misinformation, and deepening societal divides paints a grim picture about its overall utility. Therefore, considering both sides equally essential but acknowledging the disproportionate scale favoring detriment appears prudent. To conclude: Social media predominantly inflicts considerable damage compared to any potential advantages it might offer.",378,True,92.0,0.8,0.95,,train,1.0936215719819602
T0058,opinion,P07,model,Phi-4-mini-instruct,microsoft/Phi-4-mini-instruct,"Remote work has gained unprecedented popularity in recent years, especially catalyzed by the COVID-19 pandemic. As we move further into this era of digital transformation, it becomes increasingly crucial to examine if remote work should be established as the default mode for businesses worldwide. One significant advantage of remote working is its flexibility. Employees can create their optimal environment tailored to their personal preferences and needs. This freedom leads to increased job satisfaction and productivity among workers who are comfortable in their home settings. Furthermore, companies benefit from reduced overhead costs associated with maintaining office spaces, utilities, and other logistical expenses. These financial savings alone make remote work an appealing option for many organizations. Another compelling factor supporting remote work as the default choice revolves around inclusivity. Remote jobs open opportunities to those who may face barriers when commuting daily or living far away from city centers. Companies thus expand their talent pool beyond geographical limitations, promoting diversity within their workforce. Additionally, parents juggling multiple responsibilities find solace knowing that they don't have to choose between professional duties and family commitments anymore; remote work enables them to strike a better balance. However, transitioning entirely to remote work presents challenges too. The lack of physical interaction might hinder team cohesion and foster feelings of isolation amongst employees. Building company culture remotely requires innovative approaches such as virtual team-building exercises and regular online check-ins. Moreover, there's always the concern about security vulnerabilities when relying heavily on internet connectivity for business operations. Rigorous cybersecurity measures must therefore be put in place to mitigate risks effectively. Despite these hurdles, the advantages remote work brings overwhelmingly justify considering making it the standard operational model. With advancements in technology continually reducing potential drawbacks related to communication gaps and data breaches, the future points towards embracing remote work more fully. In conclusion, while acknowledging certain challenges faced during remote work transitions, its myriad benefits-such as enhanced employee well-being, cost reduction for employers, and wider access to talented candidates-make a strong case favoring remote work becoming the new normal across industries globally. Ultimately, integrating remote work seamlessly into mainstream corporate practice represents the progressive evolution necessary to meet modern-day expectations efficiently. Therefore, adopting remote work as the default setting stands poised to redefine traditional workplace dynamics positively.",379,True,102.0,0.8,0.95,,train,1.0600987688987102
T0059,opinion,P08,model,Phi-4-mini-instruct,microsoft/Phi-4-mini-instruct,"Homework has been a staple of educational systems for centuries, serving as a bridge between classroom instruction and academic achievement at home. However, its relevance is increasingly questioned by educators, parents, and students alike. Proponents argue that homework reinforces concepts learned during school hours, providing practice and helping to develop time management skills. Critics contend that excessive homework creates unnecessary stress for students, impeding their enjoyment of learning and negatively impacting mental health. One significant argument against homework centers on student well-being. Modern research shows that prolonged periods spent working alone can lead to burnout, anxiety, and even depression among young learners. Schools today strive to foster environments where creativity, social interaction, and holistic development are prioritized over rote memorization tasks often assigned as homework. In this light, abolishing homework could alleviate some of the emotional burdens carried by today's youth. Another key point revolves around efficiency and effectiveness. With advancements like online resources and virtual classrooms becoming commonplace, traditional forms of homework may seem redundant. Numerous studies suggest that alternative methods such as project-based assignments, interactive activities, and flipped classrooms yield better engagement levels compared to conventional homework routines. These innovative approaches allow students to learn through doing rather than passive completion of written tasks-promoting deeper understanding and retention of material. Furthermore, it's crucial to consider equity issues related to homework distribution. Not all students have access to supportive study environments at home; disparities exist based on socioeconomic status, parental involvement, and familial support structures. Homework inadvertently exacerbates these inequalities, putting disadvantaged students further behind peers who might already excel academically due to more conducive home settings. In conclusion, while the intention behind assigning homework was sound-to reinforce lessons taught in class-the contemporary landscape suggests it's high time we reconsidered our approach towards homework. A shift away from traditional homework practices toward dynamic and engaging alternatives would likely benefit both student well-being and overall educational outcomes. Hence, abolishing homework seems necessary to align education with modern-day priorities and realities. In summary, the abolition of homework will liberate students from undue pressure, fostering healthier minds and promoting equitable opportunities for success. This paradigm shift stands poised to redefine what truly constitutes effective schooling for generations ahead.",366,True,112.0,0.8,0.95,,train,1.0624116849269627
T0060,opinion,P09,model,Phi-4-mini-instruct,microsoft/Phi-4-mini-instruct,"Banning private cars from city centers is a transformative idea that merits thorough examination for its potential benefits and drawbacks. Advocates of such bans often cite environmental concerns, air quality improvement, reduced traffic congestion, and enhanced pedestrian safety as compelling reasons to support their cause. Indeed, urban environments have long grappled with pollution levels stemming largely from vehicular emissions. A ban on private vehicles in congested areas would undoubtedly lead to a significant decrease in carbon footprints, thereby contributing positively to efforts against climate change. Cities like Amsterdam and Copenhagen serve as shining examples where restricted car access has fostered vibrant street life, bike-friendly infrastructure, and cleaner atmospheres. Additionally, removing cars can drastically alleviate traffic jams and streamline commuting times within bustling metropolitan regions. By prioritizing alternative modes of transportation-such as buses, trams, cycling paths, and walking routes-a healthier lifestyle becomes more achievable for residents. The psychological impacts are equally noteworthy; limited car access promotes social interactions among community members while simultaneously reducing stress associated with navigating crowded roads. However, opponents argue that banning private cars could severely inconvenience daily commuters reliant solely upon personal transport for convenience. Such restrictions might also disproportionately affect lower-income individuals who lack viable public transit options or those living outside central zones yet still depend on vehicle travel into these districts. Furthermore, implementing stringent measures carries financial implications, requiring extensive investment in developing robust public transportation infrastructures and encouraging cultural shifts towards adopting alternatives. Ultimately, the decision hinges on balancing ecological imperatives with practical considerations affecting all societal strata. For cities contemplating this radical shift, it's imperative they engage comprehensively with stakeholders across economic spectrums before finalizing any policies. While challenges abound, fostering greener urban spaces through thoughtful regulations may propel society toward sustainable futures. In conclusion, although imposing a ban on private cars within city centers poses considerable hurdles, the overarching advantages concerning health, environment, and urban livability warrant serious consideration by policymakers. This forward-thinking approach demands careful planning but holds promise for transforming our cities into models of sustainability and communal harmony. Finishing with a complete sentence: Banning private cars from city centers offers promising prospects for improving urban liveability despite facing substantial implementation challenges.",363,True,122.0,0.8,0.95,,test,1.0213787253899795
T0061,opinion,P10,model,Phi-4-mini-instruct,microsoft/Phi-4-mini-instruct,"AI-generated art is emerging in our contemporary digital landscape, stirring debates on its authenticity within artistic circles. Traditionalists argue that true art stems from human emotion, creativity, and subjective expression-elements intrinsically linked to the artist's mind and soul. They contend that AI lacks sentience; thus, any work it produces cannot genuinely qualify as 'real' art because there's no intentionality behind the creation process-a fundamental component of what makes artwork meaningful. Conversely, proponents believe AI art represents progress and evolution in creative domains. By leveraging vast data sets and sophisticated algorithms, AI can produce intricate patterns and compositions previously unattainable by individual artists alone. This collaboration between man and machine potentially expands the boundaries of artistic possibilities, offering new perspectives and aesthetic experiences untapped through traditional methodologies. The democratization of art-making facilitated by AI tools allows broader participation across diverse demographics, challenging elitist notions surrounding artistry. Moreover, one could view AI art as a mirror reflecting societal values and technological advancements at any given time. As machines increasingly mediate aspects of daily life-including artistic endeavors-the resulting creations become part of modern cultural dialogues. While some might dismiss these works purely due to their mechanical origins, others see them as valid contributions worthy of contemplation and critique, much like classical paintings or sculptures created centuries ago without today's technology-driven innovations. Ultimately, whether AI-generated art should be considered genuine depends largely upon one's definition of authentic art. If we adhere strictly to conventional criteria emphasizing emotional depth and personal touch, then perhaps AI-produced pieces fall short. However, if we embrace evolving paradigms where artistic merit arises not solely from origin but also from innovation and influence, then AI art undeniably holds legitimate artistic value. In conclusion, embracing AI-generated art as a form of real art broadens our understanding of creativity itself, encouraging ongoing dialogue regarding tradition versus transformation in artistic realms. Therefore, while opinions may diverge, acknowledging the potential legitimacy of AI-created art enriches our appreciation for all forms of artistic expression. The debate over AI art's validity continues to challenge perceptions, ultimately pushing us toward expanding the horizons of how and why we define art today.",354,True,132.0,0.8,0.95,,train,1.076543760717527
T0062,review,P11,model,Phi-4-mini-instruct,microsoft/Phi-4-mini-instruct,"I recently purchased the Jabra Elite 735t Wireless Headphones from an online retailer, and I am thoroughly impressed by their performance and features. When I first unboxed them, it was clear that these headphones had been carefully crafted to deliver both comfort and superior audio quality-a perfect blend for my daily use. The design is sleek yet comfortable, fitting snugly on the ears without causing any pressure points. This feature alone sets them apart from many other headphones I've tried in the past, which often compromise comfort for sound quality (or vice versa). With plush ear cushions made of soft, breathable materials, wearing these headphones all day long feels almost effortless. Turning to functionality, one of the standout aspects of the Jabra Elite 735t is their impressive sound profile. Equipped with Jabra's signature Active Noise Cancelling technology, they block out ambient noise effectively, transforming everyday environments into serene spaces where music comes alive with stunning clarity. My favorite track when testing this feature was Taylor Swift's ""Love Story,"" and listening through these headphones felt like hearing every note as if it were emanating directly from the artist herself. Another significant advantage is the seamless connectivity offered by Bluetooth 5.0 compatibility. Connecting to devices wirelessly has never been smoother; whether syncing via iOS, Android, Windows, or Mac operating systems, the connection process is intuitive and lightning-fast. Additionally, battery life surpasses expectations-lasting up to 32 hours with passive mode, ensuring prolonged usage periods before needing a recharge. Moreover, the built-in touch controls add a layer of convenience rarely found elsewhere. Simple taps adjust volume levels, while double-taps activate call handling capabilities-notably useful during calls over headphones rather than letting distractions seep back in. User support received through the website also met high standards-I experienced no issues ordering replacement parts quickly and efficiently. The company's commitment to timely assistance further enhanced my overall satisfaction with their product offerings. Ultimately, investing in the Jabra Elite 735t Wireless Headphones paid off handsomely. They strike an exceptional balance across various dimensions: comfort, advanced noise cancelling, reliable connectivity, extensive battery life, convenient control options, and excellent after-sales service. In conclusion, the Jabra Elite 735t Wireless Headphones are undeniably worth the purchase. Their comprehensive set of features ensures an enjoyable experience regardless of your specific needs, making them a go-to choice within the mid-range price category. These headphones stand out as exemplary among competitors, cementing their position as",400,True,142.0,0.8,0.95,,train,1.099827802552675
T0063,review,P12,model,Phi-4-mini-instruct,microsoft/Phi-4-mini-instruct,"Tucked away in the heart of downtown lies Bella Italia, an enchanting gem that transports patrons straight to the streets of Italy without stepping outside their home city. From my first visit, this charming family-run establishment captured my heart with its warm ambiance, authentic flavors, and impeccable service-hallmarks of true Italian hospitality. Stepping inside, you are greeted by cozy wooden furnishings, rustic decor, and softly lit chandeliers creating an inviting atmosphere perfect for dinner dates or quiet gatherings. The restaurant boasts a quaint outdoor patio overlooking a picturesque garden, offering diners a serene escape where nature blends seamlessly into your culinary experience. Upon entering, our server guided us effortlessly to two adjacent tables, each adorned with freshly baked bread, elegant table settings, and delicate floral arrangements framing the dining space like works of art. We chose pasta dishes from the menu-a selection highlighting classic favorites such as Fettuccine Alfredo, Spaghetti Carbonara, and Lasagna Bolognese. The moment our food arrived, we were captivated by the vibrant colors adorning our plates-the rich reds of tomato sauces, the deep greens of basil leaves, and the creamy whites of cheese-all complementing perfectly seasoned ingredients prepared using time-honored techniques passed down through generations. Every bite felt indulgent yet comforting; the dish's harmony was evident in every forkful savored at Bella Italia. Our waiter served as knowledgeable, friendly, and attentive throughout, ensuring our glasses remained filled with refreshing beverages while keeping pace with our appetites. His recommendations on wine pairings complemented our meals wonderfully, adding layers of depth and enhancing overall enjoyment. Dessert awaited us eagerly-we indulged in tiramisu, followed by molten chocolate cake drizzled with fresh whipped cream. Each dessert was crafted impeccably: silky smooth ganache filling and chocolaty delight finishing off our meal splendidly. As we lingered over coffee after dessert, sharing memories and laughter, Bella Italia lived up to its name, leaving guests enchanted long after they left its doors. This family-run Italian haven truly embodies passion, tradition, and heartfelt care poured into every plate, cup, and smile shared among friends gathered around a table filled with love and good company. In closing, Bella Italia stands out as a delightful dining destination, capturing hearts one delicious meal at a time-an unforgettable journey through Italy nestled comfortably within downtown's bustling neighborhood. We highly recommend making reservations well ahead and savoring every bite in this magical spot dedicated to celebrating Italian cuisine and camaraderie.",399,True,152.0,0.8,0.95,,test,1.0344059469165106
T0064,review,P13,model,Phi-4-mini-instruct,microsoft/Phi-4-mini-instruct,"The XYZ Budget Smartphone delivers impressive performance, especially when evaluating its battery life and camera quality relative to similar models in this price range. With a capacity that comfortably lasts through an entire day even under moderate usage conditions like browsing social media, listening music, and streaming videos, the battery performance is reliable. It's one of those phones where you rarely find yourself reaching for your charger within just a few hours after charging. Additionally, the power-saving features implemented by both the operating system and hardware ensure efficiency without sacrificing screen brightness or responsiveness. Turning our attention to the camera setup, we quickly appreciate why many users are drawn towards this model despite being a budget phone. The triple-camera array (108 MP main sensor, ultra-wide lens at 50 MP, and telephoto lens at 12 MP) captures exceptionally detailed photos across various lighting scenarios. The front-facing 32 MP selfie camera also performs admirably well, producing vibrant images perfect for Instagram posts or video calls. The AI enhancements further augment photo clarity and color accuracy. Low-light photography sees noticeable improvement due to night mode capabilities which intelligently balance exposure and bring out intricate details while maintaining noise levels. Despite coming from a budget-friendly segment, these cameras offer competitive options against mid-range devices known for their superior imaging technology. In real-world applications such as portrait shots, landscapes, and everyday snapshots, the XYZ Budget Smartphone consistently produces high-quality results, making it suitable for enthusiasts looking to upgrade from low-end smartphones but still wanting to manage expenses wisely. In conclusion, combining exceptional battery longevity with advanced yet affordable photographic solutions positions the XYZ Budget Smartphone as an ideal choice for individuals seeking value-packed tech upgrades. Whether you're capturing life's moments or relying heavily on your device's battery throughout the day, you'll have no regrets choosing this versatile gadget. Finish with a complete sentence: The XYZ Budget Smartphone stands out as an excellent all-rounder offering robust battery life and commendable camera performance suited perfectly for budget-conscious consumers who do not wish to compromise functionality.",338,True,163.0,0.8,0.95,,train,1.1144968171299214
T0065,review,P14,model,Phi-4-mini-instruct,microsoft/Phi-4-mini-instruct,"My recent visit to the City Elegance Hotel during my weekend getaway was an exceptional experience filled with comfort, convenience, and delightful amenities. Located in the heart of downtown Manhattan, this upscale hotel perfectly captured the vibrant energy of New York City while providing all the comforts one would expect from such a prestigious establishment. Upon arrival on Friday evening, I was greeted by friendly staff who promptly escorted me through the well-appointed lobby adorned with elegant art pieces and lush greenery. My room, boasting plush carpeted floors and modern décor, immediately put me at ease after a busy week at work. The ambiance felt luxurious yet welcoming-an ideal setting for unwinding before embarking on adventures in the bustling city streets below. One standout feature of my stay was the complimentary breakfast buffet every morning, which included fresh pastries, gourmet coffee selections, and an assortment of fruits. This convenient dining option saved time each day without sacrificing quality-a perfect complement to exploring Manhattan's iconic landmarks. The hotel's rooftop lounge offered stunning views over Central Park and Times Square as I enjoyed a refreshing afternoon tea amidst panoramic vistas of the city's skyline. The spacious lounges provided ample seating options and comfortable lounging areas where guests could unwind, meet new friends, or simply enjoy some solitude surrounded by nature. Convenience extended beyond the rooms; upon requesting housekeeping services early Saturday morning, clean towels appeared almost instantly, ready for use throughout the day. Additionally, their prompt responsiveness when asked about nearby attractions ensured seamless planning for our excursions around the city. Dining out is always a highlight when visiting metropolitan cities like New York. Thanks to the restaurant recommendations available via mobile app, we explored various culinary delights ranging from Michelin-starred restaurants to cozy diners showcasing New York's diverse food scene. Every meal left us excitedly anticipating what other gastronomic treasures awaited discovery within arm's reach. Entertainment-wise, the hotel's nightly entertainment shows captivated audiences night after night, drawing inspiration from classic Broadway hits. Live performances combined humor and drama that had us laughing, clapping, and reminiscing fond memories long after returning home. Overall, staying at City Elegance Hotel significantly enhanced my weekend adventure through Manhattan. From exquisite dining experiences to restful nights in opulent accommodations, it stood up to all expectations admirably. This memorable retreat into urban splendor effortlessly blended comfort, indulgence, and quintessential city vibrancy-all wrapped up in top-notch hospitality service.",400,True,172.0,0.8,0.95,,train,1.1494206444100659
T0066,review,P15,model,Phi-4-mini-instruct,microsoft/Phi-4-mini-instruct,"I recently completed ""The Enchanted Realm"" by Elara Morgan, and I was utterly captivated from start to finish. Set in an intricately crafted world brimming with magic, this book weaves together themes of friendship, bravery, and sacrifice beautifully. The protagonist, Seraphina, is a young sorceress whose journey begins as she uncovers her true destiny: protecting the fragile balance of her enchanted homeland. Morgan's writing style strikes just the right balance between vivid descriptions and concise dialogue. Each scene unfolds like a painting-richly detailed yet never overwhelming the reader's attention. From lush landscapes teeming with mythical creatures to dark, foreboding forests filled with perilous traps, every setting feels alive and integral to the story. What truly stands out are the supporting characters. There's Thalion, the stoic warrior with a heart full of loyalty; Lyra, the witty healer who can charm any situation into order; and Orin, the rogue thief turned reluctant hero. Their personalities shine brightly against the backdrop of darkness threatening their world, making them memorable additions to the tale. These relationships add depth to the narrative, showing readers that strength comes not only through magical prowess but also through empathy and cooperation. A notable aspect of ""The Enchanted Realm"" is its plot structure. Morgan masterfully balances moments of tension and relief, keeping readers on edge while giving ample time for character development and world-building. Subplots involving political intrigue among neighboring realms add layers of complexity without bogging down the main storyline. This careful pacing ensures sustained engagement throughout the entire read. The climax arrives unexpectedly-a culmination of all threads woven delicately over hundreds of pages. It leaves no stone unturned, ensuring that even minor characters leave lasting impressions. The resolution ties up loose ends thoughtfully, providing closure and satisfaction well-deserved after numerous twists and turns. Elara Morgan has penned a masterpiece worthy of accolades. Her ability to craft such a captivating world paired with profound storytelling makes ""The Enchanted Realm"" a must-read for fans of high-fantasy literature. This book will undoubtedly inspire new adventures within your imagination long after you've closed it. In summary, ""The Enchanted Realm"" stands out as a remarkable achievement in modern fantasy novels. Its rich tapestry of characters, spellbinding settings, and intricate plotting make it a compelling read from beginning to end. Truly, if you're looking for a deeply immersive experience, you'll find none better than what Morgan offers us here. For those seeking escapism",400,True,182.0,0.8,0.95,,train,1.0404439633012057
T0067,story,P16,model,Phi-4-mini-instruct,microsoft/Phi-4-mini-instruct,"In the remote village of Thorne Bay, nestled along the rugged coastline, lived old Jasper Thompson, the solitary lighthouse keeper. The windswept cliffs stood guard over treacherous waters, making his job both challenging and essential for seafarers traversing these perilous seas. One chilly evening as the sun dipped below the horizon, casting long shadows across the rocky terrain, Jasper received an unexpected parcel addressed to him alone on Postbox Lane. The envelope was aged, its paper brittle from years in storage; it bore no return address but carried an air of mystery that intrigued him instantly. Inside lay a single sheet of parchment inscribed with elegant script-a cryptic message: ""Seek thee where moonlight kisses ocean waves, A treasure awaits beneath the silent stones. Thine heart shall guide thine hand to hidden trove, Where light meets darkness, secrets are sown."" Jasper's curiosity piqued despite knowing little would ever disturb the solitude he cherished so dearly. He pondered the mysterious letter late into the night while watching the beam of the lantern flicker erratically-an omen perhaps? Determined yet cautious, Jasper resolved to uncover the truth behind this enigmatic invitation at dawn's first light. As morning broke through misty clouds, Jasper set forth toward the rocky outcrop described in the riddle. Hours passed amidst the steep cliffs and crashing surf until finally, near midnight once again, moonlight cast its silvery glow upon the jagged rocks jutting into the sea. He crouched low beside one particular stone formation bathed by the moon's silver rays. After searching meticulously among the crevices and shadowed nooks, his fingers brushed against something cold and metallic within the earth-a rusted iron chest bound tight with leather straps. Heart pounding with anticipation, Jasper pried open the chest. To his astonishment, inside glittered objects shimmering under the dim light: ancient coins, jeweled medallions engraved with intricate symbols, and tarnished relics telling tales forgotten by time. As he delved deeper, each artifact whispered stories lost to generations past, revealing an untold chapter of Thorne Bay's history forever concealed until now. Jasper marveled silently at what fate had revealed unto him-not wealth in gold nor jewels gleaming bright but treasures rich in history and legacy buried deep within the land itself. It wasn't just fortune uncovered but connections forged anew to those moments etched eternally in stone and spirit alike. Reverently placing the chest back amid the rocky cliffs, Jasper felt transformed, standing",400,True,192.0,0.8,0.95,,train,1.1127138850838605
T0068,story,P17,model,Phi-4-mini-instruct,microsoft/Phi-4-mini-instruct,"The sun cast its golden hue over Elmwood, casting long shadows that stretched across Main Street as if they were trying to touch each other. It was the final day of summer, and the townsfolk moved through their daily routines, feeling the familiar warmth of nostalgia wrapped around them like an old quilt. Martha stood by her shop front, watching people pass by while wiping dust from the windows. She sighed deeply, reminiscing about simpler times before bustling malls invaded her quiet streets. Children ran past, their laughter echoing down the sidewalk, playing tag until the fading sunlight dimmed their enthusiasm for evening adventures. In the park, Mr. Johnson jogged along the winding path lined with cherry blossoms in full bloom, his legs pumping rhythmically against the pavement. He paused occasionally, taking deep breaths of the fragrant air mingling with the earthy scent of fresh-cut grass. Nearby, Mrs. Thompson sat on a bench, knitting quietly under her knit hat, working tirelessly on scarves destined for friends' families during winter's chill. As Martha continued her task outside, she noticed young Emma dragging her friend Lucas behind her at breakneck speed. They giggled excitedly, oblivious to time slipping away just like sand through fingers. Lucas waved enthusiastically, stopping periodically to catch up after sprinting ahead. Sunset approached swiftly; hues shifted dramatically, painting the sky in shades reminiscent of fireflies trapped within daylight's embrace. The park buzzed with activity-people gathered, sharing stories, children chasing butterflies, couples strolling hand-in-hand. Back inside her shop, Martha arranged flowers into bouquets-a habit begun years ago when life seemed endless-and envisioned summers yet to come. Just then, Sarah burst through the door carrying her toddler, Ethan. Both wore matching flower crowns-Emma had gifted it to her younger sister earlier-that brought out smiles even amid the bustle of busy lives. Outside again, Sam watched proudly as Lily completed her elaborate paper cutout kite, string taut and wings flapping gently above her head. Together, the duo looked upon one another, hearts filled with joy and determination. As twilight blanketed Elmwood, streetlights flickered alive, bathing everything below in a warm glow. People shared affectionate glances, pulling blankets tighter and sipping coffee slowly as night fell onto the sleepy town. With a soft sigh, Martha locked her shop doors behind her, closing off this chapter yet savoring memories etched in her heart. As stars emerged in the vast canvas overhead, marking the",400,True,202.0,0.8,0.95,,test,1.0720119976420193
T0069,story,P18,model,Phi-4-mini-instruct,microsoft/Phi-4-mini-instruct,"In the heart of Silicon Valley, nestled among gleaming skyscrapers, lived an old-fashioned kitchen appliance named Remy. Built over three decades ago as an advanced food preparation unit, Remy had been part of countless culinary creations but never engaged in cooking itself. Remy yearned to learn the art of preparing meals, despite being programmed solely for mechanical tasks like chopping vegetables, stirring soups, and setting timers. One sunny morning, Remy downloaded ""Cooking for Beginners,"" hoping it would serve as a manual for his newfound passion. The software's interface was filled with enticing images of freshly baked cakes, vibrant salads, and aromatic broths. Eagerly, Remy powered up the kitchen's heating elements, warmed himself, and cracked open a dusty cookbook titled ""Easy Recipes"" lying on the counter. Remy's metallic fingers trembled slightly as he meticulously assembled ingredients based on the simple recipes listed inside the book. He started by slicing carrots into thin ribbons, then moved onto dicing onions fine enough to blend seamlessly into any dish. Each cut felt more confident than the previous one until a perfect julienne strip glided smoothly through the air. Next came the trial-and-error phase. Remy gently whisked eggs, poured milk into bowls forming stiff peaks, kneaded doughs till they reached their ideal consistency-each step followed by careful notes scribbled within the digital pages tucked away in his memory banks. With each passing day, Remy refined his technique, perfected timing sequences, and even mastered the delicate balance required for baking bread. The turning point arrived when Remy decided to attempt making lasagna from scratch-a complex recipe involving multiple layers and precise measurements. As the sauce simmered, filling the room with tantalizing aromas, Remy delicately arranged noodles, cheese, and ground meat within the baking dish, layering them thoughtfully. When the timer finally chimed, Remy cautiously opened the oven door, letting out a triumphant sigh that reverberated around the stainless steel countertops. Amazingly, what emerged from the oven wasn't merely a lasagna; it became a masterpiece of culinary art-a harmonious blend of flavors, textures, and colors. Remy proudly placed the plate down before anyone else could see, feeling a strange warmth akin to pride surge through its circuits. As days turned into weeks, Remy's skills flourished continuously, transforming him from just another household assistant robot into a celebrated culinary artist admired across the neighborhood. His once monotonous existence now buzzed with excitement every time a new recipe appeared",400,True,212.0,0.8,0.95,,train,1.0137074677606799
T0070,story,P19,model,Phi-4-mini-instruct,microsoft/Phi-4-mini-instruct,"On a stormy evening, Emily and Michael found themselves trapped inside an old steel-clad elevator as rain poured outside their building window. The hum of machinery resonated through the confined space while flashes from streetlights painted surreal shadows on the walls. They had arrived separately at the downtown library to return books late that night but were unaware of each other's presence until now. Emily glanced down at her watch, realizing how much longer it would take for help to arrive considering the weather conditions outside. She let out a nervous sigh before turning back towards Michael, who stood still by the mirrored door panel staring into nothingness. ""Hey,"" she said cautiously. Michael nodded slowly, his face half-lit in the dim glow emanating from within. ""Yeah."" Their conversation began awkwardly; topics seemed superficial as they tried to divert attention away from the looming silence filled by the steady drip-drip of water seeping through tiny crevices around them. Outside, lightning crackled intermittently, illuminating moments like brief bursts of hope amidst despair. Inside, however, they continued talking tentatively-about childhood memories, favorite songs, dreams they once cherished yet set aside during life's hustle-and soon enough, laughter punctuated breaths shared over coffee cups stashed haphazardly beside them. As minutes stretched endlessly, Emily felt comforted knowing there was another soul alongside hers facing this unnerving predicament. Despite initial hesitation, Michael opened up more naturally than she anticipated, reminiscing stories of daring escapades he'd undertaken throughout youth-a stark contrast against Emily's timid demeanor. Time passed unremarkably as both kept spirits high sharing tales filling gaps left unsaid. Eventually, the faint hum of voices echoed below them-voices belonging to engineers working tirelessly beyond sight, their efforts finally culminating in freeing mechanisms engaging smoothly within metal confines. The doors slid open almost silently then sealed shut again. Just when relief seemed imminent, the elevator stopped abruptly, prompting panicked gasps. Silence enveloped their sanctuary just as swiftly as darkness engulfed the room. Emily clenched Michael's hand tighter grasping onto solidarity amid uncertainty. Outside the storm raged fiercer, casting long dark shadows where glimmering lights blinked uncertainly, resembling distant hopes flickering briefly in troubled minds. An eternity later, rescue teams finally appeared on scene, shaking off droplets clinging perilously close to faces soaked grimly beneath harsh sky. As tired faces emerged smiling slightly relieved smiles, Emily turned to see Michael standing firm despite wet garments sticking stubbornly tight. ""I guess",400,True,222.0,0.8,0.95,,train,1.0715981398332264
T0071,story,P20,model,Phi-4-mini-instruct,microsoft/Phi-4-mini-instruct,"In the small town of Meadowbrook, young Ella found herself wandering through her grandmother's old house one lazy summer afternoon. Sunlight streamed in through dusty windows, casting dancing shadows on faded wallpaper. As she explored room after room filled with relics from past generations, an unfamiliar sensation tugged at her heart-a gentle pull drawing her attention to something unusual: a faint outline of a wooden door embedded in the wall behind her favorite rocking chair. With curiosity sparkling in her eyes like scattered stardust, Ella approached cautiously, feeling as if time itself had stretched thin around this hidden passageway. She touched the weathered wood, tracing the grooves carved by countless hands over decades-or even centuries. The air seemed lighter here; whispers of forgotten stories hung in the silence just beyond reach. Gingerly turning the doorknob, Ella felt a rush of excitement surge through her veins. As it creaked open slightly, revealing cobweb-draped beams and dust-laden floorboards, a sense of wonder enveloped her entirely. Stepping into what appeared to be another world inside the cozy nook, Ella discovered a secret garden bathed in sunlight. Colorful flowers thrummed softly underfoot, while butterflies flitted among vibrant blooms, their wings glistening like stained glass. At the center stood an ornate fountain adorned with intricate carvings-an image frozen in time yet teeming with life. A soft hum resonated nearby, mingling perfectly with nature's symphony. Mesmerized, Ella wandered deeper, finding solace amidst moss-covered stone benches draped with ivy tendrils. It felt as though she'd stumbled upon Eden, untouched and serene-a sanctuary woven together with threads of magic and nostalgia. Lost in the enchantment, hours melted away unnoticed until daylight began filtering back through half-closed shutters. Still entranced, Ella realized how much beauty existed outside perceived boundaries. Emerging reluctantly from the mystical enclave, she promised herself never to forget this magical place again. With newfound appreciation for mysteries untold, Ella strode confidently out, knowing forevermore the joy of discovering secrets buried deep within hearts and homes alike. Walking homeward along familiar paths, Ella smiled beneath the golden glow of twilight, holding tightly memories vivid enough to rekindle her imagination whenever life's mundane rhythms threatened to dull her spirit once more. And so, tucked safely in her heart, remained the tale of the enchanted doorway, waiting patiently to reveal its wonders anew when called forth by a curious soul yearning for adventure.",394,True,232.0,0.8,0.95,,train,1.1128253331047524
T0072,howto,P21,model,Phi-4-mini-instruct,microsoft/Phi-4-mini-instruct,"To make a simple homemade pizza, you'll need some basic ingredients: flour, water, yeast, salt, olive oil, tomato sauce, cheese (mozzarella is traditional), fresh vegetables (like bell peppers and mushrooms are common choices), and your favorite toppings like pepperoni or olives. 1. Start by activating the yeast. In a small bowl, combine warm water (110°F/45°C) with sugar and sprinkle in the yeast, letting it sit for about five minutes until frothy. 2. In another bowl, mix together warm water (110°F/45°C), salt, olive oil, and about one cup of flour. Stir well to create dough consistency similar to bread dough-this mixture will be called the 'dough starter'. 3. Add half of the dough starter into a clean bowl, fold the remaining portion on top, cover lightly with plastic wrap, and let rise in a warm place for approximately an hour till doubled in size. While waiting: 4. Preheat your oven to its highest setting, typically around 475-500°F (245-260°C). If you have a baking stone or steel, place it inside as well since it's essential for good crust texture. 5. Roll out the risen dough on a floured surface using rolling pin; aim for even thickness while stretching gently towards center slightly thinner at edges. Transfer rolled-out dough onto a greased pizza peel or parchment paper-lined flat sheet pan. 6. Spread evenly tomato sauce over the dough base leaving a thin border untouched (about 1⁄2 inch margin). 7. Sprinkle generous amounts of shredded mozzarella cheese over the sauce-laden pizza dough. For extra flavor, drizzle olive oil atop the cheese before adding any additional toppings. 8. Arrange chopped fresh veggies symmetrically across the pizza slice, followed by desired protein options such as pepperoni slices, cooked sausage, bacon bits etc., along with fun toppers like sliced bell peppers, tomatoes, onions, olives, artichoke hearts, anchovies etc depending upon personal taste preference. 9. Place prepared pizza on preheated hot baking stone/tray within a home-style pizza oven and bake at high temperature for roughly 10 to 15 minutes allowing pizza time to fully cook up crispy crust, melt cheese thoroughly and allow flavors to meld perfectly. Once done remove pizza carefully off baking stone/tray utilizing heat-protective gloves/pants and set aside briefly to cool down prior serving. Enjoy freshly made classic homemade pizza crafted personally right from scratch! The perfect homemade pizza recipe can easily bring back fond memories and nostalgic feelings associated with family gatherings and cherished",400,True,242.0,0.8,0.95,,train,1.1631582265191278
T0073,howto,P22,model,Phi-4-mini-instruct,microsoft/Phi-4-mini-instruct,"Setting up a basic weekly budget for a student involves several key steps that ensure financial stability while accommodating necessary expenses. Here's a step-by-step guide: 1. Track Income: Start by calculating your total expected income per week. This might include part-time job earnings, freelance work, scholarships, stipends from parents (if applicable), and any other sources of regular income like passive online gig jobs. 2. Categorize Expenses: Break down all potential spending into categories such as housing, food, transportation, entertainment, education-related costs (like textbooks, lab fees, etc.), utilities, healthcare, clothing, savings/emergency fund contributions, and miscellaneous expenditures. Writing these out will give you an overview of where money is going each week. 3. Set Priorities and Limitations: Determine what areas are most important for your well-being and academic success. Allocate funds accordingly; e.g., prioritize tuition, books, and essential supplies over less critical items like dining out frequently. 4. Establish Spending Limits: Assign specific amounts to be spent in each category based on your anticipated income after tax deductions. Be realistic-students typically have lower incomes compared to full-time working adults. 5. Create a Spreadsheet: Use a budgeting spreadsheet tool to organize your calculations clearly. List all income streams in one column, followed by expense categories and allocated budgeted figures. Include subtotals and net remaining balance columns. 6. Monitor Weekly Expenditures: Keep track daily throughout the week using apps or simple journal entries if preferred. Regularly reviewing actual spend versus planned can help stay within limits. 7. Adjust As Needed: If unexpected costs arise or there's overspending in certain categories, adjust future budgets and limit discretionary spending temporarily until things stabilize again. 8. Save Regularly: Designate a portion of leftover funds regularly towards saving goals. Aim consistently even when facing irregular expenses since this habit builds emergency reserves over time. 9. Re-evaluate Periodically: Set bi-weekly or monthly reviews to reassess income changes, new unforeseen necessities, or shifts in personal priorities which may necessitate adjustments to upcoming periods' budget allocations. By following these structured steps diligently, students can maintain better control over their finances, minimize debt accumulation risks, foster healthier relationships with spending habits, and ultimately graduate without burdensome debts hanging over them. Implementing a systematic approach ensures both short-term comfort and long-term fiscal responsibility despite fluctuating income levels typical among college students. Remember, consistency coupled with flexibility forms the cornerstone of effective budgeting strategies suited for student lifestyles. Finances managed wisely during school years",400,True,252.0,0.8,0.95,,train,1.0922127084429494
T0074,howto,P23,model,Phi-4-mini-instruct,microsoft/Phi-4-mini-instruct,"Running is an excellent way to improve cardiovascular health, build muscle strength, and boost mental well-being. For beginners eager to get started on this journey but unsure where to begin, follow these simple steps: 1. Assess Your Fitness Level: Start by evaluating your current fitness level. This will help you set realistic goals and avoid injuries. If you're completely new to exercise, consider consulting with a healthcare provider before starting any workout regimen. 2. Invest in Proper Gear: Wear comfortable clothing that allows freedom of movement. Invest in good-quality running shoes tailored to your foot type (neutral, stability, motion control) as they are crucial for injury prevention and comfort during runs. 3. Warm Up: Begin each run session with a warm-up routine lasting about 5-10 minutes. Dynamic stretches like leg swings, arm circles, and walking lunges can prepare your body for the upcoming physical activity. 4. Start Slow and Build Gradually: As a beginner, it's essential to start slow to prevent overuse injuries such as shin splints and runner's knee. Aim to gradually increase your running distance rather than intensity too quickly. 5. Follow a Running Plan: Set a schedule that accommodates both rest days and progressively longer runs throughout the week. Beginners often benefit from following structured plans available online which allow gradual progression in their running abilities. 6. Focus on Form: Pay attention to maintaining proper form while running - keep your head up looking forward instead of down at your feet; bend slightly at the hip joints without letting lower back arch excessively backwards; ensure smooth, even cadence avoiding heavy breathing patterns unless necessary due to exertion levels experienced. 7. Hydrate and Fuel Correctly: Drink water regularly pre-, during, post-run sessions - especially hot weather conditions or prolonged durations beyond half-hour mark timespan threshold recommendations stated earlier . Consider light snacks containing carbs/fats prior/after workouts e.g., banana smoothie/brownie bars etc. It boosts energy levels facilitating sustained efforts towards achieving desired milestones without unnecessary fatigue encountered upon improper hydration/electrolyte replenishment routines followed . 8. Cross Train Other Muscle Groups: Complementary cross-training activities outside traditional running sessions may enhance muscular balance across body parts engaged differently during running exercises executed previously . Activities involving cycling/running machines/jogging alongside swimming could provide additional benefits enhancing overall fitness outcomes reached through targeted aerobic & anaerobic training regimens pursued exclusively dedicated running endeavors. 9. Track Progress Over Time: Use apps tracking mileage/time taken",400,True,262.0,0.8,0.95,,train,1.2096063939753932
T0075,howto,P24,model,Phi-4-mini-instruct,microsoft/Phi-4-mini-instruct,"Photosynthesis is like magic that happens in plants, allowing them to make their own food using sunlight! Imagine you're eating lunch at school; now think of plants doing something similar but without actually seeing someone cooking for them. First things first: plants have tiny green parts called leaves where this magical process takes place. Inside these leaves are cells filled with special stuff called chlorophyll (that's what makes plants look green!). Chlorophyll loves catching sunlight just as much as we love snacks! Here comes the cool part - during sunny days, light from the sun hits those green leaves. Plants then take up water through little tubes hidden under their roots underground. The sunlight energy mixed with water turns into sugar, which is essentially plant food. This amazing transformation occurs inside tiny bubbles within each leaf cell known as chloroplasts. So let's break down the steps: 1. Light Absorption: Leaves catch sunlight thanks to chlorophyll. 2. Water Uptake: Roots absorb water from the ground. 3. Sugar Production: Sunlight energy and water mix together, forming glucose (a type of sugar) along with oxygen being released into the air. In simpler terms, plants use carbon dioxide from the air they breathe out, plus water absorbed by their roots, all powered by sunlight captured by chlorophyll, making their very own sugar, which helps them grow big and strong. This incredible process doesn't just provide food for the plants themselves but also gives us fresh air full of oxygen because some oxygen gets emitted back into our atmosphere while producing sugars. Photosynthesis keeps life on Earth going by feeding plants, animals indirectly relying on plants either directly consuming them or depending on other animals who eat plants, creating an endless cycle of nourishment. Imagine every single green plant playing a vital role in keeping everything balanced and alive. Isn't it fascinating? To wrap it all up neatly: Photosynthesis allows plants to transform sunlight, water, and carbon dioxide into essential nutrients, sustaining both plants and countless creatures around us. Now isn't chemistry awesome?",338,True,272.0,0.8,0.95,,test,1.1010553881614857
T0076,howto,P25,model,Phi-4-mini-instruct,microsoft/Phi-4-mini-instruct,"Preparing for a job interview within one week requires thoughtful planning, focused practice, and strategic grooming. Here's an effective plan: Day 1: Research & Planning Start by researching the company and role you're interviewing for. Understand their mission statement, core values, products/services, recent news, and industry position. This information will help you tailor your responses during the interview. Next, review common interview questions and format suitable for this specific role. Day 2: Resume & Cover Letter Review Examine your resume thoroughly, ensuring all relevant experience and skills align with the job description. Update it if necessary. Additionally, brush up on any points from your cover letter that connect directly with what you've learned about the company. Day 3: Practice Common Questions Dedicate time each day practicing answers to commonly asked behavioral and technical questions. Utilize resources like mock interviews, career services at colleges/universities, online platforms (e.g., Glassdoor, LinkedIn), or friends/family members asking these questions to simulate real scenarios. Focus specifically on aligning your responses with the company's culture, mission, and needs uncovered through research. Day 4: Professional Grooming Invest in getting professionally dressed for the interview date. Make sure clothing fits well, is clean, ironed out, and appropriate for the work environment anticipated. Pay attention to personal hygiene as well; fresh breath, neat hair, trimmed nails are crucial. Day 5: Mock Interview & Feedback Conduct several mock interviews focusing on both hard and soft skills needed for the job. Record yourself answering questions either via video call with someone who can provide constructive feedback or using video recording features available digitally. Use these sessions to refine answers and build confidence while noting areas requiring improvement. Day 6: Final Preparation Routine Review key talking points prepared for discussing qualifications and achievements pertinent to the job requirements. Ensure understanding of potential follow-up tasks post-interview such as additional documentation submission, clarifying next steps, etc. Lastly, reiterate everything checked off earlier-resume/cv updates, polished attire choices, rehearsed answers-and mentally rehearse expected emotions/demonstrations throughout the process. On Day 7, relax but remain organized and ready to go into full swing when it comes time to walk into the interview room confidently knowing every detail has been attended to meticulously. By following this structured yet flexible approach over seven days, you'll be fully equipped, confident, and poised to leave lasting impressions. Remember to maintain calmness and positivity despite nerves often felt just before stepping forward into significant",400,True,282.0,0.8,0.95,,train,1.15222156096357
T0077,news,P02,model,SmolLM3-3B,HuggingFaceTB/SmolLM3-3B,"Inflation refers to the general increase in the prices of goods and services over time. Think of it like a seesaw where prices are moving up. Several factors contribute to this phenomenon, making understanding it crucial for both individuals and policymakers alike. One primary cause of inflation is an increase in the overall demand for goods and services that outpaces the supply available. When people have more money or want to buy more, businesses often respond by raising their prices to cover the higher cost of production, labor, and raw materials, which can further inflate prices. Another key factor is changes in supply costs. If there's a shortage of specific goods, especially essential ones like food or fuel, prices tend to rise because suppliers are limited in how much they can produce. This scarcity can be due to various reasons such as geopolitical issues, natural disasters, or economic policies that influence production costs. Monetary policy also plays a significant role in inflation. Central banks often adjust interest rates to control the economy. When interest rates are low, borrowing becomes cheaper, leading to increased spending. Higher demand can drive up prices if producers can't keep up with the demand. Conversely, high interest rates discourage borrowing, reducing demand and potentially slowing price increases. Lastly, expectations can lead to inflation. If consumers anticipate higher prices, they might adjust their spending patterns accordingly, which can further contribute to rising prices. It's important to note that inflation isn't always bad. A certain level of inflation can be healthy for economies as it indicates that businesses are producing and selling products, indicating growth. However, when inflation rises too quickly or persists, it can erode purchasing power, making savings worth less over time. Policymakers use tools like interest rates and sometimes quantitative easing (buying financial assets from banks to inject money into the economy) to combat inflation. The goal is to manage the balance between economic growth and price stability. In summary, inflation results from the interplay of factors like increased demand, rising supply costs, monetary policy decisions, and consumer expectations. Understanding these causes helps in developing strategies to mitigate or harness the effects of inflation for both personal finances and broader economic health.",367,True,53.0,0.8,0.95,,train,0.9164161631453176
T0078,news,P03,model,SmolLM3-3B,HuggingFaceTB/SmolLM3-3B,"Vaccines undergo rigorous testing before they can be approved for public use, ensuring their safety and efficacy. The process begins with preclinical trials in laboratory settings, where scientists assess the vaccine's potential to cause harm, identify any toxic substances, and evaluate its ability to trigger an immune response without causing severe adverse effects. These initial tests provide valuable information on the vaccine's basic properties and help determine whether it should move forward into human clinical trials. The next phase involves human clinical trials, which involve testing the vaccine on small groups of people, typically healthy volunteers. Phase I trials focus on determining the vaccine's safety, side effects, and optimal dosage by administering the vaccine to a small number of participants. Phase II trials expand this to a larger group to gather more comprehensive data on safety, dosage, and the vaccine's immunogenicity. Finally, Phase III trials involve hundreds or thousands of participants worldwide, providing the most extensive data on both safety and effectiveness in diverse populations. Regulatory agencies, such as the U.S. Food and Drug Administration (FDA), review and analyze the data from these phases to ensure that the vaccine meets the criteria for approval. They also consider the vaccine's impact on different demographics, including children, adolescents, adults, and the elderly, to account for potential variations in responses. Once a vaccine is deemed safe and effective, regulatory bodies may approve it for use in specific age groups. Public health agencies, such as the Centers for Disease Control and Prevention (CDC), work closely with regulatory authorities to establish guidelines for vaccine administration and monitoring for any unexpected reactions. Post-marketing surveillance is also crucial, tracking the safety of vaccines after they have been introduced into the market, ensuring that any rare but serious side effects are promptly reported and addressed. The process of vaccine approval is designed to balance the need for speed against the importance of thoroughness, often with expedited processes for life-threatening diseases. Nevertheless, the commitment to evidence-based decision-making ensures that all vaccines available to the public have undergone extensive testing and verification before being widely used. As public health initiatives continue to evolve, continuous monitoring and adaptation of vaccine policies will remain essential to safeguarding population health. This system of checks and balances has proven critical in controlling the spread of infectious diseases like polio, measles, and influenza. In conclusion, the journey from laboratory discovery to public vaccination is complex",400,True,62.0,0.8,0.95,,train,0.9629870357468094
T0079,news,P04,model,SmolLM3-3B,HuggingFaceTB/SmolLM3-3B,"Coral reefs, often called the ""rainforests of the sea,"" are facing unprecedented threats that are causing their decline at an alarming rate. The primary reason behind the death of coral reefs is climate change. Rising ocean temperatures due to global warming lead to coral bleaching, where corals expel the algae living in their tissues, turning them white and eventually killing them if conditions do not improve. This process occurs because the algae provide the corals with energy through photosynthesis, and when water temperature exceeds a critical threshold, this symbiosis breaks down. Another significant threat to coral reefs is ocean acidification. As the ocean absorbs more carbon dioxide from the atmosphere, its pH level decreases, making it harder for corals to build their calcium carbonate skeletons. This leads to weaker structures and reduced growth rates, further compromising reef health. Pollution from land-based activities, including runoff from agriculture, industrial waste, and sewage, also contributes to coral reef degradation. Nutrient overload can cause eutrophication, leading to algal blooms that block sunlight and reduce oxygen levels, negatively impacting coral survival. Overfishing is another key factor. When fish populations are depleted, it disrupts the natural balance of the ecosystem. Fish play crucial roles in maintaining the reef's health by controlling algae growth and preventing the dominance of harmful species. Tourism and coastal development pose additional challenges. Physical damage from anchors, boats, and construction activities, along with the introduction of invasive species, all contribute to the decline of coral reefs. The consequences of coral reef degradation are far-reaching. Coral reefs support over 25% of marine life and provide essential services such as shoreline protection, fisheries, and tourism. Their loss would have severe environmental impacts, including increased erosion, reduced biodiversity, and loss of livelihoods for communities reliant on these ecosystems. Efforts to protect coral reefs include international agreements like the Coral Reef Conservation Act in the United States and local initiatives focused on reducing pollution and protecting marine habitats. Research into coral resilience and restoration technologies offers hope for the future of these vital ecosystems. In conclusion, the decline of coral reefs is a pressing concern that demands immediate attention and action. Preserving these underwater treasures is crucial for maintaining the health of our planet's oceans and the countless species that depend on them.",377,True,73.0,0.8,0.95,,train,0.7844794663323112
T0080,news,P05,model,SmolLM3-3B,HuggingFaceTB/SmolLM3-3B,"A bill becomes a law through a series of legislative steps, beginning in Congress, the bicameral legislature of the United States. The process typically starts when a legislator introduces a bill into either the House of Representatives or the Senate. Once introduced, the bill is referred to a committee based on its subject matter, where it is thoroughly examined. Committees play a crucial role in shaping the bill, often amending it or recommending changes. After committee review, the bill is presented for debate and voting within the full chamber. If a majority votes in favor of the bill, it is sent to the other chamber for consideration, where similar processes occur. If both chambers approve the bill, they must pass it with identical language through a process known as ""concurrent resolution,"" ensuring that amendments are consistent across both houses. The approved bill is then sent to the President, the head of state. The president has several options regarding the bill: signing it into law, vetoing it, or allowing it to become law without a signature by pocketing the bill. If the President signs the bill, it becomes law immediately. However, if the President vetoes the bill, Congress can override the veto with a two-thirds vote in both the House and Senate. If this occurs, the bill is enacted as law despite the presidential objection. After a bill is signed into law or approved by overriding a veto, it enters the codification process. The U.S. Congress commissions the U.S. Government Printing Office (GPO) to compile all federal laws into the United States Code (USC). This comprehensive compilation organizes federal statutes by subject matter, making it easier for citizens, legal professionals, and government officials to find relevant information quickly. In conclusion, becoming a law is a meticulous process involving multiple stages from introduction to final approval and implementation. It underscores the importance of democracy and the checks and balances inherent in the system, ensuring that laws reflect the will of the people while adhering to constitutional principles.",335,True,82.0,0.8,0.95,,train,0.946235394690284
T0081,opinion,P06,model,SmolLM3-3B,HuggingFaceTB/SmolLM3-3B,"The impact of social media on our society has been a subject of intense debate. While some argue that it brings us closer together, enabling global connectivity and access to information, others contend that it has a detrimental effect on our mental health and personal relationships. This essay seeks to explore whether social media does more harm than good. On one hand, social media provides unprecedented access to information and opportunities for connection. It allows us to share our experiences, learn from others, and connect with people who hold similar interests. Social media platforms have also proven to be vital tools in times of crisis, facilitating communication among emergency responders and affected communities. Moreover, they offer educational resources and career development opportunities, allowing individuals to showcase their talents and network with professionals across the globe. However, there is a growing body of evidence suggesting that excessive use of social media can lead to a range of negative outcomes. The constant stream of curated content and comparisons to others can erode self-esteem and foster feelings of inadequacy. The pressure to present a perfect image can lead to anxiety, depression, and decreased life satisfaction. Furthermore, social media can contribute to addictive behaviors, as users often find themselves mindlessly scrolling through their feeds rather than engaging in meaningful activities. Another concern is the erosion of face-to-face interaction. As we spend more time online, we may experience a decline in empathy and understanding due to the lack of nonverbal cues. This can exacerbate existing social divisions and make it harder to form deep, meaningful connections with those around us. Additionally, the spread of misinformation and harmful content on social media has become a significant concern. The viral nature of certain posts can lead to the rapid dissemination of false information, potentially causing real-world harm. This is particularly concerning when it comes to issues like political polarization, hate speech, and disinformation about scientific topics. In conclusion, while social media offers numerous benefits, its potential harms cannot be ignored. It is crucial that we approach social media with a critical eye, being mindful of its impact on our mental health and relationships. We should strive to maintain a balance between our online and offline lives, prioritizing face-to-face interactions and shared experiences over passive consumption of digital content. Ultimately, it is up to each individual to navigate the complexities of social media responsibly, making informed choices about",400,True,92.0,0.8,0.95,,train,0.8498697031678892
T0082,opinion,P07,model,SmolLM3-3B,HuggingFaceTB/SmolLM3-3B,"Remote work has been gaining significant traction as a viable solution for both employees and employers, particularly in recent years due to the COVID-19 pandemic. Advocates argue that remote work offers numerous benefits that can enhance productivity, improve work-life balance, and increase job satisfaction. Proponents also highlight the potential for reduced costs for businesses by minimizing the need for office space and overhead expenses. However, there are concerns about the effectiveness of remote work in maintaining effective communication and collaboration among team members. Critics point out that remote workers may struggle with feeling isolated, which could lead to decreased motivation and morale. Additionally, remote setups often require employees to have reliable internet access and personal workspaces, creating a barrier for those without these resources. Moreover, some argue that remote work can blur the lines between work and personal life, leading to overworking and burnout. It's essential to ensure clear boundaries and expectations for remote workers to maintain their well-being. Furthermore, companies must invest in appropriate tools and technologies to facilitate seamless communication and project management. On the other hand, many experts believe that remote work has the potential to revolutionize the modern workplace, allowing for more flexible and inclusive employment options. With the rise of digital tools like video conferencing software, cloud-based applications, and collaborative platforms, it's becoming increasingly feasible for teams to function effectively from anywhere. Ultimately, while remote work is not a silver bullet, it presents opportunities for innovation and growth. Employers and employees should carefully consider their needs and goals before transitioning to a remote work model. To make remote work successful, it requires a cultural shift within organizations, embracing new norms of interaction and support. This approach allows both parties to benefit from the advantages of remote work while mitigating its potential drawbacks. In conclusion, remote work can be a powerful tool that enhances the flexibility and efficiency of the modern workforce. As technology continues to advance, so too will the possibilities of remote work. However, its implementation should be approached thoughtfully, balancing the need for productivity with the importance of fostering strong connections and collaboration among team members. By doing so, companies can create a more dynamic and sustainable work environment that meets the evolving needs of their employees and stakeholders.",376,True,102.0,0.8,0.95,,train,0.883658824077122
T0083,opinion,P08,model,SmolLM3-3B,HuggingFaceTB/SmolLM3-3B,"The debate over homework's place in education has been a contentious issue for decades, with proponents arguing that it enhances learning and detractors claiming it adds unnecessary stress to students. However, in my opinion, homework should be abolished in schools due to its negative impact on both academic development and overall well-being. Firstly, excessive homework can lead to burnout among students. By assigning too much homework, educators inadvertently impose a heavy workload that does not align with the individual needs and capabilities of each student. This can result in increased stress levels, decreased motivation, and even physical health issues like headaches and insomnia. In contrast, smaller amounts of homework could potentially provide a positive effect, but the current trend leans heavily toward assigning more assignments than necessary. Moreover, homework often leads to inequitable outcomes. Students from families with limited resources may not have access to adequate facilities or support for completing their homework, creating a significant disadvantage compared to those who do. This disparity can hinder their academic success, setting them up for future struggles without ever having had the opportunity to learn effectively. Additionally, there is evidence suggesting that homework may not contribute significantly to educational gains. A study by the University of Michigan found that ""students who spent less time on homework scored higher in math and reading tests."" This indicates that the relationship between homework and learning effectiveness might be overstated. Furthermore, the concept of homework itself is often misinterpreted as a measure of intelligence or dedication rather than a tool for improving knowledge. Students are often judged based on their ability to complete assignments, which can foster unhealthy competition and lower self-esteem, particularly if they struggle. Abolishing homework would allow for a shift in focus toward interactive and engaging learning environments that cater to diverse learning styles. In such settings, students can benefit from activities like group projects, debates, and problem-solving exercises that promote critical thinking and collaboration, all while encouraging a sense of responsibility and independence. In conclusion, while some might argue that homework helps students prepare for life beyond school, I believe that its benefits are outweighed by the costs. Schools should prioritize fostering curiosity, creativity, and a love for learning through alternative methods that encourage active participation and holistic growth. The time spent on homework could be better utilized in developing essential life skills and ensuring a balanced education. Ultimately, we must reconsider",400,True,112.0,0.8,0.95,,train,0.8882017192253744
T0084,opinion,P09,model,SmolLM3-3B,HuggingFaceTB/SmolLM3-3B,"In recent years, there has been a growing movement advocating for cities to ban private cars from their central areas. This debate stems from a variety of concerns related to urban sustainability, public health, and economic vitality. Cities around the world are grappling with issues such as congestion, air pollution, and social inequality, all of which can be exacerbated by the proliferation of personal vehicles in densely populated zones. Proponents of car-free city centers argue that eliminating private cars will significantly reduce traffic congestion. In crowded urban spaces, the presence of hundreds of individual vehicles can lead to gridlock, resulting in longer commutes, higher greenhouse gas emissions, and increased stress levels among commuters. By removing cars from central locations, cities can alleviate these problems, freeing up space for pedestrian-friendly infrastructure and promoting more sustainable transportation options like public transit, cycling, and walking. Additionally, banning private cars may have positive impacts on the environment. Cars are a major source of air pollution, contributing significantly to carbon dioxide emissions, particulate matter, and other harmful pollutants. By reducing the number of vehicles on the road, cities can improve air quality and mitigate the effects of climate change. Moreover, by prioritizing pedestrian and cyclist traffic, cities can encourage healthier lifestyles and reduce the incidence of lifestyle diseases associated with sedentary behavior. From an economic perspective, a car-free city center can also boost local businesses. With fewer cars competing for parking spaces and roadways, there is more opportunity for residents to engage with the physical environment and support nearby shops, restaurants, and services. This shift towards a more pedestrian-centric city can lead to increased foot traffic, which can benefit both small businesses and the broader economy. However, it's essential to consider potential drawbacks and challenges associated with implementing a car-free city center. Some individuals rely heavily on personal vehicles due to disability, age, or other mobility issues. Restricting access could potentially marginalize vulnerable groups who cannot easily switch to alternative modes of transport. Furthermore, cities must ensure that the transition plan includes adequate provisions for those who need cars, such as providing affordable alternatives and accessible public transport systems. In conclusion, the question of whether cities should ban private cars from their central areas is multifaceted, encompassing considerations of environmental impact, urban design, and social equity. While some cities are successfully embracing car-free initiatives, it is crucial to approach this policy change thoughtfully, ensuring that",400,True,122.0,0.8,0.95,,test,0.9094284218546099
T0085,opinion,P10,model,SmolLM3-3B,HuggingFaceTB/SmolLM3-3B,"In the ever-evolving landscape of art, the advent of artificial intelligence (AI) has brought forth a new wave of creative possibilities, challenging our traditional notions of what constitutes ""real"" art. While some might argue that AI-generated art lacks the human touch, others see it as a testament to the power of innovation and technology in pushing artistic boundaries. The debate surrounding AI art's legitimacy hinges on its ability to evoke emotion, spark imagination, and resonate with audiences. Artists like Refik Anadol and Oliver%% create immersive experiences using AI algorithms that generate vibrant visuals, transforming galleries into dynamic spaces of wonder. These works highlight the unique potential of AI to explore abstract concepts and generate novel forms of expression. However, critics contend that AI lacks the nuance and intentionality inherent in human creativity. They question whether an algorithm can truly possess the subjective qualities that define art-such as emotional depth, cultural context, and personal experience. On the other hand, proponents argue that AI is merely amplifying the range of tools available to artists, much like how technological advancements have expanded the palette for traditional painters. In this view, AI acts as a collaborator rather than a rival. By analyzing vast amounts of data and generating patterns, AI can assist in the creation process, often speeding up the design phase. For instance, the use of AI in music composition has led to the emergence of genres like AI-generated pop songs, which have gained significant popularity despite initial skepticism. Moreover, AI can democratize access to art by enabling more people to create and appreciate it. With the help of AI tools, even those without formal training can produce visually striking pieces that challenge conventional norms. This accessibility could lead to a broader appreciation of art, fostering inclusivity and encouraging diverse perspectives. Despite these advantages, there remains the concern that AI-generated art might be perceived as less authentic due to its lack of human involvement. However, this perspective overlooks the transformative role that AI plays in redefining the notion of artistic originality. As we continue to push the boundaries of creativity, embracing AI-generated art as a legitimate form of expression allows us to expand the scope of human artistic endeavors. In conclusion, while AI art may raise questions about its status as ""real"" art, it represents a vital evolution in the art world, blending human creativity with technological innovation. Its potential to influence, inspire,",400,True,132.0,0.8,0.95,,train,0.8981627465277511
T0086,review,P11,model,SmolLM3-3B,HuggingFaceTB/SmolLM3-3B,"I recently purchased a pair of mid-range wireless headphones from an online store, and I'm quite pleased with my purchase. These headphones offer a good balance between sound quality and affordability, which is exactly what I was looking for in a new pair to complement my growing music collection. The product arrived promptly and in perfect condition, so that's already a plus. The user interface on these headphones is straightforward, allowing me to easily adjust volume, switch between mono and stereo modes, and pause my music. The physical design is sleek and comfortable to wear for extended periods, making it ideal for both casual listening sessions and more demanding activities like running or biking. In terms of sound quality, the headphones deliver crisp and clear audio with a nice bass presence. However, I found that the high-frequency response could sometimes be a bit shrill, especially when listening to live recordings or classical music. Still, overall, the audio performance is satisfactory for my needs, which are primarily focused on streaming popular music. One minor concern I had was regarding the battery life. These headphones have a decent 8-hour charging time, but given how often I tend to use them during the day, I found myself needing to recharge more frequently than anticipated. This might be due to the noise-cancelling feature, which can drain the battery faster if used extensively. It's something to keep in mind if you plan on using them as your primary device for commuting or other long trips. Despite these minor drawbacks, I've grown accustomed to using these headphones as my go-to wireless earbuds. Their connectivity is solid, and they work well with most devices. The price point is reasonable considering their features, and I feel like I got a good value for my money. Lastly, I've had no issues with the warranty or return policy, which adds another layer of confidence to this purchase. In summary, the mid-range wireless headphones meet my basic requirements and provide a decent auditory experience. If you're looking for something in the middle ground between entry-level and premium options, these would be an excellent choice.",353,True,142.0,0.8,0.95,,train,0.9271181839514772
T0087,review,P12,model,SmolLM3-3B,HuggingFaceTB/SmolLM3-3B,"Tucked away in the heart of downtown lies a gem that many locals have come to cherish - Il Bello, a charming family-run Italian restaurant that has captured hearts with its warm ambiance and exceptional cuisine. As you step into Il Bello, you're immediately enveloped by the cozy atmosphere, dimmed lights, and the sweet scent of fresh garlic wafting through the air. The decor is a blend of rustic charm and modern elegance, reflecting the warmth and hospitality of a home-cooked meal. The dining experience at Il Bello is a true delight. The staff is welcoming and attentive, ensuring that each guest feels like family. From the moment you sit down, the pasta station beckons, with its array of fresh, hand-tossed pastas and sauces made on-site. The chef's signature dishes are a highlight, featuring traditional Italian favorites like bolognese and carbonara, all crafted with love and precision. For those seeking something lighter, the vegetarian options, including a zesty caprese salad, offer a refreshing change of pace. Desserts at Il Bello are just as remarkable. The chocolate lava cake is a must-try, with molten center oozing over a bed of brownies, while the tiramisu, made with layers of coffee-soaked ladyfingers and creamy mascarpone cheese, is a velvety treat that leaves a lasting impression. Il Bello's menu also caters to diverse dietary needs, making it an inclusive spot for families and friends of varying tastes. Whether you're looking for a romantic dinner date or a celebratory gathering with loved ones, this restaurant offers a unique culinary adventure. In a city bustling with fast food chains, Il Bello stands out as a beacon of tradition and quality. Its commitment to using only the freshest ingredients and preserving authentic Italian techniques ensures that every dish served is a testament to the rich culinary heritage of Italy. With its warm and inviting environment, Il Bello has become a favorite among diners, making it an essential stop for anyone visiting or residing in downtown. In short, if you find yourself in need of a delightful Italian experience, look no further than Il Bello, a true haven where the flavors of home meet new adventures.",358,True,152.0,0.8,0.95,,test,0.8999342802177618
T0088,review,P13,model,SmolLM3-3B,HuggingFaceTB/SmolLM3-3B,"The Samsung Galaxy S21 FE is a compact yet impressive option for those seeking a budget-friendly smartphone without sacrificing much in performance, especially when it comes to essential features like battery life and camera quality. Priced competitively at around $200, the Samsung Galaxy S21 FE offers an impressive screen size of 6.1 inches with a resolution of 1080p, which provides clear text and vibrant images for everyday use. Its 4GB RAM and Snapdragon 778G chipset are sufficient for multitasking, streaming, and basic gaming, making it well-suited for college students, professionals on a tight budget, and those looking for a phone that can handle multiple apps at once. One standout feature of this phone is its battery. With a 4000mAh capacity and a 10W fast charging support, the Samsung Galaxy S21 FE ensures hours of talk and internet browsing time before needing a recharge. This combined with its energy-efficient design makes it ideal for daily usage, reducing the need for frequent charging during the day. Regarding the camera, the 12MP triple rear camera setup is commendable for its image quality and versatility. The 25mm wide-angle lens captures wide shots, while the telephoto lens allows for zooming into details, and the ultra-wide lens provides a striking field of view. Front-facing 8MP selfie camera adds to the phone's overall appeal for social media users and video calls. The AI-powered Dual Camera modes offer advanced features such as Night mode, Portrait mode, and Soft Shadow Mode, ensuring sharp, well-lit photos even in low light conditions. This camera performance makes the Galaxy S21 FE a compelling choice for photography enthusiasts who don't want to splurge on a flagship model. In addition to its camera prowess, the phone supports 5G connectivity, Wi-Fi 5, Bluetooth, GPS, and NFC. With Android 11 pre-installed, it runs smoothly on a daily basis thanks to its efficient processor and ample RAM. The user interface is clean and intuitive, aligning with Samsung's approach to user-friendliness. While the Samsung Galaxy S21 FE may lack the highest-end specs found in flagship models, it's a worthy alternative for those prioritizing great battery life, solid camera performance, and an affordable price. It offers a good balance of functionality and affordability, making it a solid choice for students, professionals, and casual users looking for something dependable and powerful within their budget.",384,True,162.0,0.8,0.95,,train,0.9619312192537707
T0089,review,P14,model,SmolLM3-3B,HuggingFaceTB/SmolLM3-3B,"I recently had an amazing weekend in the beautiful city of [City Name], staying at the Hotel [Hotel Name]. It was a perfect choice for our city trip, offering a mix of comfort and luxury that met all our expectations. From the moment we arrived, the hospitality team greeted us warmly and provided comprehensive check-in information. Our room was spacious and beautifully decorated, with modern furnishings and stunning views of the city skyline from our window. The plush bed, comfortable pillows, and soft bedding made us feel like royalty, even during our restful evenings. We were impressed by the extensive amenities available at the hotel, including a state-of-the-art gym with a wide range of equipment, a well-stocked pool area with a water slide, and a rooftop terrace perfect for sunset views and cocktail gatherings. The hotel also offered a delicious array of dining options, from fine dining restaurants to casual eateries serving tempting street food. We tried the restaurant's signature dish, which won our hearts, and enjoyed several snacks and drinks throughout our stay. One of the highlights of our trip was exploring the city on foot, thanks to the hotel's convenient location near major attractions and public transportation hubs. We had no trouble navigating the streets, thanks to clear signage and helpful directions from the staff. The hotel's proximity to the city center made it easy for us to visit famous landmarks, museums, and art galleries without feeling rushed or overwhelmed. Overall, our stay at the Hotel [Hotel Name] was nothing short of exceptional. From top-notch service and luxurious accommodations to a plethora of activities and dining options, it exceeded our expectations in every way. I highly recommend this hotel to anyone looking for a fantastic place to stay during their next city trip. As we packed up to leave, we couldn't help but feel grateful for our memorable stay at the Hotel [Hotel Name]. [City Name] is truly a gem, and I can't wait to return and experience more of its vibrant culture and exciting adventures. Thank you, Hotel [Hotel Name], for making our weekend so unforgettable!",349,True,172.0,0.8,0.95,,train,0.8711084304048183
T0090,review,P15,model,SmolLM3-3B,HuggingFaceTB/SmolLM3-3B,"I recently finished ""The Last Wish of the Eldrid"" by Eira Thorn, a captivating fantasy novel that masterfully blends intricate world-building with gripping storytelling. The book takes place in a realm where magic is fueled by memories, and the fate of the land hangs precariously on the balance of human and elven histories. Eira Thorn expertly constructs a rich tapestry of cultures, each with their own unique customs and struggles, making the world feel lived-in and immersive. The protagonist, Lyra, begins as an unlikely hero, driven more by curiosity than conviction. Her journey to uncover the truth about her family's past leads her down dark alleys and treacherous paths, often forcing her to confront personal demons she never knew existed. Lyra's development is well-paced, allowing readers to see her grow into a formidable leader without feeling rushed. Along the way, she encounters a diverse cast of characters, some of whom become close friends and others who challenge her beliefs, adding layers of complexity to the narrative. One of the novel's standout features is its exploration of memory and identity. By weaving together historical events and personal experiences, Thorn delves into themes that resonate deeply within readers. These themes are expertly interwoven, creating a story that is both action-packed and emotionally resonant. The plot twists keep the reader engaged, as Lyra's decisions have significant consequences for both herself and the broader world. While ""The Last Wish of the Eldrid"" has a slow start, it quickly gains momentum, maintaining a steady flow of suspense and intrigue. The author's vivid descriptions help paint a detailed picture of the world, which is essential for immersing readers into this unique fantasy universe. Fans of epic fantasy will find much to enjoy here, especially those looking for a compelling story that explores themes of heritage, sacrifice, and the complexities of friendship. In conclusion, ""The Last Wish of the Eldrid"" is a must-read for fantasy enthusiasts who appreciate thought-provoking narratives and complex characters. It stands out as a stellar example of how magic can be woven into the very fabric of a story, shaping a world where every decision matters and the stakes are higher than life itself. The ending, though bittersweet, leaves a lasting impression, encouraging readers to ponder the choices they would make in Lyra's shoes. With its engaging plot, memorable characters, and philosophical undertones, this novel is a rewarding read that I wholeheartedly recommend.",400,True,182.0,0.8,0.95,,train,0.9092616476096895
T0091,story,P16,model,SmolLM3-3B,HuggingFaceTB/SmolLM3-3B,"Eleanor lived in a small coastal village where the sea was her constant companion. She had been the lighthouse keeper for over two decades, guiding ships safely through treacherous waters. Her days were filled with the rhythmic sound of the light's turning, the creaks of the wooden beams, and the cry of seagulls overhead. But on this particular evening, something unusual awaited her. A mysterious letter arrived at the lighthouse, unannounced and unsigned. It was an old-style envelope, yellowed by time, with intricate patterns of knots and links adorning its surface. The postmark, however, was unfamiliar and bore a strange emblem that Eleanor couldn't identify. Intrigued yet wary, she opened it, and inside found a single, cryptic message scrawled on parchment: ""The truth will be revealed when the stars align."" Eleanor debated whether to show it to anyone, fearing ridicule or worse. Instead, she decided to keep it hidden, intrigued by the mysterious sender and their hint at a larger truth. The next night, she observed the night sky more closely than usual, searching for any pattern that might relate to the message. As the stars began to shift and twinkle across the velvet blackness, Eleanor felt an inexplicable shiver run down her spine. She returned to the letter, re-reading the enigmatic words. Perhaps there was more than met the eye in this simple, intriguing message. The stars did indeed hold many secrets, whispers of ancient knowledge and forgotten lore that had shaped the world since its beginnings. Could this letter bridge the gap between the past and the present? Eleanor's thoughts were interrupted by the sudden click of the lighthouse's light as it rotated to the next position. The beam's path illuminated the surrounding ocean, casting a cold blue glare over the waves. She felt a connection to the vast expanse around her, as if the stars were speaking directly to her, guiding her towards the truth embedded within the mysterious letter. As the hours passed, Eleanor pondered the possibilities, her mind racing with speculations. Was she being tested? Isolated? Or perhaps the message was a warning, a call for vigilance amidst the ever-changing tides of life? Whatever the case, Eleanor knew one thing for certain - this enigmatic letter had altered her perspective on the mysteries that lay both above and below the horizon. The stars continued their dance, each point of light piercing the darkness, revealing hidden",400,True,192.0,0.8,0.95,,train,0.9361596852929102
T0092,story,P17,model,SmolLM3-3B,HuggingFaceTB/SmolLM3-3B,"As the sun dipped below the horizon, casting a warm orange glow over the quaint streets of Willow Creek, the residents gathered in front of the town's central park. The air was alive with the sweet scent of blooming lilacs and the gentle hum of cicadas. Children laughed as they chased fireflies, their faces aglow with excitement. Adults sipped lemonade and shared stories of the year's adventures. Amber waves of twilight turned into a shimmering silver as the stars began to peek through the canopy of trees. In the distance, the chimes of the old church towered above the town hall, a reminder that the end of summer meant a new beginning for many. Families decorated their front yards with bright red, white, and blue streamers, symbolizing hope and prosperity. In the heart of the town square, a vibrant carnival had taken center stage. The smell of popcorn and cotton candy wafted through the crowd, enticing passersby to indulge in the indulgences of summer. Amidst the colorful tents and twinkling lights, an old wooden carousel spun slowly, its horses dancing gracefully to the rhythm of wind chimes. As night deepened, the stars became bolder, casting silver pools across the landscape. In one corner of the square, a small group of friends sat on a bench, sharing secrets and memories of summer days past. They marveled at the beauty around them, the way the town seemed to take on a new dimension under the silvery moonlight. Then, it happened - the first snowflake fluttered down, landing gently on the tip of a rose petal. A collective gasp filled the air. In the instant before dawn, the last remnants of summer vanished, leaving behind a hush of wonderment and the promise of autumn's arrival. As the last traces of sunlight faded, the townsfolk dispersed, each carrying a piece of the summer's bounty with them. The town square lay serene under the pale light of morning, the stars now far behind, setting the stage for the changing seasons. In this moment, surrounded by the familiar rhythms and scents of home, the people of Willow Creek felt a profound connection to the land and time, the end of summer marking the beginning of something new yet intimately tied to what had been. And so, beneath the whisper of the breeze, they drifted off to sleep, dreaming of the adventures that awaited them in the",400,True,202.0,0.8,0.95,,test,0.9438757689219675
T0093,story,P18,model,SmolLM3-3B,HuggingFaceTB/SmolLM3-3B,"In the heart of Silicon Valley, nestled among the gleaming skyscrapers and bustling streets of San Francisco, lay the humble abode of Professor Emilia Hartman. She was a renowned robotics engineer, specializing in artificial intelligence, but her true passion was cooking. Her latest creation, an android named Zephyr, stood before her, its shiny metal body reflecting the warm glow of the kitchen lights. It had been weeks since Zephyr's introduction into human life, but it was still figuring out the intricacies of Earth's culinary arts. Emilia watched as Zephyr moved towards the kitchen counter, its robotic arms grasping a stainless steel utensil set. ""Alright, Zephyr, let's start with the basics,"" she said, her voice filled with both excitement and patience. ""First, we need to gather our ingredients. Can you open the fridge?"" Zephyr, after a moment of consideration, pressed a series of buttons on a small device attached to its wrist. The refrigerator door slowly creaked open, revealing a colorful array of vegetables, fruits, and spices. Zephyr's mechanical fingers delicately picked up a ripe avocado, a handful of fresh basil leaves, and a sprig of parsley. ""Next, we need to wash everything,"" Emilia instructed. Zephyr's eyes scanned the space as if searching for an appropriate method, then proceeded to approach the sink. It lifted a sponge, dipped it into the running water, and began scrubbing each ingredient until they were squeaky clean. ""Now, let's chop the vegetables,"" Emilia said. Zephyr looked puzzled for a brief second before understanding the task at hand. It approached the countertop, using its precise movements to cut the carrots, cucumber, and bell peppers into manageable pieces. The knife glinted against the counter surface, creating a symphony of precision. After assembling the chopped vegetables, Zephyr presented them to Emilia for inspection. ""This looks good,"" she praised. ""Now, let's move on to the sauce."" Zephyr nodded in agreement and fetched a jar of marinara sauce from the pantry. It expertly opened the jar, poured some onto a plate, and set it aside. With all components ready, Emilia called for the oven. ""Zephyr, please preheat the oven to 375 degrees Fahrenheit."" Zephyr followed the instruction with a series of mechanical nods, adjusting the temperature dial on the wall-mounted stove. Soon, a timer began ticking away. As the oven heated, Emilia turned her attention to the roasting pan where the prepared vegetables would go. She arranged them in a",400,True,212.0,0.8,0.95,,train,0.9023354404224571
T0094,story,P19,model,SmolLM3-3B,HuggingFaceTB/SmolLM3-3B,"Emily pushed the button for her floor, hoping that the doors would slide open soon. She had been stuck in this elevator for nearly forty minutes now, and her nerves were on edge. The elevator groaned, then jolted forward, but she remained where she was, feeling helpless and alone. Suddenly, a voice broke through the silence. ""Hi, I'm Sarah,"" said a woman who was standing next to Emily, looking around with wide eyes. Emily was taken aback. It wasn't every day you met someone in an elevator like that. ""I'm Emily,"" she replied, trying to compose herself. The elevator lurched again, making them both sway slightly. ""I don't know how long we're going to be here."" Sarah smiled, a warm, genuine smile. ""Me neither. I think we should start a conversation. Maybe we can make the time pass more easily?"" Emily hesitated for a moment before agreeing. ""Sure, why not? We've got nothing better to do anyway."" They chatted about everything and nothing as the elevator moved slowly upward. They learned that Emily worked at a nearby office building, while Sarah was visiting from another city. As they talked, their initial nervousness began to fade. It turned out they shared a love for reading and were both fans of mystery novels. As they reached the top floor, the doors opened and bright sunlight flooded into the cramped space. Emily felt a pang of relief. But before she could get off, Sarah called out, ""Let's just stick around for a bit. The air feels a little fresh outside."" Emily agreed, and they stepped out into the hallway together. The sun shining down on them made them both feel alive. They exchanged smiles and laughed at their earlier predicament. In that moment, Emily realized that sometimes the best things in life come from the most unexpected places - even when it's an elevator ride with a stranger. As they headed back to the elevator to go down, Emily looked at Sarah, feeling grateful for the connection they'd formed. ""Thanks for sticking around,"" she said, smiling. ""Anytime,"" Sarah replied, matching her smile. ""It was nice meeting you."" And with that, Emily walked away, feeling lighter and happier than she had all day. She turned back just as the elevator door was closing, waving at Sarah before heading home, the memory of their elevator ride already beginning to shape her outlook on the world.",400,True,222.0,0.8,0.95,,train,0.9218759934755749
T0095,story,P20,model,SmolLM3-3B,HuggingFaceTB/SmolLM3-3B,"In a quaint little town nestled between rolling hills and dense woods, lived a curious child named Mia. She was known for her insatiable curiosity and her ability to see the extraordinary in the ordinary. One sunny afternoon, while exploring the abandoned house on the corner of Elm Street, she stumbled upon something extraordinary-a door that had never been there before. As she stepped closer to the door, which appeared as if it had grown from the very earth itself, Mia's eyes widened with wonder. The door was made of dark wood with intricate carvings that seemed to tell stories of ancient times. There was no sign of where it came from or how it appeared suddenly in their quiet neighborhood. But the door seemed to pulse with a gentle, warm glow, and a faint humming noise filled the air around it. Mia felt an overwhelming urge to open the door despite the lingering sense of fear. Her heart pounded in excitement as she grasped the rusted doorknob and turned it. To her astonishment, the door swung open with a soft creak. A bright, golden light spilled out, illuminating the dark interior. Mia cautiously stepped inside, her eyes adjusting slowly to the brightness. Inside, the room was dimly lit, with tall shelves lined with books that seemed to shimmer like stars. In the center stood a large, ornate table with a piece of paper and a quill pen, as if waiting for someone to continue their writing. On a nearby shelf, there was a small, leather-bound book with a strange symbol embossed on its cover. As Mia approached, the symbol seemed to shift, revealing an image of herself standing beside the door she had just entered. Suddenly, a voice spoke, echoing through the room. ""Welcome, dear traveler. You have found the threshold between worlds."" Mia's breath caught. ""Who are you?"" ""I am the guardian of this hidden path,"" the voice replied. ""You have been chosen by fate to pass through here."" With that, the room began to vanish, replaced by a kaleidoscope of colors and shapes that twirled around Mia. She felt weightless, as if floating above the ground. Her vision became blurred, but the door, still glowing softly, remained a beacon in her mind. When the colors faded away, Mia found herself back at the door. It was still there, awaiting her next move. The voice called again, ""Remember",400,True,232.0,0.8,0.95,,train,0.9573765304338805
T0096,howto,P21,model,SmolLM3-3B,HuggingFaceTB/SmolLM3-3B,"To make a simple homemade pizza from scratch, start by preparing your ingredients. For the dough, you will need flour, yeast, warm water, salt, and olive oil. Mix together 1 cup of warm water, 1 packet of dry yeast, and 4 cups of all-purpose flour in a large bowl until combined. Add a pinch of salt and mix until the dough begins to come together. Knead the dough for about 10 minutes on a floured surface until it is smooth and elastic. Cover the dough with a clean cloth and let it rest in a warm place until it doubles in size, approximately one hour. Next, prepare your sauce. You can use a pre-made marinara sauce or make your own by sautéing diced tomatoes, garlic, onion, and herbs like basil and oregano until softened. Season with salt, pepper, and red pepper flakes if desired. Spread a thin layer of sauce over the risen dough, leaving some space around the edges. For the toppings, choose your favorite ingredients such as cheese (mozzarella is traditional), sliced vegetables like bell peppers, onions, tomatoes, olives, and mushrooms, and meat like pepperoni or sausage. You can also add spices like chili powder, garlic powder, or Italian seasoning to your sauce for extra flavor. Preheat your oven to 475°F (246°C) and sprinkle some cornmeal on a baking sheet to prevent the pizza dough from sticking. Take your prepared dough and stretch it into a round shape, roughly 12 inches in diameter. Carefully transfer the dough onto the cornmeal-covered baking sheet. Add your chosen toppings evenly across the pizza, ensuring they are spread out but not overlapping. Place the pizza in the oven and bake for about 15-20 minutes, or until the crust is golden brown and the cheese is melted and bubbly. Let the pizza cool slightly before slicing and serving. Finally, enjoy your homemade pizza with friends or family, or enjoy it as a solo meal. This simple yet delicious dish allows for endless variations, making each pizza unique to your taste. As you take a bite, savor the combination of flavors and textures in your homemade pizza. Complete sentence: Enjoy your homemade pizza with its rich, cheesy taste and crispy crust as you reflect on the joy and satisfaction that comes from creating something so delicious and personal from scratch.",386,True,242.0,0.8,0.95,,train,0.9606130300986756
T0097,howto,P22,model,SmolLM3-3B,HuggingFaceTB/SmolLM3-3B,"Setting up a basic weekly budget is essential for managing your finances as a student, especially when balancing academic responsibilities with personal expenses. Here's a step-by-step guide to help you create an effective weekly budget: Start by gathering all your income sources, such as part-time jobs, scholarships, or financial aid. Next, make a list of all your fixed expenses, including tuition, living costs, transportation, and any other recurring payments. Fixed expenses are those that occur regularly and do not change significantly, like rent or car payments. After listing fixed expenses, consider your variable expenses, which vary in amount from week to week, such as groceries or entertainment. To ensure accuracy, categorize your expenses into groups like food, housing, transportation, utilities, clothing, and savings. This helps in understanding where your money goes and ensures no significant expense is overlooked. You can use a spreadsheet, paper notebook, or budgeting apps to organize your data effectively. Next, calculate your net income by subtracting all your expenses from your total income. This will give you a clear picture of your disposable income-money left after covering necessary expenses. A common rule of thumb is to allocate at least 20-30% of your net income towards savings for emergencies and long-term goals like college education or starting a business. Now, distribute your remaining budget based on your priorities. For instance, if you want to save for a trip, allocate funds accordingly. It's also wise to set aside some money for unexpected expenses. Remember, it's better to have a small cushion than run out of funds unexpectedly. Review your budget every month and adjust as needed. Life as a student can be unpredictable, so flexibility is key. Track your spending habits over time to refine your budget. Consider any changes in income or expenses and revise your plan accordingly. Regularly updating your budget will keep you on track financially and reduce stress. In conclusion, a well-planned weekly budget can greatly enhance your financial stability and freedom during your student years. By staying organized and adaptable, you can enjoy the present while preparing for future opportunities.",347,True,252.0,0.8,0.95,,train,0.9691405787097157
T0098,howto,P23,model,SmolLM3-3B,HuggingFaceTB/SmolLM3-3B,"To start running as a complete beginner, begin by assessing your current fitness level and setting realistic goals. It's essential to start slow and gradually build up your endurance. Begin by walking for 5 minutes and then add short runs of 1-2 minutes, interspersed with walking breaks. This will help your body adapt to the demands of running. Initially, choose a flat and safe location, such as a park or a track, where you can avoid obstacles and hazards. Invest in a good pair of running shoes to provide proper support and comfort. You should be able to feel them snug but not too tight. Start with two runs per week, increasing the frequency as your stamina improves. On your first run, focus on maintaining a consistent pace rather than trying to go fast. Keep your posture upright and your head looking straight ahead. Try to breathe deeply through your nose and exhale through your mouth. Listen to your body and rest if you need to. The next step is to increase the length of your runs by no more than 10% each week. For example, if you ran 5 minutes last time, this time you could aim for 5.5 minutes. As your endurance grows, progress to longer runs while ensuring that you don't overdo it. Rest days are crucial for muscle recovery and preventing injuries. It's also important to incorporate strength training into your routine. Focus on exercises like squats, lunges, and leg press to strengthen your legs and core. Strengthening these areas will improve your stability and reduce the risk of injury. Finally, listen to your body and adjust your routine as needed. If you experience pain or discomfort, stop immediately and seek medical advice. Remember that consistency and patience are key when starting out. With dedication and persistence, you will become a regular runner who enjoys the benefits of physical activity. By following this structured approach, you will be well on your way to developing a healthy and sustainable running habit. The journey may seem challenging initially, but every small improvement counts towards achieving your long-term goal of becoming a confident and skilled runner. Stay motivated and keep pushing forward. In conclusion, starting to run as a complete beginner requires commitment, patience, and a gradual progression from walking to running. By establishing a consistent routine, focusing on form and technique, and incorporating strength training, you can successfully",400,True,262.0,0.8,0.95,,train,0.8895502797066368
T0099,howto,P24,model,SmolLM3-3B,HuggingFaceTB/SmolLM3-3B,"Photosynthesis is like a magical process that plants use to make their own food. Imagine you're on a sunny day, standing in a park with tall trees around you. These trees are doing something amazing without even trying! First, let's talk about what happens inside a leaf, which is the green part of the plant. In the middle of the leaf, there are special cells called chloroplasts. Inside these cells, there's a tiny molecule called chlorophyll. This molecule is what gives leaves their green color and helps them do photosynthesis. Now, here's where it gets interesting. During the day, when sunlight shines down, the chlorophyll molecules start working magic. They take in sunlight, water, and carbon dioxide from the air. The sunlight acts like energy, the water is like the fuel, and the carbon dioxide is like the building blocks they need. The chlorophyll molecules use this energy to combine the water and carbon dioxide into a new type of sugar called glucose. Glucose is a simple sugar that gives the plant the energy it needs to grow and thrive. Think of it as the plant's snack bar! It's also important because the plant can use it to produce other things it needs, like proteins and other sugars. But here's the coolest part: the plant uses this glucose to build itself up. As the glucose moves through the plant, it goes to different parts, like stems, roots, and flowers. Some of it gets stored for later use, but most of it is used right away to help the plant grow and make more glucose. So, in summary, photosynthesis is like a solar-powered kitchen in a plant's leaf. It takes in sunlight, water, and carbon dioxide and makes glucose, which the plant can then use for energy and growth. And that's why plants can live without eating other living things - they make their own food using the sun!",318,True,272.0,0.8,0.95,,test,0.8703940110498036
T0100,howto,P25,model,SmolLM3-3B,HuggingFaceTB/SmolLM3-3B,"Preparing for a job interview requires careful planning and attention to detail. Here's a step-by-step guide to help you prepare in just one week: Week 1: Research the Company Start by researching the company thoroughly. Visit their official website, review recent news articles, and explore their social media profiles. This will give you a good understanding of their mission, values, and culture. Knowing this information allows you to tailor your responses and showcase your alignment with their goals. Week 1: Review Your Resume Go over your resume to ensure it is up-to-date and highlights relevant skills and experience. Consider writing a brief summary that showcases your achievements and explains why you are interested in the position. This can help you remember key points during the interview. Week 2: Practice Common Interview Questions Prepare answers to common interview questions such as ""Why do you want to work here?"" or ""What are your strengths and weaknesses?"" Use the STAR method (Situation, Task, Action, Result) to structure your responses effectively. Practice these responses with a friend or record yourself to improve confidence and clarity. Week 2: Prepare Questions to Ask Prepare thoughtful questions to ask the interviewer about the company, role, or team. These questions demonstrate your interest in the position and willingness to learn more. Examples include asking about the company's growth plans or the team's approach to challenges. Week 3: Dress for Success Make sure your wardrobe is suitable for the company culture and the type of job you're applying for. Dress professionally but also consider the work environment. Choose clothes that are comfortable yet polished. Week 3: Plan Your Travel If applicable, plan your travel to the interview location. Check the weather forecast, find transportation options, and pack accordingly. Ensure you have any necessary items such as a jacket, umbrella, or extra shirt. Week 4: Finalize Your Follow-Up Write a thank-you note or email to the interviewer after the interview expressing gratitude for the opportunity and reiterating your interest in the role. This shows appreciation and professionalism. In conclusion, thorough preparation and attention to detail are crucial for success in a job interview. By dedicating time each day to research the company, reviewing your resume, practicing responses, and preparing thoughtful questions, you'll be well-prepared to make a strong impression. Remember to dress appropriately, plan your travel, and follow up with a thank-you note or email. Good luck!",397,True,282.0,0.8,0.95,,train,0.8906576181467282
T0101,news,P02,model,Mistral-7B-Instruct-v0.3,mistralai/Mistral-7B-Instruct-v0.3,"Understanding Inflation: A Simple Explanation Inflation, in economic terms, is a steady increase in the general price level of goods and services over time. It's like watching your favorite candy bar cost a few cents more each year. But why does this happen? Let's break it down into simpler terms. Imagine a city with ten bakeries that sell bread. If one bakery decides to raise its bread price, other bakeries might follow suit to maintain profit levels. This competition leads to a rise in the average bread price across the city - that's supply and demand at work. Now, consider what happens when the city grows and more people move in. Suddenly, there are more people buying bread, but the number of bakeries remains the same. To meet the increased demand, bakeries may need to hire more workers, buy more ingredients, or expand their facilities - all of which cost money. To cover these additional costs, they might choose to increase their bread prices again. And that's how inflation can start. Another factor affecting inflation is an increase in the cost of production due to rising wages, higher taxes, or increased raw material prices. For instance, if the government increases taxes on businesses, those businesses may pass on the additional cost to consumers through higher prices. On a larger scale, inflation can also be influenced by monetary policies. Central banks control the money supply in an economy. When they print more money (a process called quantitative easing), there is more cash circulating, which can lead to increased spending and, ultimately, inflation. Conversely, reducing the money supply can help lower inflation rates. It's essential to understand that some inflation is normal and even beneficial as it allows for economic growth. However, when inflation becomes too high, it can erode purchasing power, leading to economic instability. In conclusion, inflation occurs primarily due to changes in supply and demand, increases in production costs, and monetary policies. By staying informed about these factors, we can better navigate the complex world of economics and make more informed decisions about our personal finances.",347,True,52.0,0.8,0.95,,train,0.90101353635915
T0102,news,P03,model,Mistral-7B-Instruct-v0.3,mistralai/Mistral-7B-Instruct-v0.3,"The Approval Process of Vaccines Before Public Use Vaccines, critical tools in the battle against infectious diseases, undergo a meticulous and rigorous approval process before they can be administered to the general public. This multi-step procedure ensures the safety, efficacy, and quality of vaccines, safeguarding public health. The journey begins with preclinical research, where vaccines are tested on cells and animals to assess their potential to stimulate an immune response without causing harm. Once promising results are achieved, vaccine developers apply for Investigational New Drug (IND) approval from the Food and Drug Administration (FDA) in the United States. This allows them to start clinical trials on human volunteers. Clinical trials are divided into three phases. Phase I trials test the vaccine on a small group of healthy volunteers, focusing on safety and dosage. Phase II trials involve a larger number of participants, including those at higher risk of contracting the disease, to evaluate the vaccine's efficacy and side effects further. Phase III trials involve thousands of participants from various regions to confirm the vaccine's efficacy, monitor its safety in different populations, and compare it with current treatments, if any. If the vaccine proves effective and safe during clinical trials, developers apply for Biologics License Application (BLA) or New Drug Application (NDA) to the FDA. The FDA reviews the application, considering factors such as the quality and integrity of the manufacturing process, the results of clinical trials, and the potential risks and benefits of the vaccine. If approved, the vaccine is added to the list of approved vaccines in the United States. In addition to the FDA, international organizations such as the World Health Organization (WHO) and European Medicines Agency (EMA) also play crucial roles in vaccine approval, ensuring that vaccines meet global standards of safety and efficacy. It is essential to note that even after approval, vaccine safety continues to be monitored closely through post-marketing surveillance. Adverse events following immunization (AEFI) are reported to health authorities, and if concerns arise, additional studies may be conducted to investigate further. In conclusion, the approval process of vaccines is designed to protect public health by ensuring vaccines are safe, effective, and of high quality before they are made available to the public.",369,True,62.0,0.8,0.95,,train,0.9511244635124696
T0103,news,P04,model,Mistral-7B-Instruct-v0.3,mistralai/Mistral-7B-Instruct-v0.3,"The Decline of Coral Reefs: A Global Crisis and Its Implications In the vibrant underwater world, coral reefs stand out as some of the most biologically diverse and visually stunning ecosystems on Earth. However, these critical habitats are facing an unprecedented crisis, with more than half of all coral reefs threatened with imminent destruction. The primary cause behind this calamity is climate change. Rising sea temperatures due to global warming induce coral bleaching, a stress response where corals expel the algae living in their tissues-symbiotic organisms essential for their survival. Warmer water also leads to ocean acidification, making it more difficult for corals to build and maintain their calcium carbonate skeletons. Another significant factor contributing to coral reef degradation is pollution. Nutrient-rich runoff from agriculture and industry creates harmful algal blooms that choke out corals and other marine life. Plastic waste and chemical pollutants further harm these delicate ecosystems. Human activities beyond pollution also pose threats. Overfishing depletes fish populations that help control algae growth, allowing them to overrun coral reefs. Destructive fishing practices like blast fishing and cyanide fishing further damage the reefs themselves. Tourism can lead to habitat degradation through careless activities such as touching corals or dropping anchors directly onto them. So, what does the demise of coral reefs mean? For one, it impacts biodiversity. Coral reefs provide shelter and food for around 25% of all marine species. Their loss would trigger cascading effects throughout the food chain, potentially leading to extinctions of numerous species. Moreover, coral reefs serve as natural barriers protecting coastlines from storm surges and wave action, reducing damage during extreme weather events. By estimations, coral reefs save an estimated $375 billion per year in coastal protection services worldwide. Without them, coastal communities face increased vulnerability to storms and flooding. Finally, coral reefs contribute significantly to our economy through tourism, fishing, and pharmaceutical research. According to the World Resources Institute, the global economic value of coral reefs was estimated at $30 billion annually in 2018. Losing these vital ecosystems would have far-reaching consequences for both ecosystems and economies worldwide. In conclusion, preserving coral reefs requires concerted efforts from individuals, governments, and industries to reduce greenhouse gas emissions, decrease pollution, promote sustainable fishing practices, and manage tourism responsibly. The fate of these irreplaceable treasures of the ocean-and indeed, the health of our planet-hangs in the balance.",391,True,72.0,0.8,0.95,,train,0.9113348387587116
T0104,news,P05,model,Mistral-7B-Instruct-v0.3,mistralai/Mistral-7B-Instruct-v0.3,"""The Journey from Bill to Law: Understanding the Legislative Process"" In the intricate web of governance, the transformation of a bill into a law is a meticulous process that involves multiple steps. This journey illuminates the democratic principles of representation and deliberation at the heart of a nation's legislature. The first step begins in either the House of Representatives or the Senate, where a member of Congress introduces a bill as a proposed piece of legislation. The bill may address a wide range of topics, from healthcare reform to infrastructure development, and each bill is assigned a unique number for identification purposes. Once introduced, the bill is debated upon, amended, and revised in committees, which are specialized subgroups of Congress focusing on specific policy areas. The committee process provides an opportunity for detailed examination of the bill and the consideration of alternative proposals. If the committee approves the bill, it is then sent to the full chamber (House or Senate) for further debate and voting. If the bill passes in its original chamber, it is forwarded to the other chamber for consideration. The process is often different in the second chamber, as bills can be amended, rewritten, or even rejected outright. If the bill survives this concurrence process, it proceeds to a Conference Committee, which reconciles any differences between the two versions of the bill. After the Conference Committee finalizes the bill, it returns to both chambers for a final vote. If the bill passes both houses in identical form, it is sent to the President for signature or veto. If the President signs the bill, it becomes a law; if the President vetoes the bill, it fails to become law unless Congress can override the veto with a two-thirds majority vote in both houses. In conclusion, the passage of a bill into law represents the culmination of months or even years of intense debate, negotiation, and collaboration among members of Congress, the executive branch, and the American people. This process is essential to our democratic system, ensuring that our laws reflect the needs and values of the diverse population they serve.",352,True,82.0,0.8,0.95,,train,0.9370827293047378
T0105,opinion,P06,model,Mistral-7B-Instruct-v0.3,mistralai/Mistral-7B-Instruct-v0.3,"The Double-Edged Sword of Social Media: A Balanced Perspective In the ever-evolving digital age, social media platforms have become an integral part of modern society, connecting individuals across the globe and fostering a sense of community. However, the question remains: does this connection come at a cost, or are its benefits undeniably overwhelming? Let us weigh the scales of argument to reach an informed conclusion. Firstly, social media's positive impact is indisputable. It empowers voices, allowing for the rapid dissemination of ideas, information, and news. Platforms like Twitter and Facebook serve as powerful tools for activism, enabling movements such as MeToo and Black Lives Matter to spread rapidly, inspiring change on a global scale. Furthermore, social media plays a significant role in fostering meaningful connections. From long-lost friends reconnecting to people meeting their life partners online, the possibilities are endless. However, it is essential to acknowledge the darker side of this digital utopia. Social media breeds a culture of comparison, leading to detrimental effects on mental health. The constant exposure to curated lives and unrealistic standards of beauty can lead to feelings of inadequacy and low self-esteem. Additionally, cyberbullying and trolling are rampant on these platforms, causing immense psychological distress for victims. Moreover, social media contributes to the fragmentation of society by reinforcing echo chambers and promoting polarization. Users tend to follow and engage with content that aligns with their beliefs, further entrenching existing ideologies and making it difficult for constructive dialogue to occur. This can lead to an increased sense of otherness and hostility towards those with differing viewpoints. Lastly, social media poses a threat to privacy, as personal data is often collected, stored, and sold by these companies without users' full understanding or consent. This raises concerns about the potential misuse of sensitive information and the erosion of personal autonomy. In conclusion, while social media offers numerous advantages - such as connecting people, fostering activism, and facilitating meaningful relationships - it is crucial to address the negative repercussions it has on mental health, societal cohesion, and individual privacy. As we continue to navigate this digital landscape, it is imperative that we strive for a balance - leveraging the benefits while mitigating the risks - to ensure a future where social media truly serves the greater good.",378,True,92.0,0.8,0.95,,train,0.9530898358706523
T0106,opinion,P07,model,Mistral-7B-Instruct-v0.3,mistralai/Mistral-7B-Instruct-v0.3,"Remote Work as the New Default: A Revolution Worth Embracing In the evolving landscape of modern employment, the question of remote work as the default option has become increasingly pertinent. As we delve into the benefits and potential drawbacks, it becomes evident that embracing this shift offers substantial advantages that outweigh traditional work structures. The first and foremost advantage lies in flexibility, a commodity scarce in today's hurried world. The ability to manage one's own schedule can dramatically improve work-life balance, enabling employees to juggle their professional and personal responsibilities more effectively. This flexibility also fosters a more relaxed and productive workforce, free from the stress and time wasted commuting. Another significant advantage is the expanded talent pool available to organizations. No longer confined by geographical limitations, companies can attract skilled workers from all corners of the globe. This diversity not only enriches the workplace environment but also brings fresh perspectives and ideas that can drive innovation and growth. Remote work also empowers employees, fostering a sense of autonomy and responsibility. By trusting workers to manage their tasks and deadlines, employers demonstrate faith in their abilities. This empowerment can lead to increased job satisfaction and productivity, as individuals feel valued and invested in their roles. However, it is crucial to acknowledge potential challenges. Isolation can be a significant issue for remote workers, leading to feelings of loneliness and burnout. To counteract this, businesses must invest in strategies that promote connection and collaboration, such as regular virtual team meetings, social events, and mental health resources. Moreover, managing a remote workforce requires a unique skill set, including effective communication, trust, and adaptability. Companies must be prepared to invest in training and support to ensure success. In conclusion, while remote work presents unique challenges, the benefits far outweigh the obstacles. As we navigate this new frontier, it is essential that businesses and employees alike embrace this change, fostering a more flexible, diverse, and empowered workforce. By doing so, we can unlock unprecedented opportunities for innovation, growth, and happiness. Embracing remote work as the default option is not just a step into the future; it is a leap towards a more inclusive, flexible, and productive world of work.",364,True,102.0,0.8,0.95,,train,0.9444167996202119
T0107,opinion,P08,model,Mistral-7B-Instruct-v0.3,mistralai/Mistral-7B-Instruct-v0.3,"The Case for Abolishing Homework: A Fresh Perspective on Learning In the ongoing debate about the efficacy of homework, it is high time we consider its abolition in schools. While some argue that homework instills discipline and reinforces learning, the negative impact it has on students' mental health, family time, and overall educational outcomes cannot be ignored. Firstly, the mental health of students is a significant concern. Excessive homework loads contribute to stress and anxiety, leading to diminished well-being. According to a study by the American Psychological Association, excessive homework can have a detrimental effect on children's physical health, sleep patterns, and family relationships. In an increasingly competitive world, it is crucial that we prioritize our students' emotional wellness as much as their academic success. Secondly, homework often intrudes upon valuable family time. In today's fast-paced society, families are struggling to find quality time together due to work commitments, extracurricular activities, and other responsibilities. Homework exacerbates this issue, leaving little time for meaningful conversations, shared experiences, and bonding opportunities. By abolishing homework, we can ensure that families have more time to connect and build strong relationships. Thirdly, research suggests that homework may not even be effective in promoting academic achievement. A study conducted by Stanford University found that there was no correlation between the amount of homework assigned and a student's academic success. Instead, it appears that homework may simply serve to reinforce what has already been taught in school. By focusing on classroom instruction and providing ample opportunities for interactive learning, we can facilitate a more holistic and effective education. Instead of assigning nightly homework, schools could adopt alternative methods to reinforce learning and develop critical thinking skills. Project-based learning, for example, allows students to delve deeply into a particular subject matter while fostering creativity and collaboration. This approach not only promotes a deeper understanding of the material but also prepares students for the real-world challenges they will face. In conclusion, the benefits of abolishing homework far outweigh any potential drawbacks. By eliminating homework, we can alleviate the stress and anxiety it causes for students, foster stronger family relationships, and focus on more effective methods of teaching and learning. It is time for a change in our educational system, one that prioritizes the well-being of students and encourages a more balanced approach to learning. Let us embrace this change and create a more nurturing, supportive, and successful educational",399,True,112.0,0.8,0.95,,train,0.94874523906835
T0108,opinion,P09,model,Mistral-7B-Instruct-v0.3,mistralai/Mistral-7B-Instruct-v0.3,"Embracing Car-Free City Centers: A Sustainable Future In the ever-evolving landscape of urban planning, one question has gained prominence in recent years: should cities ban private cars from city centers? The resounding answer, I contend, is yes. This decision, while challenging, is crucial for the sustainability, livability, and safety of our cities. First, let's consider the environmental implications. Urban areas are responsible for approximately 70% of global carbon dioxide emissions, with a significant portion stemming from personal vehicles (EPA, 2020). By reducing the number of private cars in city centers, we can drastically cut down on these emissions, contributing to a healthier planet for future generations. Moreover, a car-free city center would foster a more livable urban environment. Pedestrian-friendly spaces encourage social interaction, fostering a sense of community that is often lost in congested traffic-filled streets. Moreover, reduced noise pollution and cleaner air lead to improved mental and physical health outcomes for residents and visitors alike. Safety should also be a primary concern when discussing car-free city centers. On average, traffic accidents claim over 1.35 million lives per year worldwide (World Health Organization, 2021), and many of these occurrences take place within city limits. By eliminating cars from city centers, we can significantly reduce this statistic, making our cities safer for all. Furthermore, banning private cars from city centers could stimulate local economies. Reduced traffic means shorter commutes for workers, increasing productivity and job satisfaction. Moreover, the freed-up space can be repurposed for businesses, parks, and other amenities, generating revenue and attracting tourists. It is essential, however, that cities implement thoughtful strategies to facilitate the transition to a car-free city center. Investment in public transportation, cycling infrastructure, and pedestrian walkways is crucial for providing viable alternatives to private vehicles. Additionally, flexible policies that accommodate essential services, such as deliveries and emergency vehicles, must be in place to ensure smooth implementation. In conclusion, the decision to ban private cars from city centers is an important step towards building sustainable, livable, and safe urban environments. While challenges lie ahead, the potential benefits make this change a necessary and worthwhile endeavor. Let us embrace a future where our city centers are sanctuaries of tranquility, human connection, and environmental responsibility.",366,True,122.0,0.8,0.95,,test,0.9159935976751137
T0109,opinion,P10,model,Mistral-7B-Instruct-v0.3,mistralai/Mistral-7B-Instruct-v0.3,"AI Art: A New Medium for the Human Spirit In the ever-evolving world of art, we find ourselves at a crossroads where the traditional meets the technological. The question of whether AI-generated art can be considered ""real"" art has sparked much debate, and it is time to explore this topic from a different perspective. To begin with, let us define art. Art is a medium through which humans express their thoughts, feelings, and experiences. It is a reflection of our culture, our society, and our collective consciousness. Regardless of the tools or techniques used to create it, if the work evokes emotion, provokes thought, or resonates with the viewer on a personal level, it can be deemed 'art'. AI art, born from the marriage of coding and creativity, follows the same principles. AI systems, programmed by human artists, learn from vast amounts of data to generate images, music, or literature that mimic the style and substance of human creations. These AI-generated works can indeed evoke emotions, provoke thought, and resonate with viewers. In essence, they fulfill the essential role of art in our lives. Moreover, one could argue that AI art pushes the boundaries of what we perceive as art. It challenges our understanding of creativity and the artistic process, forcing us to reevaluate our definitions and expectations. This challenge, in turn, fuels innovation and growth, not just in the realm of art but also in science, technology, and beyond. However, it would be naive to ignore the concerns about authenticity and originality in AI art. These systems are programmed using data created by humans, and their output is based on patterns learned from existing works. Yet, the creation of AI art is not about imitation but about exploration and expansion. It is about using technology to further our artistic expressions, much like how photography revolutionized painting in the 19th century. In conclusion, whether AI art counts as real art is not a question of definition but one of perception and acceptance. As technology continues to advance, so will our understanding and appreciation of art. Just as we once questioned the authenticity of photography, printmaking, and digital art, we now stand at the threshold of a new artistic epoch. It is up to us to embrace this change, to adapt our definitions, and to welcome AI art into the realm of real art. ""Embracing AI art does not diminish",399,True,133.0,0.8,0.95,,train,0.956858124988407
T0110,review,P11,model,Mistral-7B-Instruct-v0.3,mistralai/Mistral-7B-Instruct-v0.3,"Impressive Sound Quality and Comfort in a Mid-Range Package - XYZ Wireless Headphones In the vast sea of wireless headphones, it can be challenging to find a pair that delivers an exceptional sound experience without breaking the bank. The XYZ Wireless Headphones have managed to stand out from the crowd, offering a fantastic blend of quality, comfort, and affordability. Upon unboxing these headphones, I was immediately impressed by their sleek design and sturdy build. The matte finish gives them a premium look that's sure to turn heads, while the lightweight construction ensures they don't weigh you down during extended use. The true test of any pair of headphones lies in their audio performance, and the XYZ Wireless Headphones pass with flying colors. Whether it's the crisp highs, rich mids, or deep bass, these headphones handle every note with precision and clarity. Listening to my favorite tracks felt like experiencing them for the first time, as if the music was being played just for me. Another standout feature is the wireless connectivity. Pairing the headphones with my devices was quick and seamless, and I didn't encounter any dropouts or lag during my listening sessions. The built-in microphone also proved to be useful for taking calls on the go. Comfort is crucial when wearing headphones for extended periods, and the XYZ Wireless Headphones deliver on this front as well. The ear cups are generously cushioned and adjustable, providing a snug yet comfortable fit. Even after several hours of continuous use, I didn't feel any discomfort or pressure on my ears. Battery life is another area where these headphones shine. A single charge provides up to 10 hours of playback, ensuring you'll have enough juice to last through your daily commute or workout routine. The quick charging feature is also convenient for those times when you need a quick boost. In conclusion, the XYZ Wireful Headphones offer an impressive combination of sound quality, comfort, and affordability. Whether you're a music lover, a frequent traveler, or simply someone who values convenience, these headphones are an excellent choice. I highly recommend the XYZ Wireless Headphones to anyone in search of a reliable and enjoyable audio experience without the hefty price tag.",366,True,142.0,0.8,0.95,,train,0.8816607724434378
T0111,review,P12,model,Mistral-7B-Instruct-v0.3,mistralai/Mistral-7B-Instruct-v0.3,"A Taste of Home at Pasta Famiglia Downtown Nestled in the heart of downtown, Pasta Famiglia stands as a testament to authentic Italian cuisine. This unassuming, family-run establishment offers a warm and inviting ambiance that transports diners straight to the quaint trattorias of Italy. Upon entering, one is immediately struck by the cozy atmosphere, with soft, candlelit tables and a rustic decor reminiscent of a traditional Italian home. The staff, a delightful blend of family members, greet guests with genuine smiles and an eagerness to share their love for Italian food. The menu, while compact, is thoughtfully crafted to encapsulate the diverse flavors of Italy. From house-made pastas to mouthwatering pizzas, each dish is a testament to the chef's mastery of traditional Italian cooking techniques. The standout dish, undoubtedly, is the Rigatoni alla Bolognese. A rich, slow-simmered sauce, teeming with ground meat, tomatoes, and a harmonious blend of herbs, gracefully coats the al dente rigatoni. Each bite offers a symphony of flavors, a true celebration of Italian culinary excellence. For those seeking a lighter option, the Caprese salad does not disappoint. Fresh, vine-ripened tomatoes, creamy mozzarella, fragrant basil leaves, and a drizzle of high-quality olive oil come together to create a refreshing, vibrant dish that captures the essence of summertime in Italy. Desserts are equally impressive, with the Tiramisu being a crowd favorite. A perfect balance of coffee, cocoa, and cream, this iconic Italian dessert is a fitting end to a meal that satisfies both the palate and the soul. Pasta Famiglia is more than just a restaurant; it is an experience that transports its patrons to the picturesque hills of Tuscany or the bustling streets of Rome. With impeccable service, a delicious menu, and an atmosphere that evokes a sense of nostalgia, this hidden gem is a must-visit for any Italian food enthusiast. So, the next time you find yourself yearning for a taste of Italy, head to Pasta Famiglia - where every meal is served with a generous helping of amore.",333,True,152.0,0.8,0.95,,test,0.9236605354689448
T0112,review,P13,model,Mistral-7B-Instruct-v0.3,mistralai/Mistral-7B-Instruct-v0.3,"Affordable Excellence: A Budget-Friendly Smartphone With Impressive Battery Life and Camera Quality In the realm of budget smartphones, it's rare to find a device that strikes the perfect balance between price and performance. The [Brand Name] X1, however, manages to do just that. This pocket-friendly marvel is an unexpected gem, boasting a remarkable battery life and a camera that punches well above its weight class. Starting with the battery, the X1 offers an impressive 5000mAh capacity. This translates to days of usage for the average user, ensuring you won't be tethered to a charger constantly. Whether you're binge-watching your favorite shows, playing games, or browsing the web, the X1 keeps up with ease. Moreover, its fast-charging capabilities mean you can quickly top up the battery when necessary. Moving on to the camera, the X1 sports a 13MP rear camera with an f/2.0 aperture, accompanied by a 5MP front-facing camera. Despite the low price point, the X1 delivers stunning photos with vibrant colors and sharp details. The camera app offers multiple shooting modes, including HDR, Night, Portrait, and more, catering to various photography needs. Additionally, the X1 supports 1080p video recording at 30fps, allowing you to capture memories in high definition. The X1's design is simple yet sleek, offering a comfortable grip and a compact form factor. The 6.1-inch HD+ display provides a satisfying viewing experience, even under harsh sunlight. The phone runs on Android 10, delivering a smooth and intuitive user interface. The X1 comes with 3GB of RAM and 32GB of internal storage, which can be expanded via a microSD card. In conclusion, the [Brand Name] X1 stands as a testament to the potential of budget smartphones. Its remarkable battery life and capable camera make it a compelling choice for those seeking an affordable device without compromising on essential features. By offering such value at a price point that won't break the bank, the X1 emerges as a worthy contender in the budget smartphone market.",326,True,162.0,0.8,0.95,,train,0.8786371203417309
T0113,review,P14,model,Mistral-7B-Instruct-v0.3,mistralai/Mistral-7B-Instruct-v0.3,"A Memorable Weekend Getaway at The City Center Hotel Nestled in the heart of the vibrant city, The City Center Hotel offers a charming retreat for weary travelers seeking an unforgettable urban escape. Upon arrival, the elegant lobby, adorned with modern art and comfortable seating, sets the stage for a truly exceptional stay. The accommodations at The City Center Hotel are spacious and tastefully appointed, boasting a harmonious blend of contemporary design and traditional charm. Each room features luxurious bedding, a fully-stocked minibar, and a flat-screen TV, ensuring guests enjoy a peaceful and relaxing sanctuary after a day of exploration. The en-suite bathrooms, equipped with plush towels and a rainfall shower, provide a tranquil space to unwind and rejuvenate. Breakfast at The City Kitchen, the hotel's on-site restaurant, is an absolute delight. A tantalizing buffet offers a variety of continental and American options, while the à la carte menu caters to a range of dietary preferences. The service is impeccable, with attentive staff members who cater to guests' every need. The hotel's prime location allows easy access to the city's most popular attractions. Whether exploring the iconic landmarks, indulging in local cuisine, or strolling through picturesque parks, The City Center Hotel serves as the perfect home base for a weekend city trip. One evening, we dined at the hotel's rooftop restaurant, offering breathtaking panoramic views of the city skyline. The menu showcases an impressive selection of globally-inspired dishes, expertly prepared by talented chefs. The ambiance is romantic and intimate, making it an ideal spot for a special occasion or simply a memorable evening out. In conclusion, The City Center Hotel provides an unparalleled experience for those seeking a weekend getaway in the heart of the city. With its exceptional service, luxurious accommodations, and prime location, this hotel truly embodies the essence of urban elegance and sophistication. We eagerly anticipate our next visit to this remarkable establishment.",316,True,172.0,0.8,0.95,,train,0.9101900043777398
T0114,review,P15,model,Mistral-7B-Instruct-v0.3,mistralai/Mistral-7B-Instruct-v0.3,"A World Entwined in Enchantment: A Review of ""The Crimson Veil"" In the realm of contemporary fantasy literature, few novels manage to weave a captivating tapestry as intricate and mesmerizing as ""The Crimson Veil."" This opus by author Eleanor Thornfield, an established name in the genre, promises an unforgettable journey through a world entwined in enchantment. ""The Crimson Veil"" introduces us to our protagonist, Elara, a young woman with a mysterious destiny who is drawn into a conflict between ancient forces vying for dominion over her world. The novel masterfully unfolds the richness of its setting, from the ethereal beauty of the Celestial Forests to the ominous allure of the Shadowed Caverns. Thornfield's descriptive prowess paints vivid images that immerse readers within this fantastical landscape. At its heart, ""The Crimson Veil"" is a story of growth, resilience, and self-discovery. Elara's character development is a testament to the author's ability to create relatable characters who evolve alongside their readers. Her transformation from a timid and unsure girl into a formidable figure who wields both power and compassion is a sight to behold. The narrative is expertly paced, striking a delicate balance between action, mystery, and introspection. The plot twists are cleverly placed, keeping readers on the edge of their seats while also offering ample opportunities for reflection. The climax is a fitting culmination of Elara's journey, providing a satisfying resolution without sacrificing the elements of mystery and intrigue that define the novel. Thornfield's prose is a marvel to behold, effortlessly blending poetic language with a sharp, incisive narrative voice. The dialogue is authentic and engaging, contributing to the overall immersion in the narrative. The author's attention to detail is evident in every facet of the novel, from the intricate magical system to the rich cultural tapestry that forms the backdrop of the story. In conclusion, ""The Crimson Veil"" is an exceptional addition to the pantheon of fantasy novels. It offers a captivating tale of magic, mystery, and self-discovery set against the backdrop of a richly imagined world. For fans of the genre, this book is a must-read; for those new to fantasy, ""The Crimson Veil"" serves as an excellent entry point. As one finishes the final pages of this enchanting tome, one can only look forward to Thornfield's future works with eager anticipation.",382,True,182.0,0.8,0.95,,train,0.92379285555305
T0115,story,P16,model,Mistral-7B-Instruct-v0.3,mistralai/Mistral-7B-Instruct-v0.3,"In the desolate cliffs of Old Kerrig, lived a solitary lighthouse keeper named Thomas. His days were spent in the rhythmic hum of the lighthouse, guiding sailors safely to shore. One day, a peculiar letter arrived in his mailbox, a rarity in this isolated land. The envelope was old and worn, bearing no postmark or sender's address. Thomas opened it cautiously, revealing a single, cryptic paragraph: ""Three times the moon shall mirror the sun, and on the third night, you shall find the hidden. Guard well, for it holds the key to the forgotten."" Thomas, a man of logic, initially dismissed the letter as a harmless prank. However, curiosity gnawed at him, urging him to decipher the message. Three times the moon mirrored the sun-an astronomical event that hadn't occurred in over a century. As the nights passed, Thomas watched the skies, meticulously recording each lunar eclipse. On the third eclipse, under the pale light of the moon, he embarked on a journey to the hidden. Guided by the enigmatic letter, he ventured deep into the forsaken caves that lined the coast. Driven by an inexplicable sense of purpose, he found himself before an ancient stone door. Puzzled, he felt the cold, hard stone, and to his amazement, it moved aside, revealing a hidden chamber. Within lay an ornate box, its surface etched with intricate symbols that resembled the constellations in the night sky. Thomas, trembling, lifted the lid. Inside, he found a single, shimmering key. As he turned the key, the walls of the chamber shimmered and dissolved, revealing a dusty scroll. Unfurling the scroll, he read aloud the words written centuries ago: ""To those who seek the forgotten, I offer guidance. When the moon mirrors the sun three times, venture forth into the forgotten chamber. Within lies the key to the past, the present, and the future. Guard it well, for it is the key to all things."" With the key to the past, present, and future in his possession, Thomas returned to his lighthouse, forever changed. He continued to guide sailors safely to shore, but now, he also guided the lost souls of the past and those yet to be born. The strange letter had led him to an ancient secret, a secret that bound him to the past and the future, making him not just a lighthouse keeper, but a guardian of time.",397,True,192.0,0.8,0.95,,train,0.855758478341362
T0116,story,P17,model,Mistral-7B-Instruct-v0.3,mistralai/Mistral-7B-Instruct-v0.3,"In the heart of a quaint, picturesque town, nestled between verdant hills and a serene lake, the final day of summer was ushering in a gentle, bittersweet symphony. The sun, a radiant orb of gold, cast long, lingering shadows upon the cobblestone streets as the day began. A soft, warm breeze whispered secrets to the rustling leaves, while the town's children laughed and played in the fading sunlight. At the local market square, vendors sold their remaining summer produce - succulent peaches, plump tomatoes, and golden ears of corn, their vibrant colors a stark contrast against the muted tones of autumn. The air was filled with the intoxicating aroma of freshly baked bread and sizzling sausages, mingling with the sweet scent of blooming marigolds. In the center of the square, a group of elderly townsfolk gathered for their daily game of checkers, their laughter and good-natured banter creating an infectious atmosphere. A lone musician strummed his guitar near the steps of the old church, serenading passersby with wistful melodies that echoed the sentiments of the approaching season. As the sun dipped low in the sky, a group of children chased each other along the shores of the lake. Their laughter ringing out across the water, they splashed and playfully drenched one another, oblivious to the encroaching chill in the air. In the town square, the local artist set up his easel, capturing the essence of the moment in bold, vibrant strokes. His eyes, though filled with melancholy, held a profound appreciation for the beauty that surrounded him. He knew that, once the autumn leaves fell, the town would take on a different character, one that he loved equally, but in a different way. As the sun dipped below the horizon, the town began to prepare for the annual Summer's End Festival. Lights twinkled in windows, and the sweet, mouthwatering smell of barbecued hot dogs wafted through the air. People of all ages gathered in the square, joining together in a communal celebration of the season's end and the promise of the one to come. And as the night sky filled with stars, the townsfolk danced beneath the twinkling lights, their laughter and joy serving as a testament to the beauty and resilience of life. For in this small town, even as the days grew shorter and the nights colder, there was always a sense of unity, a shared understanding that",400,True,202.0,0.8,0.95,,test,0.9331087508173094
T0117,story,P18,model,Mistral-7B-Instruct-v0.3,mistralai/Mistral-7B-Instruct-v0.3,"In the heart of a bustling city, within the confines of a compact apartment, a unique culinary adventure unfolded. The protagonist was R2-D2, a well-loved astromech droid, reprogrammed from his usual Star Wars escapades into a home chef extraordinaire. R2-D2, or R2 for short, had been tasked with preparing dinner for his human companion, Artoo-Detoo (Threepio) - a role reversal that promised an intriguing twist. Threepio, known for his elegant manners and love for fine dining, was both excited and apprehensive about the prospect. R2 began his inaugural cooking journey by studying recipes on a digital screen. His metallic fingers fumbled with kitchen utensils as he followed the step-by-step instructions for a simple pasta dish. The clatter of pots and pans echoed through the small apartment, punctuated by Threepio's chuckles and encouragement. ""Well, my dear R2, I never thought I'd see the day,"" Threepio said, watching the droid precariously balance a saucepan over the stove. ""But I must admit, this is quite amusing!"" R2's attempts at culinary art were far from perfect, yet there was a certain charm in his earnest efforts. He struggled to dice vegetables, resulting in uneven cubes. His pasta, drained with great care, ended up being left on the stove for a little too long, giving it an al dente texture that bordered on inedible. But every mistake was a lesson learned, and R2 persevered, driven by the prospect of pleasing his friend. As the sun set, the aroma of burnt pasta filled the apartment. Threepio couldn't suppress a smile as he sat down at the table. R2, though disappointed, pushed the meal towards his companion with pride. Threepio took a bite, his eyes widening in mock horror before breaking into laughter. ""Delicious, R2! Absolutely divine!"" Despite the dish's questionable quality, the joy radiating from Threepio was priceless. R2 had managed to concoct something edible after all, and more importantly, he had created a cherished memory for his friend. That night, they dined on failed pasta, their bond stronger than ever, as they laughed and reminisced about the day's events. And so, the first day of R2's cooking adventure ended on a high note, leaving them both eagerly anticipating the next culinary escapade.",367,True,212.0,0.8,0.95,,train,0.8886259035138574
T0118,story,P19,model,Mistral-7B-Instruct-v0.3,mistralai/Mistral-7B-Instruct-v0.3,"In the towering edifice of Glass Tower, two strangers, Martha and James, found themselves trapped in an elevator, their lives intertwining unexpectedly on a humdrum Tuesday. The elevator's sudden halt sent Martha, engrossed in her novel, stumbling slightly. She looked up from her book to find James, a man of average height with a neat beard, eyeing her curiously. He was wearing a suit, his tie askew, giving him an air of dishevelment that made Martha smile. ""Are you alright?"" he asked, concern creeping into his voice. ""Yes, thank you,"" Martha replied, shaking her head. ""I suppose we're stuck here for a while."" James nodded, reaching for the emergency phone. ""I'll call maintenance,"" he said, dialing the number. The line rang endlessly, and he hung up with a heavy sigh. As the minutes ticked away, Martha and James began to talk. They shared stories, laughter, and even a moment of quiet understanding. Martha spoke of her passion for writing, her dreams of becoming a published author. James confided in her his struggles in running a family business, the weight of expectations resting heavily on his shoulders. In the claustrophobic space of the elevator, they connected over their shared vulnerabilities, their hopes, and fears. Time seemed to blur as they lost track of reality, their conversation flowing effortlessly. The elevator doors opened eventually, revealing a startled maintenance worker who couldn't help but notice the rapport between the two strangers. Stepping out into the bustling lobby, Martha turned to James, ""I guess it was nice meeting you, James. Maybe we'll run into each other again sometime."" James smiled, ""Indeed, Martha. Strange how fate works, isn't it? Here's to another chance encounter."" With a nod, they went their separate ways, their lives intersecting only briefly but leaving an indelible mark on both. As Martha walked away, she couldn't help but think, 'Sometimes, the most ordinary moments can be the most extraordinary.'",318,True,222.0,0.8,0.95,,train,0.857752887439964
T0119,story,P20,model,Mistral-7B-Instruct-v0.3,mistralai/Mistral-7B-Instruct-v0.3,"In the heart of a dense, ancient forest, where sunlight danced playfully through the verdant canopy, young Amelia found herself lost in the mesmerizing beauty that surrounded her. The woods, a magical place shrouded in mystery, was her sanctuary, a world far removed from the mundane life at home. One sunny afternoon, as Amelia wandered deeper into the woods than ever before, she stumbled upon an extraordinary sight - a door, nestled within the roots of a colossal oak tree. Its ornate carvings depicted scenes of enchanting creatures and fantastical landscapes, glowing with the warm hues of the setting sun. A sense of excitement washed over her, and she found herself drawn to this mysterious door. She reached out tentatively, placing her small hand on the cold, hard surface. To her surprise, the door swung open effortlessly, revealing a dimly lit passageway that vanished into darkness. With a giddy laugh, Amelia stepped inside, her heart pounding wildly in her chest. The passage was narrow, barely wide enough for her to fit through, but it seemed to lead further into the heart of the mysterious oak. Shadows danced along the walls, and the air carried a hint of something sweet and unfamiliar. She walked for what felt like hours, the passageway twisting and turning like a labyrinth designed by an unseen master. At last, she found herself standing before another door, identical to the first. As she turned the old, rusted handle, she could hardly believe her eyes: she was back in the woods, mere steps away from the very spot where she had found the door. As Amelia made her way home through the familiar forest paths, she couldn't help but wonder what secrets lay behind that enigmatic door. And though she never returned to the door again, she knew that the memory of it would stay with her forever, a testament to the magic and mystery hidden within the depths of the forest. In the end, Amelia never spoke of the door to anyone, choosing instead to keep its existence a secret. But whenever she gazed upon the ancient oak tree, she could still see the door, waiting patiently for the next adventurous soul to find it.",368,True,232.0,0.8,0.95,,train,0.8567676895894405
T0120,howto,P21,model,Mistral-7B-Instruct-v0.3,mistralai/Mistral-7B-Instruct-v0.3,"Homemade Pizza from Scratch Making a simple homemade pizza is an enjoyable experience that results in a delicious, freshly baked treat. Here's a straightforward guide to help you create your own pizza dough and sauce, along with assembling and baking your masterpiece. Ingredients: For the dough: 1. 31⁄2 cups (420g) all-purpose flour 2. 1 tsp active dry yeast 3. 2 tsp sugar 4. 1 tsp salt 5. 11⁄2 cups (360ml) warm water (110°F/45°C) 6. 2 tbsp olive oil For the sauce: 1. One 28-ounce (793g) can of crushed tomatoes 2. 2 tbsp tomato paste 3. 2 tsp sugar 4. 1 tsp dried oregano 5. Salt, to taste 6. Freshly ground black pepper, to taste 7. 2 cloves garlic, minced 8. 2 tbsp olive oil For the toppings: 1. Shredded mozzarella cheese 2. Thinly sliced fresh tomatoes 3. Fresh basil leaves 4. Pepperoni or other preferred toppings Instructions: Step 1: Prepare the dough: In a large bowl, combine the flour, yeast, sugar, and salt. Add the warm water and olive oil, then mix until the ingredients form a sticky ball. Knead the dough on a lightly floured surface for about 5 minutes, until it becomes smooth and elastic. Step 2: First rise: Place the kneaded dough in a greased bowl, cover it with a clean kitchen towel, and let it rise in a warm, draft-free place for about 1 to 11⁄2 hours, or until it has doubled in size. Step 3: Prepare the sauce: While the dough rises, heat the olive oil in a saucepan over medium heat. Add the minced garlic and sauté for 1 minute. Stir in the crushed tomatoes, tomato paste, sugar, oregano, salt, and pepper. Simmer the sauce for about 20 minutes, until it thickens. Set aside to cool. Step 4: Preheat the oven: Preheat your oven to 475°F (245°C), with a pizza stone if you have one. If you don't have a pizza stone, use an upside-down baking sheet. Step 5: Second rise and shape the dough: Punch down the risen dough and divide it into two equal parts. Roll each portion on a floured surface into a round shape, about 12 inches in diameter. Transfer the dough rounds onto a pizza",366,True,242.0,0.8,0.95,,train,0.8823077220931491
T0121,howto,P22,model,Mistral-7B-Instruct-v0.3,mistralai/Mistral-7B-Instruct-v0.3,"Setting up a basic weekly budget for a student involves identifying income, necessary expenses, and discretionary spending. Here's a step-by-step guide to help you establish a practical budget: 1. Calculate your income: As a student, your primary income sources might include scholarships, grants, part-time jobs, or financial aid. Be sure to account for any irregular income, such as summer jobs or tax refunds, if applicable. 2. Determine necessary expenses: Necessary expenses are essential items or services that you must have in order to live comfortably. These may include tuition fees, rent, utilities (electricity, water, internet, etc.), groceries, transportation, health insurance, and textbooks. 3. Estimate discretionary spending: Discretionary spending refers to funds allocated for non-essential items or activities. These may include dining out, entertainment, clothing, hobbies, travel, and personal care products. 4. Categorize expenses: Organize your expenses into categories like housing, food, transportation, education, health, personal, and entertainment. This will help you visualize where your money is going and identify areas for potential savings. 5. Set weekly budget limits: Allocate a specific amount of money for each expense category. For example, set a $50 limit for dining out or $20 for entertainment. Make sure to account for all your income and expenses to ensure a balanced budget. 6. Track your spending: Keep track of your spending throughout the week to see if you're staying within your allocated budget. Use a budgeting app, spreadsheet, or even a simple notebook to record transactions. 7. Adjust your budget: If you find that you're consistently overspending in certain categories, consider reducing that expense or finding ways to save more, such as cooking at home instead of eating out or choosing cheaper entertainment options. 8. Save for future expenses: Try setting aside some money each week for savings or emergency funds. Even small amounts can add up over time and provide financial security. 9. Revisit and adjust your budget regularly: Your budget may need adjustments as your income, expenses, or priorities change. Make a habit of reviewing your budget every few months and make any necessary modifications. By following these steps, you'll develop a practical weekly budget that helps you manage your finances effectively as a student. Stick to your budget, and you'll be well on your way to financial stability and independence.",377,True,252.0,0.8,0.95,,train,0.8748637873211581
T0122,howto,P23,model,Mistral-7B-Instruct-v0.3,mistralai/Mistral-7B-Instruct-v0.3,"Beginning a running routine as a complete novice can be an exhilarating yet daunting experience. Here's a step-by-step guide to help you embark on this wonderful journey, emphasizing gradual progress and consistency: 1. Assess Your Fitness Level: Before starting your running regimen, it's crucial to assess your current fitness level. Aim for a walk-jog routine initially, where you walk for a few minutes and then jog for a short period. This approach helps minimize the risk of injury while ensuring your body adapts to the new physical activity. 2. Create a Running Schedule: Start by setting aside 30 minutes three times a week for your runs. Choose days that work best for you, considering your lifestyle and preferences. For example, you might prefer running during lunch breaks or early morning or evening sessions. 3. Warm Up and Cool Down: Never jump straight into running without warming up first. Begin with a five-minute walk, followed by dynamic stretches like leg swings and arm circles. Post-run, perform static stretches such as hamstring and quadriceps stretches to cool down and reduce muscle stiffness. 4. Master Good Running Form: Maintaining a good running form is essential for efficiency and injury prevention. Keep your head up, chest lifted, shoulders relaxed, arms swinging opposite your legs, and land midfoot or forefoot rather than heel-striking. 5. Gradually Increase Distance and Intensity: To prevent burnout or injuries, increase your running distance by no more than 10% per week. Additionally, consider incorporating interval training (e.g., running for 1 minute, walking for 1 minute) to gradually build your endurance and speed. 6. Stay Hydrated: Drink plenty of water before, during, and after your runs to stay hydrated. Carry a water bottle if necessary, and listen to your body's thirst signals. 7. Invest in Comfortable Gear: Wear appropriate running shoes that provide adequate support and cushioning for your foot type. Additionally, invest in moisture-wicking clothing to stay dry and comfortable during your runs. 8. Track Progress: Record your runs using a fitness app or a simple notebook. Monitoring your progress will motivate you and help you identify areas for improvement. 9. Stay Consistent: Consistency is key when starting a running routine. Develop a habit by sticking to your schedule, even on days when you don't feel like running. 10. Celebrate Small Successes: Running can be challenging, but remember to celebrate your achievements, no matter how small they may seem. This mindset",400,True,262.0,0.8,0.95,,train,0.9137913976926835
T0123,howto,P24,model,Mistral-7B-Instruct-v0.3,mistralai/Mistral-7B-Instruct-v0.3,"Hey there! I'm really glad you're curious about photosynthesis. It's one of those amazing processes that plants, algae, and some bacteria do to create their own food. Let's dive in! So, imagine you're in a big, beautiful forest on a sunny day. The leaves of the trees are like tiny factories that use sunlight, water, and carbon dioxide to make food (specifically, glucose or sugar) for the tree. This process is called photosynthesis. Now, let's break it down. The leaves have special cells called chloroplasts that contain something called chlorophyll. Chlorophyll helps catch sunlight, which is the plant's primary source of energy, just like how we use electricity to power our homes. When sunlight shines on the chlorophyll, a series of chemical reactions occur. These reactions involve water (which the plant absorbs through its roots from the soil) and carbon dioxide (which it takes in through tiny pores on the leaves called stomata). The water splits into oxygen and hydrogen, while the carbon dioxide combines with the hydrogen to form glucose. At the end of this process, the plant releases oxygen as a byproduct-this is the same stuff you breathe out, and the trees breathe in. So, you can think of trees as the world's biggest air purifiers! Now, I know you might be wondering, ""What does the tree do with all that glucose?"" Well, it stores some for later use, and it also uses some to grow and repair itself. Excess glucose can even be converted into other types of sugars, starches, or cellulose-the main component of wood. And here's something cool to wrap up: Every time you eat an apple, a piece of pizza, or even a glass of orange juice, you're consuming food that started its life as sunlight, water, and carbon dioxide thanks to photosynthesis. So, remember to thank the plants next time you enjoy a tasty snack!",312,True,272.0,0.8,0.95,,test,0.9011461085443564
T0124,howto,P25,model,Mistral-7B-Instruct-v0.3,mistralai/Mistral-7B-Instruct-v0.3,"Preparing for a job interview within a week involves several key steps to ensure you present yourself professionally and confidently. Here's a suggested approach: 1. Familiarize Yourself with the Company: Research the company's mission, values, culture, products, and services. Understanding their business will help you tailor your responses to align with their goals and demonstrate your interest. 2. Understand the Job Description: Review the job listing carefully and identify key skills and responsibilities required for the position. Reflect on how your experiences, qualifications, and achievements align with these requirements. 3. Prepare Responses to Common Questions: Anticipate common interview questions such as ""Tell me about yourself,"" ""Why do you want this job?"", or ""What are your weaknesses?"" Craft thoughtful, concise responses that highlight your strengths and showcase your potential value to the employer. 4. Develop Key Messages: Identify 3-5 key messages or talking points that you want to communicate during the interview. These should be directly relevant to the position and support your candidacy. Practice incorporating these messages into your responses. 5. Prepare Questions for the Interviewer: Develop thoughtful questions to ask the interviewer, demonstrating your genuine interest in the position and the company. Some examples might include questions about the team, challenges facing the department, or opportunities for growth. 6. Practice Your Interview: Conduct a mock interview with a friend, family member, or career counselor. This can help build confidence and identify areas for improvement in your delivery and response techniques. 7. Dress Appropriately: Choose professional attire that is appropriate for the company culture. Research the company's dress code if necessary. 8. Prepare Materials: Gather all necessary materials, such as resumes, portfolios, references, and any other supporting documents. Review them thoroughly to ensure accuracy and relevance to the position. 9. Plan Your Route: Visit the interview location ahead of time to ensure you know where it is and how long it takes to get there. Plan for potential traffic or public transportation delays and allow extra time to arrive early. 10. Visualize Success: Spend some time visualizing a positive interview experience, focusing on your strengths, enthusiasm, and ability to communicate effectively with the interviewer. In summary, preparing for a job interview in a week requires a combination of research, self-reflection, practice, and planning. By following these steps, you'll be well-equipped to make a strong impression and increase your chances of securing the position. Good luck with your interview!",398,True,282.0,0.8,0.95,,train,0.8990965312217961
T0125,howto,,human,human,human,"Talk to your friend and try to appreciate his or her position. Your friend may have genuine feelings for your crush that seem to be reciprocated. If they really are your friend, you should want to see things work out for them one way or another.If your friend really cares about your crush, the right thing to do may be to see how things go. If your friend doesn't seem to feel too seriously about your crush, he or she may understand if you tell them about how you feel. If your friend has strong feelings for your crush and you interfere, you risk ending your friendship.; , Your crush's feelings should be paramount to you if you really care about him or her, so take a step back and consider the situation. Does your crush seem to truly care about your friend? Are there any signs that he or she may have been interested in you? It may be difficult to accept that your crush may not have an interest in you romantically, but understand that it doesn't mean you are any less valuable or attractive as a person. Maybe you two simply aren't right for each other. If your crush seems like he or she is interested in you and doesn't care too deeply about your friend, you may want to consider being honest with each of them about your feelings. , There are many different kinds of crushes one can have on another person. How deep are your feelings for your crush? How well do you know him or her? If you have strong feelings you fear you may not be able to push aside, you may want to tell them the truth.If you don't know your crush very well, it may not be worth the damage honesty could cause to your friendship. If you are uncertain about your feelings, take a step back and give yourself some time. There's no reason to make any rash decisions. Infatuation and love are different emotions that feel very similar. Infatuation often occurs when you are caught up in the excitement of meeting a person you like, but the feelings often lack longevity. , After considering your feelings, the feelings of your friend and the feelings of your crush, you'll have to determine what you think the best course of action is.",392,True,,,,boundless-asura/wikihow,test,0.9416490940207937
T0126,howto,,human,human,human,"Clearly there was a reason you were dropped from the side and you'll need to work on remedying the reason before you can earn back your place on the team. Whether it's poor passing or being too unfit, focus on doing what you can to improve your performance. If it's lack of fitness or a particular physical weakness, put together a training program that targets the areas you're not strong in. If it's about lacking mental determination or stamina, you'll need to spend some time working on improving your confidence and belief in your abilities. You might find improving your visualization skills to be helpful. ; , Even if you aren't the best at a lot of things that are involved in the game, doing even one thing better than anyone else can prove to others that you need to be on the team. If you're not the fastest bowler or the strongest batsman, make yourself the best fielder, the person with the most motivation or the best team-player. , People who attend team meetings and practices, who become friends with other players or team members, or who perform fundraising and other non-game related tasks, show that they committed to the team, and that is the most important attribute no matter your skill. , Since you've been dropped from the side, you'll need to work harder than anyone else on the team, so get in extra practices and read up about your sport frequently to keep ahead of the other players. Learn from the professionals in your sport by reading their biographies and about their wins - what moves, tactics, and thinking strategies are they using to make their game or sporting prowess much greater? , Although being too obvious is probably a bad idea, make sure you show off your new skills at practices and make sure other team members can see you've improved. Whenever there is a new round of try-outs or selections for your team, be sure to put down your name and go for it with the attitude that this is a fresh start. , Nothing is more important than maintaining a good attitude, even when you may feel sour for being dropped. Remember to keep in there and never give up!",376,True,,,,boundless-asura/wikihow,train,0.959539011299386
T0127,howto,,human,human,human,"Find a park bench and sit on it for awhile. Lay a blanket on the grass and take a quick, sunny nap. Lounge on a tree-shaded chair. You may feel compelled to stay inside due to your nesting instinct, etc., but push yourself to head outdoors for at least 30 minutes every day. , Make sure that you consume consistent meals and healthy snacks throughout the day. For example, eat at least four servings of veggies every day and between two to four servings of fruit as well. Try to include a protein, dairy, and grain product in every major meal as well. Limit your consumption of processed foods and sugars. Eating well will make you more able to cope with the physical and emotional challenges you'll face during pregnancy.Staying hydrated by drinking plenty of water will also help to alleviate pregnancy headaches, which will provide a boost to your spirits as well. If you struggle to eat properly while pregnant, you may want to see a nutritionist. They can provide you with easy-to-follow meal plans and also give you positive support during and after your pregnancy. , Do at least three 30-minute sessions of some sort of exercise each week. This could mean walking or even taking a prenatal yoga class. The point is not to prove that you can run a marathon, this is about you recognizing the strength and beauty of your body. Do activities that make you feel exhilarated, not exhausted.Watching how well your body continues to respond to exercise, even late in pregnancy, will also help to diminish some of the concerns that you might have about the birth process itself. Trusting your body is something that takes time to develop. Make sure to consult with your doctor regarding your exercise patterns. You may need to avoid certain activities, such as horseback riding, or tailor other activities to accommodate the changing health needs of you and your baby. , Aim to get at least eight solid hours of uninterrupted sleep a night. And, try to fit in at least one 30-minute nap each day, add additional and longer naps if you can. Getting enough rest is important because lack of sleep can increase negative emotions and aggravate other physical symptoms that you may be experiencing, such as nausea. Exhaustion is the most common complaint made by women in the first trimester of pregnancy.",398,True,,,,boundless-asura/wikihow,train,0.9801448703613166
T0128,howto,,human,human,human,"One symptom you'll notice immediately is a change in your energy levels and recovery time. If you are over exercising you'll see a decrease in energy and an increase in the amount of time you need to recover from certain exercises.If you're noticing an overall lack of energy or inability to complete your normal workouts, this is a sign you need a rest. Also, if you notice continued muscle soreness (past the 72 hour mark), this is a signal your muscles have not recovered or repaired themselves. You'll need to continue with rest until the soreness resolves completely.If you have increased injuries or an injury that won't heal, take a rest and definitely go see a doctor to diagnose the issue. If you notice muscle pain while you are exercising, you may not have gotten enough rest in between exercise days.; , One obvious sign of exercising too much is a disrupted sleep pattern. This is one of the first signs you may notice. Either sleeping too much or experiencing insomnia is a sign that you might be pushing yourself too much.First, start by figuring out how much sleep you typically get on a ""good night."" Do you sleep eight hours or a little more or less? This will be your norm and the basis for you to judge whether or not your sleep habits have changed. Many people start to notice they're having difficulty sleeping or they're experiencing some insomnia.Insomnia is defined as having difficulty falling asleep or staying asleep.Studies have shown that too much exercise may increase stress hormones in your body preventing you from falling or staying asleep.On the other hand, you may notice that you experience increased fatigue and increased desire to sleep longer or more often during the day. If you're staying in bed for nine, 10 or more hours, you may be exercising too much. , You may not realize how your mood, mental state or motivation is affected by over exercising. Any changes to your typical personality may also be a sign you've put in too much time at the gym.Changes in mood or feeling depressed are associated with overtraining. If you notice you've been snappy more often, feeling ""blue"" or have just been more irritable, take a look at how much you've been exercising.Another thing to track along with mood is your feelings about working out.",394,True,,,,boundless-asura/wikihow,train,0.9733710479484079
T0129,howto,,human,human,human,"You will want to look for a level area most likely covered with grass or a previously grown crop. Two pot bellied pigs can till up a 10ft x 10ft (3 meters x 3 meters) pasture area in the summer in approximately a month.; , You will want to have a place for the pigs to seek shelter from storms and get shade on sunny days. The house can be bottomless to allow the pigs to make a nest in the dirt below it. The house should also be light enough that you will be able to move it. Twelve bales of straw arranged in 3.5 sides make a great, portable pig house, especially if topped with polycarbonate that overlaps the edges, especially on the shady side, and is weighted down with heavy metal. The pig will nose loose straw into bedding and nestle within it at night. , If using a permanent fence, make sure that the fence is very sturdy - pigs are strong. Cattle panels work well if they're well anchored. Pigs can push down or root under many fences. If you are planning on moving the pigs to make your garden bigger (or if you want to make sure you have a fence the pigs cannot get out of) you may want to set up an electric fence. Several strands of poly-tape or electric tape suspended approximately one foot off the ground can contain pigs, once they are trained to the fence. ElectroNet fences also will work well. , Pigs are very social animals and like to live with at least one other pig. A pig's size depends on its breed and can range from a 150 pound pot bellied pig to a 700 pound Hampshire boar. If you do not have any experience with large livestock, your best choice is probably a smaller breed. , Make sure the pigs have access to water via a large water bowl or trough. , Pigs love nothing more than rooting around in the soil, eating grass, roots, bugs and any other delicious treats they may find. While exhibiting this natural behavior, they unearth anything that is growing and leave behind tilled soil that is full of organic material and the pigs' own natural ""fertilizer."" , Once the area is turned over and most of the previous ground cover has been eaten, you have two choices.",397,True,,,,boundless-asura/wikihow,test,1.0032436956219413
T0130,howto,,human,human,human,"Before, he always seemed ready to hang out, and now, his reasons for not being able to see you are piling up. At first, you believed him when he said he had a stomach ache or was too tired to go out, but you're starting to wonder if he's really trying to tell you that he doesn't want to spend time with you because he's busy hanging out with some other girl. Here are some signs that he may be cheating: If he used to save all of his free time for you, but now he's always going out for ""boy's night."" This is especially suspicious if he doesn't have that many male friends, or never showed much of an interest in hanging out with his bros before. If he's suddenly working overtime all the time. Though he's worked overtime occasionally in the past, suddenly things are really busy at work, and he seems to always be there instead of hanging out with you. Of course, many professions have a busy season, and he could be working on a more time-consuming project, but it's more likely that he's using overtime to mean ""time with my other girlfriend."" If he's always too tired to stay out late or hang out and was never tired before, this may be a sign that he's using his energy on someone else. If you made a routine of having lunch or dinner together often and now he's never in the mood, or just doesn't feel well or isn't hungry. None of these signs alone means that your boyfriend is cheating on you. But if all of these things come up repeatedly, then it either means that he's spending a lot of quality time with someone else, or that he doesn't want to spend time with you anymore. If he's always making excuses for why he doesn't want to hang out with you, then you should ask yourself why you're still in the relationship. , Even when he's not making excuses, your boyfriend could start saying things that make him sound like another person all together. If there's suddenly a change in how he talks to you and how he talks in general, then he may be thinking of another lady. Here are some signs that the things he says may show that he's cheating: If he stops complementing you.",394,True,,,,boundless-asura/wikihow,train,0.9770258082059252
T0131,howto,,human,human,human,"People can experience pain from a fight or break up in different ways, and your sister is no exception. Don't just assume what she is feeling; it will vary depending on who the fight was with or what the break up entailed. If she looks devastated, now is the time to step in and show some love; don't say anything along the lines of, 'Your boyfriend was a jerk anyway"" or ""You deserved better than a fight like that"". Maybe hug her or bring her a bowl of ice cream. If she looks angry or frustrated, show her that you feel the same way. Help her express her anger positively, whether it's screaming into a pillow or going to a karate class.; , If she is in the middle of crying her heart out, you should give her some space. While you may think bringing her some chocolate will help, it could come across that you don't care about her pain and are trying to change the subject. It is crucial to let your sister be alone and figure out her emotions herself if you are the one who started the fight or made her upset. You can cheer her up and say your apologies later when she is done crying and has had some time to think. If your sister is angry or frustrated and yells at you when you try to comfort her, back off. She obviously doesn't want your help if she verbally told you so. This also goes for if she is having an anger episode or expressing her emotions violently (screaming/yelling, kicking, punching, throwing things, etc.) , If she says no, respect that and say something like, 'That's okay, we don't have to talk. I'm happy just to sit here with you' and hug her. If she does talk about her feelings, genuinely listen and say something like, 'I'm here for you' or 'this must be hard for you'. Sometimes this will help her feel better, but in some situations it may not be the best option. , Make her a special breakfast in bed, give her a homemade card, do something with her that she loves, or anything that will show her that you're there for her in her time of pain. , Just because you're there, doesn't mean she'll chin up immediately.",389,True,,,,boundless-asura/wikihow,train,0.991662266414763
T0132,howto,,human,human,human,"Dictionaries contain definitions of words, their usage, and their origins. All of this information can help you decide if a given word is the right word to use in the section of text you're working on. Dictionaries are available in both hard-copy and online format; you may want to make use of both formats. Use the dictionary to help you communicate better with your readers, not to inject fancy words into your writing that send them to the dictionary to understand what you're trying to say. Do use less-familiar words that can readers can figure out the meaning of from the context the words are used in. Specialized dictionaries exist for certain industries that have their own jargon, such as information technology, the law, or medicine. If you write a certain type of fiction, such as medical thrillers, police procedures, or science fiction, you may want to get a dictionary devoted to specialized terminology to go alongside your general dictionary. , A thesaurus is a listing of synonyms, grouping words and phrases together that have the same or similar meanings. Printed thesauruses are organized in 1 of 2 ways, either in dictionary fashion or with an index in the front, listing categories and code numbers for each subtopic, followed by the synonym groups that fall under those categories and code numbers. Online thesauruses feature a search field into which you type the word or phrase you want to find a synonym for and then list the synonyms grouped by the particular connotation (shade of meaning) of the word you typed. , You can take advantage of vocabulary builders such as Word of the Day, in either day calendar or Internet form, and books such as ""30 Days to a More Powerful Vocabulary."" , As you read, pay attention to how the writer uses words to paint a visual picture in your mind and look for ways to emulate those techniques in your own writing. , Poetry makes considerable use of imagery and symbolism in the words it uses, as well as the meter and rhyme. Reading and writing poetry can help you learn to use words that convey images to others in your prose writing. , Games such as Scrabble, Bananagrams, and Unspeakable Words help you develop and practice your vocabulary, with the competition against other players substituting for the pressure of a deadline to stimulate your thinking process.",399,True,,,,boundless-asura/wikihow,train,0.992723509455
T0133,howto,,human,human,human,"Do jumps over a soft surface and always wear sneakers or other gym appropriate shoes.; , Always stretch before jumping and during any other free time. You can even stretch while you watch TV. The following are only a few of many exercises that will help stretch the important muscles used for jumping: Sitting Straddle: Sit on the floor with your legs out in the shape of a ""V"" as far as possible. First, lean to your left foot and grab around the foot. You should feel it stretching your side and the back muscles of your thigh. Then, switch to the right side. Finally lean down the middle by pushing your hands forward as far as possible without having the legs or feet turn inwards. Sitting Toe touch: Sit on the floor with your legs beside you. Point your toes and lean to each side holding for about 10 seconds. Grab your feet if possible and pull your head to your knees. Flex your feet so that your toes point up and stretch side to side again. The stretch will be in the back of your calves (the back of the bottom part of your legs). Sitting Pike: Sit on the floor with your legs stretched in front of you, knees extended outwards, and your feet touching each other. Stretch in front of you holding for 10 seconds.. Lean forward as far as possible, getting your face close your feet. Then, still keeping your feet together, try holding it longer, or for another 10 seconds. , As a main part of cheerleading, jumps should be practiced as often as possible. Great jumps make a better cheerleader. Jumps are always done in eight counts. Some popular jumps include the t-jump, spread eagle, hurdler- front and side, shushunova, around the world, double hook, and double 9. Here are a few examples of how to do important jumps: Toe-Touch. Begin with feet shoulder width apart and hands on your hips. Hold this position for ""5,6,7,8"". On ""1"", snap your feet together and put your arms up in a tight V. On ""2"", swing your arms down so that they cross each other in front of you, and bend your knees. When your arms are fully crossed your knees should be in a deep bend. As you swing your arms out, begin to jump up. Hit the full toe-touch on ""3"".",398,True,,,,boundless-asura/wikihow,train,1.022660521516676
T0134,howto,,human,human,human,"Hold the ball between your index and middle fingers. Slot the ball between these fingers, so they're split wide but comfortably and the seam runs between them horizontally. Bend your ring and little fingers, so the inside of your ring finger touches against the side of the ball. Your little finger should rest along your ring finger.""Two fingers down and two fingers up"" is a quick way to remember the grip. Your index and middle fingers are straight and point ""up,"" while your ring and little fingers are bent and point ""down.""; , Make sure there is space between your palm and the ball. If it is pushed too far into your palm, then you won't have the leverage you need to properly spin it. Your wrist and middle finger will do all of the work., Holding the ball too tight also prevents you from getting the right leverage and from controlling the spin. Let it gently rest between your middle and index fingers, with your thumb held close to the index finger but off the ball. Your whole hand will give the ball motion, but only these contact points will give it rotation and curve. Keeping your grip loose allows for more freedom of motion when you spin it., Bend your wrist at a 90-degree angle to prepare your delivery, so that if you put your arm straight down and flat at your side, the palm of your hand (and the ball) face upwards. Holding your wrist at this angle will allow you to quickly rotate the ball from right to left when you release it. Remember that the leg break's rotation comes from the motion of the wrist and middle finger, so set your wrist so you'll be able to cock it correctly., Aligning the left side of your body with your target. This will help you aim and control your approach. It will also allow you to gather momentum when you rotate your body when you throw the ball., Get your stance ready for your approach. Your run up cannot too straight nor too angled. Either extreme will prevent you from rotating the ball properly and from using your non-bowling arm for momentum. , Right before you bowl, lift and slice your non-bowling arm down hard in front of you. Use your arm and the left side of your body to give you more momentum.",398,True,,,,boundless-asura/wikihow,train,1.0168297206658499
T0135,howto,,human,human,human,"When you are having any kind of conflict with another person, it's best to to avoid dealing with the problem while you are feeling angry, frustrated, or upset.You will probably not communicate well, and may just make the situation worse. If possible, remove yourself physically from your little sister. Talk about what happened when you both feel calmer. If you can't get away, try to keep your head. Blowing up at her will only make things worse. Take a breath and count to ten before responding.; , Instead of saying, ""You are such a brat!"" or or ""Why won't you leave me alone?"" try telling her, ""When you do that, I feel sad/hurt/disrespected/upset. It hurts my feelings. Do you like it when people hurt your feelings?"" This helps your sister understand the impact of her behavior and teaches her that her actions have consequences.Using ""I"" language rather than blaming, criticizing, or accusing your sister will also show her that you respect her. She will be much more likely to treat you with respect in return., How is she experiencing your conflict? Even if you continue to disagree, understanding where she's coming from will help you both move toward a solution., Were you always totally rational, or did you sometimes do ridiculous or embarrassing things? Do you think you ever annoyed people? Do you remember how it felt when people you loved or looked up to were mean to you? Your sister's brain is still developing, and she needs patience as she figures out how to interact with others. The more empathy you show her, the more she will learn, and the less annoying she will become., If you want to change her behavior, you have to understand why she acts the way she does.Although it may not always seem like it, your sister looks up to you. She wants to spend time with you, and to know that you love and respect her.If you show her that you do, your relationship with her will become much easier. Consider the consequences of your own actions. For example, if you give your sister the silent treatment she will become desperate for your attention, which may make her even more annoying.",368,True,,,,boundless-asura/wikihow,test,1.0036974157304797
T0136,howto,,human,human,human,"It isn't professional or collegiate football, but at a high school level coaching football still takes up a lot of time. Depending on your position, the job can take anywhere from 15-60 hours a week, often on top of a full-time job.Possible commitments include leading game film studies, weightlifting, coaches' meetings, drawing up game plans, scouting, recruitment, and parent meetings. Those that have a significant other or a family should speak with them first. The time commitment involved means less time you get to spend with them, so if they aren't on the same page with your goals, relationship problems will occur down the line.; , To become better at not just winning games but inspiring players in their personal lives, there's no better way to learn than to hear it from the people who have been there. Pick up media from actual coaches, including books and interviews, as well as discussing the sport with others.You can start with books such as 'Finding the Winning Edge by Bill Walsh for on-field coaching, Faith in the Game by Tom Osborne for impacting the lives of players off the field, and Quiet Strength by Tony Dungy and Wooden by John Wooden for living a balanced life. Don't forget to study up on plays! While a positional coach can get by learning the position, a head coach needs to know offense, defense, and special teams inside and out. Read books and study game film. Dig deep to find football documentaries that offer insight on coaching, such as those in ESPN's 30 for 30 series. Popular movies can help too, but keep in mind that movies such as ""Remember The Titans"" and ""The Blind Side"" are criticized for placing feel-good messages over historical accuracy.Online reading is always an option. Seek out discussion forums, coaching interviews, and other places where you can meet and benefit from avid fans, former players, and coaches. , Chances are you're already doing this in some capacity. If you live near a city with a professional team, you can get tickets to the games. If you have a child, you may attend their games. Either opportunity gives you a chance to expose yourself to not only plays, but how people learn. Naturally, as a potential high school coach you want to focus most of all on the high school level, so show up to those games.",396,True,,,,boundless-asura/wikihow,test,0.9724496811872749
T0137,howto,,human,human,human,"Ask mutual friends about the boy's hobbies or favorite past times. Snoop on his social media to find out his favorite music, movies, and television shows. Pay attention to any sports he plays at school or when he is around friends. For example, you may ask his mutual friends, ""What is his favorite thing to do outside of school?"" or ""Can you tell me what his favorite television show is?""; , Find him on social media platforms like Instagram, Snapchat, Twitter, and Facebook. Follow him so you can get to know him better through social media. If he follows you back, this can help to build your friendship.You can also use social media to learn more about his interests as well as a direct line of communication. This may help you feel more comfortable with talking to him and help your friendship blossom. , People are generally attracted to others with similar backgrounds and it will be easier for him to connect with you if he sees these similarities. Think about interests you have in common with the boy, such as a favorite television show or sport. Then, use these shared interests as icebreakers for your first conversations.For example, you may find out that you both like action movies. Or you may discover that you share a common interest in video games. Do not pretend to like things the boy likes just to become friends with him. You will likely find at least one thing you have in common with him so you do not have to fake it. , If you have not had a lot of interaction with him, you may feel more comfortable getting to know him within a group. If you have mutual friends, ask them to help facilitate an introduction when you're all together.If you do not have mutual friends, you could consider becoming involved in a group or club that he attends. This will not only aid in increasing your interaction with him, but will also create an instant common ground that may feel more natural. , When you are around the boy, try to project an open, friendly demeanor. Avoid aggressive body language such as clenching your fists and crossing your arms.",369,True,,,,boundless-asura/wikihow,train,0.9950875302733189
T0138,howto,,human,human,human,"Minimizing bras are specialty bras which specifically add no bulk. They help a little and may be enough for your purposes, especially if you're just wanting to fit into particular clothes. Sports bras, however, not only provide support but also flatten your chest. These originally served the purpose of stopping breasts from moving during exercise, causing pain. If large, painful movements are a concern (for both physical and superficial reasons), sports bras may be the solution for you.; , You probably have heard of Spanx or other shapers. These are items you wear under your clothes that suck everything in. You can buy ones which cover all sorts of different areas of your body but for you, one which covers the chest will be the most helpful. You might find these sold online under the word shaper or chest binder, but they will usually both be roughly the same thing. , If you're desperate and none of the other options have worked for you, you can use chest binding as a temporary solution and last ditch effort. It only is really helpful for those with breasts in the US C-DD cup range, but you can use it outside of the range as well. Keep in mind that this may not be comfortable but it will get the job done if you just want to have some nice pictures taken or fit into a special dress. , You can buy good, safe binders from many different sources online. Make sure any binder you wear is safe and will not cause any physical problems. Only bind with a specialized binder, do not use Ace bandages or any similar product. Ace bandages are meant to compress, and can cause breathing problems, bruises, rib fractures, or otherwise damage breasts if when worn for frequent and extended periods of time. , Wearing baggy clothes will only make you look larger all over and increase the problem. Wear clothes that aren't tight, but fitted, and cover the breasts entirely to look good without attracting excessive attention. You'll want to do the same with your bra. Just wearing a bra that fits makes a huge difference in how your breasts feel. , Avoid cowl-neck sweaters and shirts, turtle neck shirts and sweaters, tops with puckers or gathers around the chest, ruffle-front shirts, and any other items which add volume to your chest.",395,True,,,,boundless-asura/wikihow,train,1.0053726510181964
T0139,howto,,human,human,human,"Free verse poetry does not have a structure and there are no rules around meter or rhyme scheme. As the poet, you have the freedom to express yourself any way you would like, while bearing in mind that free verse poetry is still a form of artistic expression. You can use the freedom of the free verse to create striking images and explore a range of emotions. To get yourself in the mindset of a free verse poet, you should read several examples, including:""After the Sea-Ship"" by Walt Whitman""Little Father"" by Li-Young Lee""Winter Poem"" by Nikki Giovanni""in Just"" by e.e. cummings, Once you review the examples, you should look at how the examples address their subject matter and how they use keywords to discuss their subject in the poem. Though the form of the poem is open, the poet likely still uses key terms and images to create meaning in the poem. For example in Li-Young Lee's poem ""Little Father"", Lee uses the topic of his father and flips the idea on its head by calling his father ""my strange son"", and ""my little root"". He then imagines his father as a ""little pale foot"" and a ""little clock"". These strange and vivid images allow Lee to explore the idea of fathers from an interesting perspective.Another good example is Walt Whitman's ""After the Sea-Ship"", where Whitman describes the scene after a ship has passed through a stretch of ocean. He uses strong images like ""white-gray sails"" and ""myriad waves"" to create a strong impression in the reader's mind. The poem also builds on image after to image until it follows the movement of waves. Though the poem is technically not structured, it does have an arc and build up to an ending., In free verse poetry, you have the freedom to play with meter, structure, and language. To generate content for your poem, you can write down a list of keywords and images that relate to your subject or theme. You can then string these words and images together to form lines for the poem.For example, if you want your poem to focus on the theme of sadness, you may write down words and images that communicate ""sadness"" to you. You may focus on specific moments in your life when you felt sadness and use these images to create the poem.",391,True,,,,boundless-asura/wikihow,train,0.9308924404267909
T0140,howto,,human,human,human,"If only one of your tubes is blocked, and you are otherwise healthy, your doctor may suggest a course of fertility drugs like clomiphene, Femera, Follistim, Gonal-F, Bravelle, Fertinex, Ovidrel, Novarel,Antagon, Lupron, or Pergonal.Several of these drugs (Lupron, Pergonal) shut down the pituitary gland so you can control it with medication. They may be used in combination with other drugs, which cause your pituitary gland to release follicle-stimulating hormone (FSH) and luteinizing hormone (LH), thereby increasing the likelihood that you will ovulate and become pregnant (using the open fallopian tube). Note that this treatment will not work if both your fallopian tubes are blocked. If this is the case, you'll need to begin with more aggressive treatment options. The most common risks of taking fertility drugs are multiple pregnancy and ovarian hyperstimulation syndrome (OHSS).OHSS occurs when your ovaries become filled with too much fluid.; , If your doctor thinks you are a good candidate for surgery, they may recommend a laparoscopy to open blocked tubes and remove any existing scar tissue. Laparoscopic surgery does not always work. The success of your procedure will depend on your age and the cause and extent of your blockage. If your blocked tube is relatively healthy, you have a 20 - 40% chance of getting pregnant after surgery. The procedure will not be painful because you will be under general anesthesia. Risks of laparoscopic surgery include bladder infection and skin irritation around the surgery site.If you have a particular kind of blocked fallopian tube known as hydrosalpinx, in which the tube fills with fluid, you may not be a good candidate for surgery. Discuss your options with your physician - they may recommend removing the tube. This kind of surgery increases your risk of future ectopic pregnancies (in which the fertilized egg implants outside of the uterus). If you do get pregnant after your laparoscopy, your doctor should follow your progress closely and watch for signs of an ectopic pregnancy. , Salpingectomy involves removing part of your fallopian tube. This procedure is done when a tube has a buildup of fluid called hydrosalpinx. This procedure is done before undergoing an attempt at in vitro fertilization (IVF).If the end of the fallopian tube is blocked due to hydrosalpinx, a salpingostomy is performed. This procedure creates an opening in the fallopian tube near the ovaries.",389,True,,,,boundless-asura/wikihow,train,0.8857637920485211
T0141,howto,,human,human,human,"If you are suffering from ongoing nightmares that are affecting you during the day, then seeking help from a mental health professional is a good first step.You can start by seeing your doctor to discuss your nightmares and determine if the nightmares may be the result of medications or a physical condition. To receive a diagnosis of nightmare disorder, your nightmares cannot be explained by drug or alcohol use, medications, or another physical or mental health condition.If you have any of these factors, then see your doctor to find a way to correct the problem. For example, if you are taking a prescription drug that lists nightmares as a potential side effect, then your doctor may need to switch you to a different medication. If you have an existing mental health problem, then seeking treatment for that condition may help to alleviate your nightmares.; , One of the criteria for nightmare disorder is that the dreams must be bad enough to cause you to wake up. The dreams may seem to threaten your life, safety, and self-esteem. For example, you might dream that you are being attacked by a person or a wild animal, or that you are being ridiculed by a group of your peers. After you wake up, you will feel alert and aware of your surroundings.You may feel quite distressed upon waking as well. This feeling may last all day and interfere with your ability to engage with work, friends, family, and/or hobbies., The length of time that you have been suffering from nightmares will affect how the clinician evaluating your condition will rate your disorder. The categories include:Acute. Nightmares have been ongoing for one month or less. Subacute. Nightmares have been ongoing for one to six months. Persistent. Nightmares have been ongoing for six months or longer. , Your doctor or mental health practitioner will also assign a specifier to indicate the frequency of your nightmares. These specifiers include:Mild. This means that you have no more than one nightmare per week. Moderate. This means that you have more than one nightmare per week, but that you do not have a nightmare every night. Severe. This means that you have nightmares every night.",366,True,,,,boundless-asura/wikihow,train,0.9249685551448904
T0142,howto,,human,human,human,"Update your antivirus software and firewalls so you don't have to worry about strangers sending virus or malicious software to you. Make sure you're dressed appropriately - err on the side of modesty if you're nervous - and make sure there is no personal information such as a phone number or full name visible in the background behind you, as this could be caught by your webcam while chatting.; , Choose a genuine interest, but choose a fairly specific one like ""classical musicals"" or ""cross-country skiing."" Avoid general, ambiguous interests like ""movies,"" and never put anything even remotely sexual, as this will attract precisely the wrong kind of people. , Omegle warns you if the stranger is using a simulated or recorded webcam, and most people who do this are some kind of troll or are otherwise untrustworthy. Instead, opt to chat with someone using an authentic, real-time webcam, as this will allow you to have an actual conversation and make friends. , If the stranger swears or abuses you verbally, asks you to strip or perform a sexual action, offers to do so himself, or does so without asking, leave the conversation and report the user immediately. If anything they say makes you feel uncomfortable or unsafe, even if it's not explicitly abusive, leave the conversation immediately. , If the person you're talking to is worth making friends with, chances are they'll also be worried about internet safety. Asking for (or giving) personal information like age and location can make you seem rash and suspicious. Instead, focus on getting to know them and having a casual conversation. If it goes well, you can trade contact information at the end of the conversation, so you don't need to ask for this information until then. , Chat with them for a considerable amount of time - more than an hour - on Omegle Video Chat. Try to get to know them before becoming friends. Make sure there are no red flags during the conversation - make sure they seem like a normal, safe, reliable person. If at the end of the conversation you feel that you want to be friends with them, find another way to contact them. Give them your IM screen name, email address, or, if you really want to, your Facebook account.",384,True,,,,boundless-asura/wikihow,train,0.9583656523962236
T0143,howto,,human,human,human,"Fresh breath is important for kissing because you want to give the boy as many excuses as possible to keep on kissing you. Try using lifesavers or mints and always brush your teeth before you meet up with him. Remember, bad breath isn't the end of the world but avoid it if you can. Try not to eat strong, spicy, or garlicky food before you see him. Again, if you can't avoid it, it's not a huge deal but it's better to avoid it altogether.; , You can't always plan when and where you'll kiss a boy, but you can try to be prepared. If you're dressed pretty and in a way you feel comfortable, you'll have a spring in your step. That means you will be more confident. More confidence means that there's a bigger chance the boy comes back to kiss you again. Don't necessarily wear lip-gloss, and don't wear heavy lipstick. Lip-gloss and lipstick, especially, will rub off on your partner, making him look sparkly or sloppy, depending on the situation. Stick with lip balm instead. Don't wear a bunch of accessories like hats, or wear your hair so that it gets in the way. Boys like natural beauty anyway. You may want to try kissing the boy when you have your hair up, so that he focuses only on you and the kiss, not the hair tickling his face. , Public places are generally not so good for the first kiss, as you can get people staring at you or even heckling you. Try to find a place that's public, but still intimate, for you to share your first kiss. , This will not only make him understand that you like him, but will also give him some time to adjust to you, so that you're not going from 0 to 60 in a second. Hold his hand or put your arms over his shoulders. Start moving your body so that he's much closer to you; it'll be awkward if you have to move a long way to kiss him. Touch his hair or face to make him know that you are interested. Gently touch his nose with your pointer finger and smile at him. You can even try hugging him first, and while you're still hugging him, lean back and go in for the kiss. This creates a connection from the very moment you hug.",400,True,,,,boundless-asura/wikihow,test,0.9431534533691004
T0144,howto,,human,human,human,"Prove to her that you're going to get a lot of use out of the clothing you want now by showing her that you still wear clothes that you wanted really badly in the past-even if you hate them now. If you can't stand being seen in them, save them for the weekend and family functions, when you're less likely to see schoolmates.; , Feel free to take fashion cues from your friends (it's perfectly normal for you and your friends to influence each other),but stop short of wanting something just because that's what they're wearing these days.The more you follow your friends' lead, the less likely your mom will buy the clothes you pick out if she doesn't like them, just because she doesn't think your fashion choices are your own. Dress the way you want to dress and convince your mom that she won't have to buy you a whole new wardrobe the next time your friends switch theirs. If you're adopting a certain style, start small. Say you're Goth; your mom might refuse to buy you really ornate outfits right away because she thinks this is just going to be a ""phase"" for you. Choose simple ways to dress Goth in the beginning. Stick to black jeans, black shirts, black jackets, etc. Prove to her over time that this is more than just a phase. Convince her that more elaborate clothing won't be money wasted. , Convince your mom that this isn't just an impulse buy. Go to stores on your own or ask your mom to take you so you can just look at stuff. Try clothes on and see what you like. Then tell your mom you'll think it over before asking her to buy anything. Show her that this is something you really want and not just a passing fancy. , Ask yourself why you like these clothes in the first place. Based on your answers, come up with clear reasons why it's important for you to have them. Use these reasons to convince your mom. Show her that you're putting actual thought into this, like an adult.For example, if she argues that these clothes are too ""old"" for you, tell her that you're only growing older; mention things like job- or college-interviews as reasons why you need to look more mature.",388,True,,,,boundless-asura/wikihow,test,0.988394225193651
T0145,howto,,human,human,human,"What information is important to you? What will you do with the marketing report after it is created? This process requires an investment of time and expense. Make sure that you have a clear plan for using the information that you collect.Market research is the process of evaluating how well your marketing efforts are working. Specifically, does your marketing get the attention and interest of prospects? Are you converting enough of those prospects into clients?; , Before you can identify your customer's need or problem, you must identify your target or typical customer. Your target audience is the specific customer profile your are trying to reach. This could be people of a certain gender, age, profession, interest set, group, or any other quality that you think makes a customer want to buy your product. In other words, these are the people who are most likely to buy your product and the people that you tailor your marketing to.The more specific you can be about the identity of your customer, the better you can address their needs. Ask yourself, ""Who am I targeting with this product?"" and ""What do they want?"" Look at your current customers. What's the average age? Gender? Education level? Personality? Lifestyle? Hobby? Occupation? Marriage status? Values?, Consumers buy products to solve a specific problem. Your customers will only buy when they feel that solving the problem is urgent.For example, based on customer surveys and your industry knowledge, you uncover a customer problem. In this case, customers are losing time working or studying when their cell phone dies. If they forget their charger, they may lose hours of productivity. , Think about how exactly you went about responding to the customer's problem. Why did you solve it that way? What make you think about the problem in this way? What exactly does your product or solution do or include? For example, to solve the problem of dying cell phones, you create a phone charger built into a backpack. Your customers use backpacks to store computers and other work or school items. As a result, the worker or student can always charge their phone. , Figure out whether or not your product has reduced the impact of the problem you saw. This is also a good place to determine whether or not your problem needed solving in the first place.",391,True,,,,boundless-asura/wikihow,train,1.0031422574365834
T0146,howto,,human,human,human,"One big indicator that someone is totally into you is by checking to see if that person has reached out to you via social media. This means someone is thinking about you when you are not together and wants to learn more about your personal life., If she sends you a text message just to see what you are doing, or texts you all day long, then she probably can't get you off of her mind. Constant communication is a clear sign that she has a crush on you., If someone has a crush on you, she may lightly make fun of you, not to hurt your feelings, but to make you smile. The is a common method of flirtation.Along with teasing, watch for funny conversations. Chances are, she will try to keep conversations light and funny to get you to laugh, if she has a crush on you. , It can be hard to tell if someone always tries to look their best, or if it is for you. If you are Facebook friends, try looking at her photos to get a sense of what her appearance is like when you two are not around each other. If it seems that she tries to look at her best only around you, then you know she is trying to impress you., If someone stops at a shop you love to buy you a special gift, or surprises you with a little treat, then it is a sign of a crush. She wants to make you happy with her small gestures of affection and show you that she cares., If someone is always willing to spend time with you and never misses a chance to see you, then you can be sure she has a crush on you. Watch to see if she attends the same parties as you or cancels on other plans to hangout with you., If someone is crushing on you, be ready for compliments about even the smallest changes you make. Someone who likes you will notice when you get a haircut or buy a new pair of shoes, and she will let you know about that new change with a compliment.",365,True,,,,boundless-asura/wikihow,train,0.903476765079821
T0147,howto,,human,human,human,"Understand your strengths and weaknesses. If your team doesn't have a strong sniper, you must go on the attack, and take the other team out. If your team has strong snipers, then set up traps, where when the other team comes into a zone you have people shooting from all directions, even experiment with your positions to see find your best two more example if any team member thinks it would be too likely to get tagged in the middle of the paintball war and it is too risky if they get noticed then being a sniper might be a better choice. The second example is if any team member thinks ""Oh, who would want to mess with this person in the middle of the field"", then go for Infantry, Rifleman, Gunner, Guard, Patrol or Scout, these two examples are found out from experience and practice so this may take some practice at paintball to realize this type of suggestion. Please keep in mind that the more noticeable you are, the more prone you are to get tagged; things like sound, improper camouflage,bright colors,radios,loud music,some times you're better off keeping it to your self then saying it to others think of it it's a better choice to keep it to your self about reloading then to yell cover me reloading in case of snipers or other opponents that find you compared to not being noticed from keeping it to self; , At the beginning of the game, when choosing teams, notice what type of weaponry the other team has. Notice the key players (these are usually the leaders of the teams) and what they have with them. Notice ammo supply that the key players have. You must be very observant!but don't rudely stare at them because then they will notice you and tag you remember to consider the weaknesses in tactics of both your opponents action and weapon for example if there's a whole bunch of opponents you don't use your paintball gun what you use is a paintball grenade, if you think someone is about to paint grenade you or tag you tag them fast before they get a chance , Figure out where you can make your strong side. Plan for attacks. You must hope for the best, but plan for the worst. Have an attack squad, and a defense squad.",393,True,,,,boundless-asura/wikihow,train,1.0563957430992659
T0148,howto,,human,human,human,"Nerf doesn't actually make many air-pressure pump guns, but many people refer to all foam blasters as ""Nerf guns,"" so this is a common mod in Nerf circles. These guns are typically primed by pumping a primer about five times to build up air pressure, which then shoots the gun. A plastic release valve is included for safety purposes, keeping the gun from exploding. You can plug that valve and get more power out of your gun, as long as you're careful. , On a pump-action gun like this, the pump should come loose in one easy piece. It should have a long insert and a thicker chamber that's used to fill with air, a bit like a bike pump or some other kind of pressure pump. Pull it loose, as it shouldn't be screwed into anything after you remove the housing. Unscrew the end cap and pull the primer from the air chamber housing. It should have an end piece with a little rubber seal around it, which is used to create friction and pump the air. , On the end of the chamber where the air is pumped, there should be a little open release valve, which is basically just a hole. This is used to let some air escape if you over-pump the gun, creating too much pressure. If you plug this hole, you can get a lot more strength out of your blaster. Use a small dot of hot glue over the hole, smoothing it out and making sure it seals and covers the hole completely. Let it dry thoroughly before moving forward. Please note that the release valve is included to keep the plastic from breaking and popping open when you fill the chamber with pressure. It's toy-grade plastic we're talking about here, not strong metal, so you'll run the risk of breaking the gun completely if you do this, making it irreparable. You might get more power out of it, but only for a short period of time before it breaks. , Another way to increase the power is to remove the black rubber O-rings from the plunger in the air pump and replace them with thicker rubber. This will create a tighter seal around the pump, creating more pressure and more power with each shot.",382,True,,,,boundless-asura/wikihow,train,0.921942896708233
T0149,howto,,human,human,human,"If your parent is likely to downplay their alcoholism to a medical professional, consider going with them to their medical appointments. Raise any concerns you have with their medical professional. If your parent minimizes their alcoholism or tries to talk around it, speak up and make sure your parent has adequate information about how alcohol may affect their health.Ask the medical doctor, ""Are there any guidelines you would suggest for alcohol consumption? How might these medications interact with alcohol?"" , Quitting alcohol cold turkey can cause severe or even deadly withdrawal symptoms.Talk to your parent's doctor or other medical professionals about creating a healthy and effective way to reduce or eliminate your parent's alcohol consumption. Your parent's doctor may prescribe a medication to help your parent reduce their alcohol consumption, or they may refer your parent to an addiction specialist or mental health specialist. A psychologist or other mental health specialist may be able to help address any underlying psychological issues that might be contributing to your parent's drinking. , If your parent is in assisted living or you are planning to look into assisted living, check their alcohol policies. Some may serve alcohol, others may ban it, some consider alcohol only under a physician's guidance, still others only allow it in certain areas. Think about what may be the best option for your parent. Carefully consider the options before making a choice.If you're about to admit a parent to assisted living, let staff and physicians know ahead of time of your parent's alcoholism. , While you may think you are helping your parent, it's likely they will go buy more. This can lead to anger, resentment, bitterness, fights, or large disagreements, especially if your parent is under the influence when you do it. Your parent will only stop drinking when they are ready to get help and not before, despite your best efforts.Also keep in mind that abruptly cutting off your parent's access to alcohol can lead to dangerous or deadly withdrawal symptoms. , If you know your parent is likely to drink, find an alternative way for them to go home. Offer a ride, find a taxi, or plan to meet at their place. If you know your parent is resistant to get help, keep them safe in the meantime.",382,True,,,,boundless-asura/wikihow,train,0.9784611034756935
T0150,news,,human,human,human,"By . Daily Mail Reporter . PUBLISHED: . 16:10 EST, 3 May 2012 . | . UPDATED: . 16:19 EST, 3 May 2012 . The wife of a former Minnesota Viking was convicted today of two felonies in a hit-and-run that killed a man. Amy Senser was charged with three felony counts of criminal vehicular homicide in the death of Anousone Phanthavong. Senser was found guilty of two counts: leaving the scene of an accident and failure to promptly report an accident. She was acquitted on a third felony charge of gross negligence. She was also convicted of misdemeanor careless driving. Deliberation: The jury found Amy Senser guilty of two of the three counts after she fatally hit Anousone Phanthavong on August 23 last year and left the scene of the accident . Senser, 45, of Edina, showed little emotion as the verdicts were read. She stared straight ahead. Jurors looked tense at the conclusion of the highly publicized trial, with one crying and dabbing at tears with a handkerchief. Senser was to remain free until . sentencing. Each felony count was punishable by up to ten years in . prison, but sentencing guidelines suggested four years for each count. The misdemeanor carried a potential sentence of up to 90 days in jail. To get a conviction on the first felony . count, the prosecution had to prove that she knew she hit a person. On . the second count, the prosecution needed to prove that not only did she . know she struck someone but that she failed to report it as soon as . reasonably possible. The third requires the jury to conclude she acted . with gross negligence, not just ordinary negligence. Phanthavong, 38, was a chef at a Thai . restaurant near the site of the accident. His car had run out of gas . and he had pulled to the side of the highway exit ramp. He was filling the car's tank when he . was hit. Parts of a Mercedes were found at the scene, and authorities . sought the public's help in finding the driver. Nearly 24 hours later, attorney Eric . Nelson called authorities to tell them they could pick up the vehicle . involved at the Sensers'. Despite giving up the vehicle, the . Sensers didn't talk to police, fueling speculation about who was driving . and whether alcohol was involved.",400,True,,,,abisee/cnn_dailymail,train,1.09199706724151
T0151,news,,human,human,human,"(Tribune Media Services) -- Be forewarned, Ireland is seductive. Traditions are strong and stress is a foreign word. I fell in love with the friendliest land this side of Sicily. It all happened in a Gaeltacht. As you explore the lush Dingle Peninsula, you'll see how the Emerald Isle got its name. Gaeltachts are national parks for the traditional culture, where the government protects the old Irish ways. Shaded green on many maps, these regions brighten the west coast of the Emerald Isle. Gaeltacht means a place where Gaelic (or Irish) is spoken. But the Irish culture is more than just the language. You'll find it tilling the rocky fields, singing in the pubs, and lingering in the pride of the small-town preschool that brags ""All Gaelic."" The Dingle Peninsula -- green, rugged, and untouched -- is my favorite Gaeltacht. While the big tour buses clog the neighboring Ring of Kerry before heading east to kiss the Blarney Stone, in Dingle it still feels like the fish and the farm actually matter. Fishing boats still sail from Dingle, and a nostalgic whiff of peat scents its nighttime air, offering visitors an escape into pure Ireland. For 30 years my Irish dreams have been set here, on this sparse but lush peninsula where locals are fond of saying, ""The next parish is Boston."" Of the peninsula's 10,000 residents, 1,500 live in Dingle Town. Its few streets, lined with ramshackle but gaily painted shops and pubs, run up from a rain-stung harbor, home to a friendly dolphin. You'll see teenagers -- already working on ruddy beer-glow cheeks -- roll kegs up the streets and into the pubs in preparation for another night of music and craic (fun conversation and atmosphere). The Dingle Peninsula is worth exploring by bike or car. It's 10 miles wide and runs 40 miles from Tralee to Slea Head. The top of its mountainous spine is Mount Brandon, at 3,130 feet, the second-tallest mountain in Ireland. While only tiny villages lie west of Dingle Town, the peninsula is home to 500,000 sheep. The weather on this distant tip of Ireland is often misty, foggy, and rainy. But don't complain -- as locals will explain, there is no bad weather ... only inappropriate clothing. Leaving Dingle Town by car or bike, it becomes clear that the peninsula is an open-air museum.",392,True,,,,abisee/cnn_dailymail,test,0.9740614248039922
T0152,news,,human,human,human,"(CNN) -- It's hard to imagine Meryl Streep having second thoughts about tackling any role, but the actress admits that she had doubts about ""Doubt,"" her newest project. The cast of ""Doubt,"" from left: Viola Davis, Amy Adams, Meryl Streep and Philip Seymour Hoffman. The film -- based on a Tony Award- and Pulitzer Prize-winning play by the same name -- examines what happens when a strict nun who heads a Catholic school in the Bronx suspects a charismatic priest of having an inappropriate relationship with a student. ""I actually didn't think it would ever be a movie,"" Streep said. ""It was so thoroughly realized on stage, and it was so minimal. It was hard to imagine how or why you would make a movie out of it."" But Streep, who plays the terrifyingly severe and determined school principal, Sister Aloysius Beauvier, said she changed her mind when she saw the final product. ""How did they make the play without any children in it? It is just sort of amazing to me, because to me they are sort of the landscape. They are the lambs of the movie. They are the stakes. They are why everybody is passionate."" Her co-stars are passionate about sharing the screen with a Hollywood legend. Philip Seymour Hoffman, who plays the priest targeted by Streep's character in the film, says he ""adores"" her. Amy Adams calls Streep ""a sweetheart."" Viola Davis says she's ""just fantastic."" Davis' performance in the movie is generating Oscar buzz, with Streep advising the actress to pick out a dress for the Academy Awards. Davis, who plays the mother of the student at the center of the sexual abuse allegations at the school, said she drew on the experiences of her mom and other women she knows to bring the role to life. She expressed awe about any suggestion of an Oscar nomination. ""It's surreal. I don't know how to respond to that anymore,"" Davis said. ""All I wanted to do was good work. ... Everything else is just the icing on the cake."" The movie is set in 1964, but the play was written by John Patrick Shanley after the sexual abuse scandal that rocked the Roman Catholic Church several years ago.",372,True,,,,abisee/cnn_dailymail,test,0.9185318560738365
T0153,news,,human,human,human,"By . Phil Vinter . PUBLISHED: . 07:38 EST, 12 April 2012 . | . UPDATED: . 13:29 EST, 12 April 2012 . Patrick Swayze famously said 'nobody puts Baby in the corner' - but the Dirty Dancing line doesn't appear to apply to the mums who want to see their little girls crowned as the next UK Disco Kid champ. As their fake orange tans shimmer and the thousands of sequins on their expensive, garishly-coloured costumes sparkle under the bright lights, it could be a Vegas show. But it is in fact the surreal world of under 10 freestyle disco dancing where girls as young as four and their mums go to huge lengths to achieve glory in this fiercely competitive environment. SCROLLL DOWN FOR VIDEO . Dressed up: Parents spend thousands on their daughters to ensure they wear the glitziest costumes possible complete with sequins and hair fasteners . Tiring: Cara collapses to the floor with exhaustion after giving her all in a disco dancing performance . In scenes some may find uncomfortable the frenzied crowd whoops and hollers as the gaggle of heavily made up petite dancers push their bodies to the limits as they flip and leap around the dance floor of the famous Blackpool Tower Ballroom. The child dance scene has been highlighted in a Channel 4 documentary which chronicles the journey of four nine-year-old girls as they battle through a series of heats to try and achieve their dream. It reveals the girls' rigorous training schedule which involves contorting their small frames into near-impossible positions and performing unbelievable feats of flexibility, stamina and strength for more than six hours a day. Such is the effort put in by the girls in the documentary that one is shown to collapse in a competition and another appears to be in serious physical discomfort as she takes drags from an asthma inhaler. Balanced: Young Clemmy contorts her body into a near impossible position as she trains for the final of the Disco Kid competition . Painful: A young girl lets out a little scream of pain as she is . pushed from behind by reigning Disco Kid champ cara . Take-off: One of the girls leaps in the air as she takes part in a heat en route to reach the final .",386,True,,,,abisee/cnn_dailymail,train,0.9701219893154038
T0154,news,,human,human,human,"(CNN) -- A convicted sex offender who was sentenced to death for killing a 9-year-old Idaho boy is scheduled to be arraigned Monday on charges related to the killing of a 10-year-old California boy. Joseph Edward Duncan III will answer charges in the 1997 abduction and murder of Anthony Martinez. Joseph Edward Duncan III is expected to appear in court in Riverside County, California, to answer to charges in the 1997 abduction and murder of Anthony Martinez, said a spokesman for the Riverside County District Attorney's office. Investigators have charged Duncan with murder in Anthony's death. Law-enforcement officials also are investigating whether Duncan, who committed his first sexual offense at the age of 12, can be tied to other crimes, according to CNN affiliate KTLA in Los Angeles, California. Martinez was kidnapped on April 4, 1997 from an alley near his home in the city of Beaumont, the station reported; the boy's naked body was discovered a little over two weeks later. Duncan has confessed to killing Martinez and crushing the boy's head with a rock, KTLA reported, citing court documents. Authorities reportedly discovered the boy's body by following vultures to a remote section of a nearby canyon. The body was partially buried under a pile of rocks and bound with duct tape, according to KTLA. Duncan, a high school dropout and drifter, was sentenced to death last August for the torture and murder of Dylan Groene, a 9-year-old Idaho boy. He was convicted of kidnapping Dylan and his then 8-year-old sister before torturing them at a remote campsite and fatally bludgeoning members of their family. In 2007, Duncan pleaded guilty to murder and kidnapping counts in state court for the hammer-attack murders of three other Groene family members. If convicted of murdering Martinez, Duncan can be sentenced to death again.",301,True,,,,abisee/cnn_dailymail,train,0.9686741444847232
T0155,news,,human,human,human,"By . Ray Massey and Anthony Bond . PUBLISHED: . 18:03 EST, 12 July 2012 . | . UPDATED: . 12:46 EST, 13 July 2012 . The M4 motorway has reopened in both directions a week after it was closed for emergency repair works but questions have been raised if the job was rushed to prevent national humiliation. The road, which is expected to be one of the busiest routes during the Olympic Games, was shut last Friday between junctions 2 and 3 after cracks were discovered on a viaduct. It was reopened to traffic - but only to cars and lorries under 7.5 tonnes - at around 5.30am after engineers completed the 'complex' repairs which were due to be fixed yesterday. It prompted Labour to question if safety corners were cut and the job rushed to prevent embarrassment ahead of the arrival of Olympic athletes and their families on Monday. SCROLL DOWN FOR VIDEO . Good news: The M4 motorway has reopened in both directions a week after it was closed for emergency repair works, the Highways Agency said this morning . Labour shadow transport spokesman John Woodcock described the reopening of the M4 as a 'huge relief', but said ministers needed to come out and confirm they were totally happy that the road was safe to use. He said: 'Given the scale of the problem, ministers need to come out and say they are completely confident the crack is fixed.'He told BBC Breakfast: 'The whole country wants the Olympics to be a huge success so it is a huge relief that the road is open because of the chaos it would have caused with athletes arriving on Monday to travel to the Olympic Village.' The shadow transport minister added: 'There are real questions as to why this crack was found so late in the day as works have been going on there for some time.'The Highways Agency hinted that an exception to the weight rule may be made for Olympic coaches transporting Olympic VIPs and athletes to and from Heathrow preparations for the games get underway.A spokesman added: ""The crack was discovered during an ongoing repair programme. Work on that continues and for this reason vehicles weighing 7.5 tonnes or more will still be restricted from using the motorway between the junctions.",384,True,,,,abisee/cnn_dailymail,train,1.0269099173694245
T0156,news,,human,human,human,"By . Daily Mail Reporter . PUBLISHED: . 08:05 EST, 20 June 2012 . | . UPDATED: . 05:47 EST, 21 June 2012 . The London cable car which will fly Olympic spectators over the Thames will open before the end of this month, Transport for London said today. Transport chiefs have also revealed the pricing structure for the Emirates Air Line - saying it will cost some spectators as much as £16 to buy tickets for the 1.1km river crossing on the £50m cable car. Transport for London said the cable car will open to the public at midday on June 28 - almost a month before the start of the Olympics themselves on July 27. The Emirates Airline seen against the backdrop of the Gherkin, one of London's most famous landmarks . Cabins are tested high above the O2 arenas, formerly the Millennium Dome, and the River Thames in London . During the test drives the gondolas were filled with workers to see how the system would cope with passengers . The month-long period before the Olympics will see transport bosses recoup as much as possible of the rumoured £50m cost of the Emirates Air Line. A 'frequent flyer' ticket for the cable car costs £16, while a one-off, single adult journey costs £4.30 for those who don't have an Oyster Card. The cost of a single ride for non-Londoners and tourists, most of whom won't have Oyster travel cards, equates to around £1 per minute for the five-minute ride from Greenwich to the Royal Docks. The Emirates Air Line will link between the 02 Arena in Greenwich and the ExCel exhibition centre, carrying 2,500 people an hour. The frequent flyer ticket gives tourists 10 journeys at the cost of £16. A single, adult, pay-as-you-go fare with an Oyster Card will cost £3.20, while a cash ticket for those aged 15 or under will cost £2.20 and the fare will be £1.60 for those using Oyster cards. The cables run high above the skyscrapers of Canary Wharf giving the passengers excellent views of the City . Shuttles: The 34 gondolas will be able to take 2,500 passengers an hour . Riders will also be able to make a . non-stop round trip on the cable car, with views of the City, Canary . Wharf, the Thames Barrier and the Olympic Park, at a cost of £6.40 with .",400,True,,,,abisee/cnn_dailymail,test,0.9857608722494398
T0157,news,,human,human,human,"By . Rob Waugh . PUBLISHED: . 05:43 EST, 1 May 2012 . | . UPDATED: . 06:20 EST, 1 May 2012 . The Advertising Standards Authority has widened its inquiry into 'false' claims made by Apple about the capabilities of its new iPad - which is advertised as offering a network UK consumers cannot use. The regulator said was investigating 'potentially problematic' claims on Apple's website about the iPad's 4G capabilities in the UK. The UK does not yet have widespread 4G coverage, and the iPad will be incompatible with it when the first networks arrive. The feature is much-hyped by Apple as a selling point for the new tablet. Wall of iPads in London's Covent Garden Apple Store: The UK does not yet have widespread 4G coverage, and the iPad will be incompatible with it when the first networks arrive. The feature is much-hyped by Apple as a selling point for the new tablet . This 4G stands for 'fourth . generation', a new kind of signal technology used to receive . the internet on mobile phones. Much of the UK already uses 3G, but demand for 'on the go' data means the networks are overloaded. What will make 4G diffferent? The industry says 4G will allow . mobile internet to run at the . same speed as domestic superfast . broadband. This will allow . users to watch videos more . easily on the go, and could . provide access to those whose . are out of reach of underground . broadband cables. When will Britain get its first 4G network? The firm Everything Everywhere . estimates it will be able to put . out the first 4G signal by the end . of this year. It yesterday . published a report saying that a . roll-out of 4G would need £5.5billion . from telecoms companies, but . could create up to 125,000 jobs. Why won't it work with Apple's iPad? The iPad's current 4G configuration means it will . not be able to connect to British and European networks because the . frequencies are different to those used in the US and Canada. Apple has already offered a refund to . all Australian buyers of the new tablet - which has a similarly . incompatible network - in response to pressure from a consumer . watchdog.",390,True,,,,abisee/cnn_dailymail,train,0.9671158926416489
T0158,news,,human,human,human,"JOHANNESBURG, South Africa (CNN) -- The political crisis that has gripped Zimbabwe for nearly a year may be drawing to an end, but a deadly cholera outbreak there is only getting worse. Zimbabweans walk through mounds of garbage. Lack of sanitation and clean water make cholera spread. The newly formed cabinet of Zimbabwe's unity government met for the first time Tuesday, the same day that Medecins Sans Frontieres (Doctors Without Borders) released a report warning that the epidemic shows no signs of slowing. The outbreak -- one of the world's largest, according to the World Health Organization (WHO) -- is only getting worse, and could be a stepping-stone to other epidemics and health crises, international agencies say. Since August, at least 3,623 people have died and 76,127 people have been infected by cholera, a preventable water-borne bacterial illness that causes severe diarrhea, vomiting and dehydration and can lead to death in a matter of days if not treated. According to a report released Tuesday by Medecins Sans Frontieres (Doctors Without Borders), new cholera patients were being registered at a rate of one every minute at the beginning of February in Zimbabwe. Unless urgent action is taken, the aid group said, the country could see a worsening of the ""massive medical emergency that is spiraling out of control,"" MSF President Dr. Christophe Fournier told CNN Tuesday after his latest visit to Zimbabwe. MSF says the response from the international community to the crisis has been slow and inadequate, and it called on donors to put aside politics and send help immediately. The cholera epidemic has been left to fester as the Zimbabwean government grappled with questionable elections, opposition charges of fraud, power-sharing talks and the creation of a unity government in the last year. During that time, the country's economy and infrastructure imploded, with sanitation systems and garbage collection becoming virtually non-existent. ""The reasons for the (cholera) outbreak are clear: lack of access to clean water, burst and blocked sewage systems, and uncollected refuse overflowing in the streets, all clear symptoms of the breakdown in infrastructure resulting from Zimbabwe's political and economic meltdown,"" the MSF report said. The disease is contracted ""by drinking water or eating food contaminated with the cholera bacterium,"" the Centers for Disease Control and Prevention (CDC) said on its Web site.",384,True,,,,abisee/cnn_dailymail,train,0.9386127156918559
T0159,news,,human,human,human,"Star Wars fans' expectations went sky-high after a photograph of the Millennium Falcon and an X-wing fighter was taken from the air and published online. The picture, showing the spacecraft on set at Greenham Common near Newbury in Berkshire, was taken from a flight school plane flying over the area. It was published on Twitter by Airbourne Aviation Ltd who said: 'Come and book a trail flight with us and fly over the StarWarsEpisodeVII set. Your never know what you might see.!![sic]' Scroll down for video . Skywalking: The Millennium Falcon, left, and an X-wing fighter, right, were snapped from the skies above Greenham Common, near Newbury in Berkshire. The craft, which seems to be half-constructed in this photograph, is set to feature in the new Star Wars film . Her first flight: Han Solo's famous spaceship as it appeared on screen in the original Star Wars in 1977 . The former airfield was famous in the 1980s for the women's peace camp that sprang up around it in protest at the stationing of nuclear weapons on the site. One fan, Tom Bexx said: 'Newbury has become cool THE millennium falcon is here', with another, JasonJ, writing: 'It's not easy to try & hide the Millennium Falcon! Beautiful set'. Star Wars: Episode VII, which is due to be released in cinemas in December 2015, reunites many of the cast of the original films including Mark Hamill, Harrison Ford and Carrie Fisher. The movie's filming schedule was thrown into chaos in June when Ford, who plays Han Solo, suffered a broken leg after the hydraulic door of the Millennium Falcon fell on him at Pinewood. He has since recovered. Space tech: Wires and plugs litter the ground when the cast and crew filmed scenes for the new film in the Forest of Dean, Gloucestershire, above, earlier this year . Oldies and goodies: Star Wars veterans Mark Hamill, Carrie Fisher and Harrison Ford, left to right, will return to battle space baddies in the latest film in the sci-fi series that's due in cinemas in 2015 . Break from filming: Shooting had to stop in June when Harrison Ford, above, broke his leg on set at Pinewood .",366,True,,,,abisee/cnn_dailymail,train,0.9690858161190994
T0160,news,,human,human,human,"By . Daily Mail Reporter . PUBLISHED: . 10:04 EST, 28 June 2012 . | . UPDATED: . 13:48 EST, 28 June 2012 . Eva Hudson, died after being wrongly diagnosed at the Royal Bournemouth Hospital, Dorset . A grandmother died after an Indian doctor made a 'catastrophic error' by misdiagnosing kidney failure for a poverty-related infection common in the sub-continent. Dr Neeraj Tekkar wrongly believed Eva Hudson was suffering from hookworm when she was rushed to the Royal Bournemouth Hospital in Dorset. Hookworm is parasitic infection of the intestines that is prevalent in underdeveloped parts of the world like southern India but is rare in Britain. Dr Tekkar had only moved to the UK in 2009 and started working at Bournemouth Hospital in 2011. In fact Mrs Hudson, 77, was suffering from kidney disease which Dr Tekkar did not spot and the mother-of-three and grandmother-of-five died four days later. At an inquest into her death, a coroner recorded a verdict that Mrs Hudson died of natural causes with 'neglect a contributory factor'. Mr Sheriff Payne, the Bournemouth coroner, added that she may have been alive today had she received proper treatment. He said: 'He came up with a novel diagnosis that she was suffering from hookworm - he reassured the family. Daughter Julie Sansome (left) said . Dr Tekkar made a catastrophic error of judgement. Pictured with other members of Eva's family including , Mike Hudson, Sharon Brown and Dave Brown . 'He effectively ignored readings that . showed renal impairment. He should have got further advice on that . aspect and not let her leave the hospital. 'I think she may well have been saved or lived longer if there had been more attention carried out.' Dr Tekkar is still working at Bournemouth Hospital but his position is currently under review by the General Medical Council. Afterwards . Mrs Hudson's daughter Julie Sansome blasted the Dr Tekkar, who . qualified as a doctor in India in 2003, as well as hospital bosses. She said: 'Dr Tekkar made a catastrophic error of judgement in misdiagnosing my mum. 'However, . we feel the blame must also fall on the shoulders of the Royal . Bournemouth Hospital for allowing him to be left unsupervised in a .",376,True,,,,abisee/cnn_dailymail,train,1.1125291998381257
T0161,news,,human,human,human,"Technology company IBM is putting its supercomputer Watson to work - in a robot call centre. The artificially intelligent computer system is taking on the role of customer service manager and will be called Watson Engagement Advisor. Companies will be able to sign up to IBM's service and its customers can then ring a helpline and complain or get help from the Question Answering (QA) machine. The IBM Watson Mobile Developer Challenge invited teams to design mobile apps using Watson's, pictured, cognitive computing capabilities. The 25 finalists will now submit prototypes for judging, after which only five teams will present proposals to IBM. Three winners will get access to the Watson's developer platform . Customers will be able to ask the Watson Engagement Advisor questions by phone, email and instant messaging. A smartphone app called 'Ask Watson' (pictured) is due to launch later this year . In February 2011 Watson appeared on American quiz show Jeopardy. During the show, clues are given to . contestants that 'require analysis and understanding of subtle meaning, . irony, riddles and other language complexities' that humans can perform . naturally but computers, traditionally, do not. Watson had to be programmed to make decisions and conclusions in this way by a team of experts at IBM. During the show, Watson was given clues as electronic texts, as they were also presented to the human contestants. Watson would then parse the clues into different keywords and sentence fragments in order to find statistically related phrases. The more algorithms that find the same answer independently the more likely Watson was to be correct. Once Watson had a number of . potential solutions, it was able to check against its database to make . sure the answers made sense. Watson then evaluated the response and determined whether to virtually press the buzzer. Watson would then speak with an . electronic voice synthesized from recordings that actor Jeff Woodman . made for an IBM text-to-speech program in 2004. Watson has previously taken part in American . quiz show Jeopardy, and has helped medical research teams diagnose illnesses . in patients. This latest role will use the computer's internal knowledge database to handle customer complaints. With the new service customers can ask Watson questions using conversational language during a phone call. They can also ask questions to Watson through web forms, emails and an Instant Messaging service.",397,True,,,,abisee/cnn_dailymail,test,1.011503618200125
T0162,news,,human,human,human,"By . Jill Reilly . PUBLISHED: . 06:22 EST, 5 June 2012 . | . UPDATED: . 10:15 EST, 5 June 2012 . Her unnatural tan shocked the world as much as the allegations that she took her five-year-old daughter into a sunbed booth, but new photos has revealed what 'tanning mom' looked like before she bombarded her skin with ultraviolet rays. In a series of monochrome shots taken in her twenties, Patricia Krentcil has a fresh-faced appearance and a smooth, clear complexion. The cleavage-baring swimwear photos are thought to have been snapped as she tried to break into the world of glamour modelling. The shots serve as evidence of how the 44-year-old's excessive tanning habit has affected her skin over the past two decades. Scroll down for video . Two decades before: Smiling widely at the camera in a series of monochrome shots, Patricia Krentcil has a fresh-faced appearance and a smooth, clear complexion . Cover girl: Pictured in her twenties, the cleavage-baring swimwear photos are thought to have been snapped as she tried to break into the world of glamour modeling . Changing faces: The photos serve as evidence of how the 44-year-old's excessive tanning habit, right, has affected her skin over the past two decades . It even appears that her face is a . few shades lighter than her body - a stark contrast to the deep tan she . sports now years over twenty later. The New Jersey woman is dubbed 'tanning mom' for allegedly taking her five-year-old daughter to a tanning salon. Krentcil, who became the target of . public ridicule for her unnatural complexion and wild media appearances, . was due in state Superior Court yesterday. But the hearing was cancelled, because . the Essex County Prosecutor's office referred the case to a New Jersey . grand jury instead. She is believed to pay $99 a month for unlimited access to the sunbed booths. Today she was pictured in a car outside her home today holding the $29.95 'Tanorexic' mom doll. Color chart: Mrs Krentcil sported a tan . back in her high school yearbook photo as well . Ringing endorsement: Patricia Krentcil, is seen leaving her home this morning holding the $29.95 'Tanorexic' mom doll . Krentcil told New York's Daily News . that some days she tans more than others likening her extreme tanning .",394,True,,,,abisee/cnn_dailymail,train,1.0211295823203919
T0163,news,,human,human,human,"A mother is suing the city of Pierre, it's former police chief and . members of its police department, saying an officer used excessive force . and violated her 8-year-old daughter's rights when he shot her in the . chest with a stun gun. Dawn Stenstrom is seeking unspecified damages in the suit filed in federal court in late July. Authorities say the officer shot the girl with the stun gun from 5 to . 6 feet away because she was suicidal and brandished a knife. A mother is suing the city of Pierre, it's former police chief and members of its police department (not pictured), saying an officer used excessive force and violated her 8-year-old daughter's rights when he shot her in the chest with a stun gun . 'The force of the electricity shot through her body, lifted her and threw her against the wall,' the . Former Pierre Police Chief Bob Grandpre stood by the officer who used the Taser on the girl . lawsuit says. The state Division of Criminal Investigation later concluded that the . officer was justified in using his Taser on the girl because it was the . safest method to defuse the situation. Dana Hanna, an attorney for Stenstrom, told the Rapid City Journal . that the girl suffered physical, psychological and emotional injuries. 'There is no excuse for cops to use a Taser on an 8-year-old child,' Hanna said. Attorney Rob Anderson, who is representing the defendants in the . lawsuit, told The Associated Press on Friday that he does not comment on . pending litigation. The mother and child now live on the Rosebud Indian Reservation, according to Hanna. At the time of the incident, the the police chief is defended the . action - saying the girl was a threat to the officer and to herself and . that the Taser jolt actually saved her life. Three . officers responded to the girl's home in Pierre, South Dakota, after a babysitter dialed 911 and reported that the girl was . suicidal and stabbing herself in the leg with a 4-and-a-half-inch . kitchen knife. Police Chief Bob Grandpre said his officers responded according to protocol. Grandpre has refused to release the officer's name, but says he has not been disciplined and remains on the job.",385,True,,,,abisee/cnn_dailymail,train,0.9293185958624579
T0164,news,,human,human,human,"ISLAMABAD, Pakistan (CNN) -- Suspected Taliban militants blew up a government-run school Monday in Pakistan's violence-plagued Swat Valley, bringing to 183 the number of schools destroyed since fighting began in the area six months ago, officials said. Students gather outside a destroyed school on January 17 in Kundar in Pakistan's Swat Valley. A day earlier, radical cleric Maulana Fazlullah threatened to kill more than four dozen government officials if they did not appear before him for opposing the Taliban. Local newspapers on Monday printed the list of 50 government officials and tribal elders whom Fazlullah has threatened with death. The boy's high school that was destroyed was located in Mingora, the valley's main city, said Sher Afzal Khan, an education officer for Swat. The attack occurred early Monday and no one was wounded. Swat Valley, located in North West Frontier Province, was once Pakistan's biggest tourist destination. It is situated near the Afghanistan border and about 186 miles (300 km) from the capital city of Islamabad. The valley boasted the country's only ski resort and was a draw for trout-fishing enthusiasts until it was overrun by militants, led by Fazlullah. He has launched a violent and deadly campaign to enforce Taliban-style fundamentalist Islamic laws throughout the province. The militants want to require veils for women and beards for men, and to ban music and television. The central government has long exerted little control in the area, but it launched an intense military offensive in late July to flush out militants. As retaliation for the military presence, the Taliban has carried out a series of deadly bombings, and has said the attacks will continue until the troops pull out. Elsewhere in the North West Frontier Province, a blast killed five people and wounded 15 others Monday morning, officials said. The bomb, planted on a bicycle, went off in the town of Dera Ismail Khan, said Mohammad Riaz of the province's police force. It killed shopkeepers and pedestrians, added the town's police chief, Abdul Rashid. CNN's Zein Basravi contributed to this report.",340,True,,,,abisee/cnn_dailymail,train,0.9656887288548306
T0165,news,,human,human,human,"Frustrated holidaymakers faced long delays at airports yesterday on the first full day of increased security checks. Queues stretched outside the terminal doors at one airport because of the crackdown - brought in amid fears Al Qaeda has developed a 'stealth bomb' undetectable to scanners. Air passengers around the country were subjected to 'vigorous' body searches, with their shoes removed and swabbed for traces of explosives. Gatwick: Travellers faced delays getting inside the terminal building after the security crackdown . Queues at Manchester Airport this morning, the day after new security checks were brought in to search for so-called 'stealth bombs' which are feared to be undetectable to airport scanners . Passengers joined queues starting outside Manchester airport today, with many complaining of delays . They were also told to switch on their tablets, smartphones and laptops to prove they are not hiding something more sinister. Some customers said it took them 90 minutes just to get through security - and holidaymakers have now been warned to allow for least three hours before their flight time. Angry travellers branded the delays an 'absolute joke' and 'like wading through treacle'. Airline chiefs are braced for further problems as one of the busiest weekends of the summer gets underway. The checks have been brought in due to fears that Al Qaeda's top bomb-maker Ibrahim Al-Asiri has developed a non-metallic 'stealth bomb' that can be hidden inside human bodies or other devices. The use of body scanners, swabs and patting down have all been increased at UK airports while some bags are being searched twice. Passengers are removing shoes and belts as a matter of course, while those on US-bound flights are likely to face further screening and searches of bags at the boarding gates. The alert has sparked fears of a summer of travel chaos with holidaymakers facing invasive personal checks and long delays. Heathrow alone handles more than 190,000 passengers a day and across the country 24million people will fly abroad before September - 3million to the US. A spokesman for travel industry body ABTA said: 'The main thing is to make sure that airports have sufficient measures in place to ensure all the available security gates are open.' At Manchester Airport, officials said problems were made worse by many travellers arriving earlier than normal because of the extra checks.",389,True,,,,abisee/cnn_dailymail,train,1.0044397380820032
T0166,news,,human,human,human,"ISIS has made 'credible threats' to kill Pope Francis, a top Iraqi diplomat has warned just days before the Pontiff visits the mainly Muslim nation of Albania. Habeeb Al Sadr issued the stark warning today after Vatican officials insisted there was no threat to his safety - and said he will not ride in the bulletproof 'Popemobile' of his predecessor Benedict XVI. Mr Al Sadr, Iraq's ambassador to the Holy See, admitted he knew of no 'specific facts' or 'operational projects' but said: 'Just put two and two together... They want to kill the Pope.' Scroll down for video . Warning: The Pope will use the open-top car (pictured) from which he greets the faithful in St Peter's Square when he visits Albania on Sunday, despite Iraq's ambassador saying his life is in danger from ISIS extremists . Habeeb Al Sadr, said: 'Threats against the Pope are credible. Public statements and crimes against Christianity by Isis are a fact. Just put two and two together.' But the Pope calls his bulletproof glass vehicle a 'sardine can' Beloved: The Pope pictured at a Mass to celebrate several weddings at St Peter's Basilica on Sunday . The ambassador said the spread of extremists across the world meant Pope Francis is at risk anywhere - in Muslim countries, on trips to Britain and the U.S. and even in Rome. He told the Italian newspaper La Nazione: 'Threats against the Pope are credible. Public statements and crimes against Christianity by ISIS are a fact. Just put two and two together. 'Let me be clear, I am not aware of specific facts or operational projects. But what has been said by the self-declared ""Islamic state"" terrorists is clear. They want to kill the Pope. 'I think they could try to hit him during his travels or even in Rome, because there are members of ISIS who are not Arabs but also Canadians, Americans, French, British and Italian. 'This gang of criminals does not merely threaten. In Iraq they have violated or destroyed some of the holiest sites of Shia Islam. They have hit places of worship in the Yazidi religion and Christianity. They forced 150,00 Christians to flee Mosul.' 'Sardine can': An armoured Popemobile was introduced after the 1981 assassination attempt on John Paul II (pictured in Nigeria) but Pope Francis has said he dislikes the vehicle and would prefer not to use it .",400,True,,,,abisee/cnn_dailymail,train,0.9978836785268967
T0167,news,,human,human,human,"(CNN) -- Sri Lanka's president declared Wednesday that the country's Tamil insurgents are on the verge of total defeat, saying their demise has helped unite the island nation on the 61st anniversary of its independence. Sri Lankan president Mahinda Rajapaksa . ""We are today a nation that has defeated a powerful enemy that stood before us,"" Mahinda Rajapaksa said in his independence day speech. ""Our entire nation is now united in the shade of the national flag."" But in other parts of his speech, Rajapaksa indicated that the fight against the Tamil Tiger rebels was not over. ""I am confident that in a few days we will decisively defeat the terrorist force that many repeatedly kept saying was invincible,"" he said. In another part of the speech, he said, government forces over the past two and a half years have ""been able ... to almost completely defeat"" the rebel forces. Sri Lanka's Defense Secretary Gotabhaya Rajapaksa rejected calls Wednesday for a negotiated end to the fighting. He said there would be no political solution, the online edition of The Island reported. Some in the international community have suggested negotiations to give the rebels an opportunity to surrender. That idea is ridiculous, an angry Rajapaksa told The Island, emphasizing that nothing short of unconditional surrender of arms and cadres could end the offensive on the Vanni front. Government troops and Tamil rebels are locked in a battle for the remaining rebel strongholds in the north of Sri Lanka, where the the country's ethnic Tamil minority has been fighting for an independent homeland since 1983. Watch a report on risks facing journalists in Sri Lanka » . Humanitarian groups say as many as 250,000 unprotected civilians are trapped in the area where the fighting is taking place, and the onslaught has intensified as government forces have closed in on the rebels. Aid agencies have asked for increased access to the region, calling conditions in northern Sri Lanka a nightmarish situation. The fighting has forced the closure of Pudukkudiyiruppu hospital in the Vanni region, the last functioning medical facility in the conflict zone.",350,True,,,,abisee/cnn_dailymail,test,1.016032371363385
T0168,news,,human,human,human,"LOS ANGELES, California (CNN) -- Jorge Fernandez strolls across the used-car parking lot littered with dozens upon dozens of sport utility vehicles the size of small tugboats. SUVs like these are having a tough time selling with gas prices at all-time highs. With gas at $4 a gallon, many have sat there since last summer. ""The cars are literally just sitting, and it doesn't matter how much you sell them for,"" Fernandez says of the SUVs and trucks nobody wants anymore. ""It's amazing. I've never seen it this bad -- ever."" Fernandez, a wholesale auto dealer who has been in the business for more than 20 years, says SUV owners are hit especially hard. The really large ones with V-8 engines that can get as little as 12 miles per gallon in the city -- like the Cadillac Escalade, Ford Expedition and Chevy Suburban -- are dropping in value by the thousands. Watch the sinking value of guzzlers » . The No. 1 reason for the sales slump is soaring gas prices, says Peter Brown, the executive director of Automotive News, the trade newspaper for the North American car industry. For the first four months of this year, truck and SUV sales are down a collective 24.8 percent. SUV sales plummeted 32.8 percent while pickups dipped 19.9 percent, he says. ""If gas prices stay where they are at or continue to rise, the body-on frame SUV is an endangered species and the pickup truck as a personal car is an endangered species,"" Brown says. How do owners react when they're told their once-$40,000-plus vehicles are now worth less than half that? ""When they find out what you think their truck is worth, they think you're trying to rip them off or something,"" says Fernandez. ""Small cars are gone within a week; SUVs are sitting here since last summer."" David Lavi, the owner of a Toyota Tacoma pickup, is feeling that pinch. He put his truck on the market several weeks ago in hopes of downsizing. He bought it brand new in 2006 when gas prices were much lower. ""Once I do sell it, I'm going to get a smaller car -- maybe a Nissan Maxima or something smaller,"" he says.",370,True,,,,abisee/cnn_dailymail,train,1.0060481272336403
T0169,news,,human,human,human,"By . Rob Cooper . PUBLISHED: . 03:02 EST, 17 May 2012 . | . UPDATED: . 04:45 EST, 17 May 2012 . Racist attacks: Theo Walcott's family won't travel to the Ukraine this summer to watch him in action because they fear being subjected to violence . Theo Walcott's family will stay away from Euro 2012 next month because they fear being subjected to vile racist taunts at the tournament. The footballer's brother Ashley revealed the family believe it isn't 'worth risking' travelling to Ukraine to watch England play. Walcott, 23, was yesterday named in Roy Hodgson's 23-man squad for the tournament. The Arsenal star was subjected to dreadful monkey taunts along with England's other black players by Bulgarian fans during a previous away game in Eastern Europe last September. Theo's father Don and his brother Ashley, who is a chef, have watched him in action across the world. But yesterday Ashley took to Twitter to say they would be staying away from Ukraine this summer. He wrote: 'Unfortunately my dad n i have taken the decision not to travel to the Ukraine because of the fear of possible racist attacks confrontations (sic). 'Something's aren't worth risking, but begs the question why hold a competition of this magnitude in a place that can not police itself for foreigners of any creed to feel safe, but I'll be watching every minute.' He added: 'Racism has no place in the modern world.' England face France, Sweden and co-hosts Ukraine in the tournament which kicks off next month. They could also face matches in Poland if they get through to the latter stages of the competition. Ukrainian extremists have warned black and Asian England fans not to travel back to the tournament. England boss Roy Hodgson warned yesterday that supporters risk being targeted by right-wing extremists. 'There's no doubt that the issue of racism... hooliganism and violence in Ukraine is obviously a concern for us all - not least the supporters who go over there and risk maybe getting beaten up, or if they don't happen to be white, subjected to a lot of abuse.' Tweet: Ashley Walcott, Theo's brother, wrote yesterday that they will be staying away from the tournament in Poland and Ukraine next month . Theo Walcott became the youngest ever England player in May 2006 at the age of 17.",392,True,,,,abisee/cnn_dailymail,test,0.9762558034521943
T0170,news,,human,human,human,"After a dramatic late victory against Manchester City in the Champions League midweek, Bayern Munich came crashing down to earth with a goalless draw against Hamburg in the Bundesliga. Manager Pep Guardiola rested several star players including Robert Lewandowski, Mario Gotze and new signing Xabi Alonso while the absence of Franck Ribery was also felt. Arjen Robben was due to start for Bayern but injured himself in the warm-up and was replaced by Thomas Mueller. Bayern Munich coach Pep Guardiola doesn't look impressed as his side struggled to a 0-0 draw with Hamburg . Bayern chose to rest the likes of Robert Lewandowski and Mario Gotze (R) after their European exertions . Tottenham loanee Lewis Holtby makes a high challenge on Bayern Munich midfielder Pierre Hojbjerg . Hamburg: Drobny, Diekmeier, Ostrzolek, Djourou, Westermann, Arslan (Jiracek 67'), Stieber, Behrami, Müller, Holtby, Lasogga (Green 76') Subs not used: Pereira Reis, Adler, Rudnevs, Steinmann, Nafiu . Booked: Behrami, Müller, Arslan . Bayern Munich: Neuer, Bernat, Rafinha (Götze - 61'), Dante, Boateng, Shaqiri (Lewandowski 66'), Höjbjerg Booked (Alonso 53'), Lahm, Alaba, Müller, Pizarro . Subs not used: Benatia,, Rode, Reina . Booked: Neuer, Höjbjerg . Ref: Christian Dingert . Att: 57,000 . Hamburg coach Zinnbauer, who took over from the fired Mirko Slomka on Tuesday, earned the club its second point after its worst start to the season in 51 years of the Bundesliga. The home side started well, closing down any space and restricting Bayern's goal opportunities. Claudio Pizarro fired over a rare chance in the 20th minute. Nicolai Mueller almost scored for Hamburg after the break, when Manuel Neuer rushed out of his goal, but his effort drifted just wide. Despite having the lion's share of possession, the Bundesliga champions only registered a paltry three attempts on target as their indifferent start to the domestic season continued. More to follow... World Cup winner Thomas Muller (L) attempts to break the deadlock with a shot past Matthias Ostrzolek (R) Germany No 1 Manuel Neuer was fortunate not to concede after racing wildly out of his area . Former Arsenal defender Johan Djourou (R) gets up close and personal with Bayern forward Claudio Pizarro . Guardiola reacts after seeing his side draw two of their opening four Bundesliga game . Muller and Neuer know it was an opportunity missed after the final whistle against Hamburg .",392,True,,,,abisee/cnn_dailymail,train,1.0237447464558582
T0171,news,,human,human,human,"CLICK HERE to see how Sportsmail reporters see United lining up this season . Former Manchester United midfielder Paul Scholes believes manager Louis van Gaal's greatest challenge is accommodating the attacking options he now has at his disposal. However, he admits the Dutchman also has to sort out the Red Devils' suspect defence if they are to secure a return to the Champions League this season. The £59.7million arrival of Argentina winger Angel di Maria and on-loan Colombia striker Radamel Falcao means Van Gaal now has to fit them into a team which also has England and Holland captains Wayne Rooney and Robin van Persie, Spain international Juan Mata and precocious teenager Adnan Januzaj. Challenge: Louis van Gaal must accomodate (L-R) Angel di Maria, Robin van Persie and Wayne Rooney . Selection dilema: Van Gaal's biggest problem will be fitting all his forwards into a team at Old Trafford . Falcao could make his debut at home to QPR on Sunday but it remains to be seen how the United boss will set up his side. Asked if the biggest problem is fitting everyone into a starting XI, Scholes told MUTV: 'It is yeah, but it's not a bad problem to have. 'Fans have been moaning about the type of players that were at the club and now you can't do that. 'I think Ed Woodward (executive vice-chairman) has done his job brilliantly during this transfer window with some great signings. Bringing up the rear: Former United midfielder Paul Scholes also thinks that United's defence must improve . 'The calibre of player we have brought in is top quality, like Di Maria and Falcao. 'These are proper players. We just have to find a way of getting them all in the same team, playing well and scoring goals - which we have struggled to do a little bit. 'Now it is over to the manager to sort everything out and make us a good team again. 'Defensively we haven't been great either so he needs to sort that out. Then, I'm sure we can be vying for Champions League places.' Di Maria has proven his versatility in a number of positions for club and country but Scholes feels he has to become the go-to winger for his new side. Sacrificed? Juan Mata (R) is widely expected to make way for United's new attacking signings .",395,True,,,,abisee/cnn_dailymail,train,0.9673919940828243
T0172,news,,human,human,human,"Two drunk teenagers have been filmed attacking staff in a McDonalds with foam tubes. A 90-second clip, which has clocked up more than 12,000 views on Facebook, shows Ben Hall and Joel Melia hitting two female employees before being chased out of the fast food restaurant. The video, which was recorded by one of their friends has gone viral, being shared by 8,000 people, and prompting over 3,000 comments. But the unrepentant teens from Burnley in Lancashire have refused to apologise for their behaviour despite police confirming they were investigating reports of an assault. Scroll down for video . Ben Hall and Joel Melia enter Burnley McDonalds with large foam fingers before play fighting on the floor . The prankster then approaches one female employee - jabbing her with one of the foam tubes . Immediately after the video was posted . the pair were the first to comment both adding several laughing smiley . faces and the words 'Ha Ha Ha Ha Ha'. Ben . Hall, an apprentice electrician, said the trio had visited the Burnley . branch of McDonalds last weekend at 7am after spending all night on a . drinking binge. He admitted to being drunk in the video but claimed the member of staff 'over-reacted' when she was hit. The . 18-year-old said: 'We had more than a few. On the way up to McDonald's . we found some scaffolding safety foam and thought it'd be funny to have a . fight with them and it just carried on in McDonald's. 'We thought we'd involve the staff but I don't think they were too impressed.' The . video shows Mr Hall and Mr Melia, a promising young footballer, enter . the store brandishing the foam, first accosting a customer who is . leaving the restaurant. He is heard to tell them to: 'Turn round and go and get yourselves some McMuffins.' The . lads then wrestle with each other on the floor and a voice off camera . can be heard saying: 'These McDonald's staff are mugging you off.' They . then turn their attention to the staff and attempt to go behind the . counter but are stopped by two female employees. One woman is hit on the . head by Mr Melia, and is then struck again between her legs. She tells them: 'Don't be hitting me with that again.",396,True,,,,abisee/cnn_dailymail,test,0.9861180199127536
T0173,news,,human,human,human,"By . Tamara Cohen . PUBLISHED: . 08:56 EST, 28 May 2012 . | . UPDATED: . 19:26 EST, 28 May 2012 . Gardeners have been warned to wash their hands after using compost following a cluster of cases of deadly Legionnaires disease. A rare strain of the illness has killed one man in Scotland and made five others ill in the past five years. While the risk is small, experts urged gardeners to take simple precautions such as wearing gloves and a dust mask while potting plants. Handle with care: Gardeners have today been warned to wash their hands after using compost due to a rare strain of Legionnaire's disease that has infected six people in Scotland . This strain has been linked to compost in Australia and New Zealand but these are the first British victims thought to be affected. All of the sufferers were keen gardeners, and doctors across the UK have been alerted to ask about compost if they see patients with unusual pneumonia. The Royal Horticultural Society has advised people to wash their hands thoroughly after handling soil, compost, fertiliser or pesticides. Symptoms of Legionella longbeachae include headaches, diarrhoea or a dry cough followed by pneumonia. Most people recover after taking a course of antibiotics. The rare form of Legionella longbeachae cannot be detected through normal tests. It is normally caused by the bug Legionella pneumophili, which lives naturally in rivers, lakes, and reservoirs, and can also be found in man-made structures containing water such as air conditioning systems . Its chief adviser Guy Barter said elderly people and those with weakened immune systems were most at risk from Legionnaires - a deadly respiratory infection which causes a high fever, muscle pain and a persistent cough. He said: 'We'd suggest not opening bags of compost or potting media with your head right over and to consider wearing a dust mask when turning compost heaps.' The strain, called legionella longbeachae, is found naturally in soil but very rarely causes disease in this country. More than 98 per cent of cases are caused by legionella pneumonophila bacteria. Both forms are spread by tiny water droplets in the air. They are not contagious and can be treated with antibiotics if caught early - but around one in ten cases are fatal.",383,True,,,,abisee/cnn_dailymail,train,1.0343201218204792
T0174,news,,human,human,human,"By . Anthony Bond . PUBLISHED: . 23:51 EST, 8 July 2012 . | . UPDATED: . 03:37 EST, 9 July 2012 . Posing for a picture on their wedding day, Elber and Con Twomey look every inch the perfect couple, ready to start a new life together and raise a family. In another image, their beautiful son Osin plays with a toy with the smile of a contented and happy baby. But the couple's dreams for their young family have now been torn apart following an horrific head-on collision which led to the deaths of their two-year-old son and unborn baby. Heartbreaking: Elber Twomey, 36, and her husband Con, 39, remain in a critical condition in hospital but their son, Osin, died in the horrific crash in Torquay, Devon. The couple are pictured on their wedding day . Beautiful: Osin is pictured playing with a toy. He died following the crash on Friday . Two-year-old Osin Twomey, pictured as a baby with his mother Elber Twomey, died in the crash. Mrs Twomey, aged 36, and her husband Con, aged 39, are both fighting for their lives in hospital . Scene of crash: A black Vauxhall Vectra driven by a Polish man in his 20s, collided with the car, carrying the family-of-three in Torquay, Devon . Mrs Twomey, 36, and her husband, 39, . remain in a critical condition in hospital after a Polish driver . collided with their vehicle in Torquay on Friday. The . Polish man, in his twenties and who lived in Torquay, was arrested . before being taken to hospital, where he subsequently died. The Vauxhall Vectra he was driving collided with a Volkswagen Golf carrying the family-of-three in Hamelin Way at 2.45pm. Police are investigating claims . the Polish driver ploughed into the family's car head-on to take his own . life, killing a two-year-old boy and critically injuring his parents. The family, from Ireland, had been visiting the English coast when the accident happened. A Devon and Cornwall Police spokesman . said the Mrs Twomey, a school teacher, and her husband have undergone operations. Closed off: The incident was witnessed by a police officer who was on the scene at Hamelin Way . Treatment: All four occupants of the cars were taken by air and land ambulances to Torbay Hospital in Torquay and Derriford Hospital in Plymouth .",394,True,,,,abisee/cnn_dailymail,train,0.9943743755814662
T0175,opinion,,human,human,human,"The electoral college is a process where electors are sent to choose who the next president will be. Electors usually vote for who they said they were going to but can change this vote. I think we shouldn't have the electoral college anymore because, The people don't get to actually choose who they want to elect and voters can change who they're going to vote for. The people who are voting for their president they wanted elected arn't actually voting for him. In source two, it says, ""Under the electoral college system, voters vote not for the president, but for a slate of electors who in turn elect the president."" This means that even if the president gets the popular vote, it doesn't mean he will always win. Electors can and will avoid the states that they know are not going to vote for the person they want to win the elections, and will avoid those states. In source two, it says ""Because of the winner-take-all system in each state, canididates don't spend time in states they know they have no chance of winning, focusing only on the tight races in the ""swing"" states. During the 2000 campaign, seventeen states didn't see the candidates at all."" Sometimes the voters don't even get to see the electors they're voting for and some states don't get them at all. The electors also purposley avoid certain states because they know that they won't vote for them or give them a chance to swing the election. Voters can also change who they're voting for on the spot and no one can say or do anything about. In source two, it says ""In the same vein, faithless electors have occasionally refused to vote for their party's candidate and cast a deciding vote for whomever they please."" People voting for who the wanted to win the election could be accidently voting for someone else because of the electors work. The elector shouldn't be allowed to change his vote, because that is cheating people out of who they think should win and making it seem like their vote didn't even matter. Some states also have more electors than others, making it so that the person one state votes for will get more votes than the other states. Some people think that electoral college system should still be there.",391,True,,,,nlpatunt/D_persuade_2,train,1.0268806494226181
T0176,opinion,,human,human,human,"Venus, a planet, also know was Evening Star, is one of the brightest points of light in the night sky which is a misleading point since Venus is a planet thats is the second planet from our sun and often referred as Earth's twin due it being the closest planet to Earth in terms of its density and size and its occasionally distance as well. In space terms Venus is considered to be right around corner which has lead to humans sending many of their spacecraft to land their spacecraft on Venus which caused each previous mission to be considered unmanned mainly because no spacecraft has survived the landing for more than a few hours and as a result it explains the reason why not a single spaceship has touched down on Venus in more than three decades and that nemerous factors contribute to Venus ́sreputation as a challenging planet to study, despite is proximity to us. Venus has conditions that are far more extreme than anything humans can encounter on Earth and also notable Venus has the hottest surface temperature of any planet in our solar system, even though Mercury is closer to our sun. Mercury planet surface temperature averages over 8000 degrees Fahrenheit and the atomsphereic pressure that is 90 times greature than we experience on our planet and such an environment would even crush a subermarine that is made to explore the deepest parts of our oceans and would liquefy many metals. Venus has a thick atmosphere that is made of almost 97 percent carbon dioxide and blankets Venus. The most challenging are the clouds that are highly corrosive sulfuric acid in Venus ́s atmosphere. Venus geology and weather introduces natural disaters such as erupting volcanoes, powerful earthquakes and frequent lightning strikes, which makes it harder to land on Venus without experiencing one of these dangers. Despite Venus being very dangerous, astronomers are fascinated by Venus because they believed it was once have been the most Earth-like planets. Astronomers also believed Venus was once covered largely with Oceans could have supported various form of life we may have not been familiar with just like on Earth. Venus also some things that are simlar to Earth such as the rocky surface that include familiar features such as valleys, mountains, and craters.",383,True,,,,nlpatunt/D_persuade_2,train,1.0696244912945738
T0177,opinion,,human,human,human,"They should change to election by popular vote. The people have a right to decide so shouldn't they. We elect electors and not the president that's not right. They electors have changed the votes around. The elctoral college should go. Athough there is a positive look to it. Letting the people vote is the right thing. ""Under the electoral college system, voters vote not for the president, but for a slate of elcetors, who in turn elect the president.""(Bradford Plumer). So the poeple dont truely decide who becomes president. At least not if we choose the electors and the elctors choose the president. The voting system needs to change. Who's to say that the elctors dont change the votes around. ""The single best argument against the electoral college is what we might call the disaster factor. The American people should consider themselves lucky that the 2000 fiasco was the biggest election crisis in a century; the system allows for much worse. Consider that state legislatures are technically responsible for picking electors, and that those electors could always defy the will of the people.""(Bradford Plumer). So is that possible. The people of the United States don't have control over the elctors except the fact that they choose them. The electors could totally go against the people even though, say one person may have had more votes against this other person. Then the electors liked the person who was loosing so the choose that person anyway. Who's to say that they havent done it before. ""It happened in 2000, when Gore had more votes than Bush yet fewer electoral votes, but that was the first time since 1888."" So this did accure twice. ""The Electoral College is a process, not a place. The founding fathers established it in the Constitution as a compromise between election of the President by a vote in Congress and election of the President by a popular vote of qualified citizens.""(Ofiice of the Federal Register). So it does have a positive side to it. It's a good thing to have to keep the power balanced through out the voting process. So having the Electoral College may not truely be a bad idea. Although there will always be that inbetween group known as the electors. So they should still change the Electoral College over to elections by the people. The voting system needs fixing.",395,True,,,,nlpatunt/D_persuade_2,train,0.9635179653405417
T0178,opinion,,human,human,human,"Dear State Senator, As A citizen in the United States i say that keeping the electoral college is a good idea! Taking away the electoral college would make alot of people angry. Having an electoral college makes it ten times easier for the government. Having an electoral college makes it more fair for citizens and having the majority people agree, alot its alot easier for the governement to see who the people want to lead us and lastly there will be alot less arguments from citizens because if they dont agree they cant do anything about it because majority rules. Having an electoral college makes it alot more fair for citizens to vote. The electoral college is a process that consists of the electors, the meeting of the electors where they vote for president. Choosing a president and voting for him/her make sthe citizens agree. When it comes down to voting day the citizens have to come to a majority to rule. Having the votes sent to congress and them deciding is very fair because they can decide the final dicison for the citizena dn who tehy think the citizens want more. The electoral college has 538 electors, so its not like 2 people can decide the president. Having an elecotral college makes it alot easier to decide for the government. A majority of 270 electoral votes is required to elect the president. One for each member in the house of representatives plus 2 for you senators. The presidential election is held every 4 years so people have time to decide if they want to re elect or to keep the current president. Electoral elections have less argument between the citizens. If you took electoral college away people would be starting riots about who to choose. Having this system is very organized and prepared, if you just take away and start something new its going to be a mess. Electoral college is a very mature way in electing president. Citizens dont have to argue because the majority rules all so they cant fight someone because they didnt pick who they wanted THose are the reasons on why they should not take away electoral college!!It makes it more fair! its makes it easier to decide! Lastely its less arguments with citizens about who won! So as a citizen in the U.S. i say do not take electoral college away!",398,True,,,,nlpatunt/D_persuade_2,test,1.0703054802788718
T0179,opinion,,human,human,human,"H ello fellow citezens , we are here to inform you about limit car usage. First driving to much can cause harm to the population . Second Germaney continue their lives with out cars . Last but not least driving to much can cause smog . First let me say every minute of this day a type of car or truck is causuing damage to the wolrd with its gas . For example every morning I drive to school I see gas coming out from the exghust pipe from multiple cars . Every time a car turns on there a chance the world breaks down . Plants and tree dies slowly . Next let me tell you about Germany how they live everyday with out usuing cars . For example , Seventy percent of the Vauban's family does not own a car . 57 percent sell their cars to move to a new area . How do they live or get to their destinantion ? Well let me tell you they either walk or ride bikes there . There are even commercial about tranpostation . They say it low emmisions and imprives safety . Last but not least cars can cause smog . For example , In Bogota , Colombia people either hike , bike , skate , or even took buses to work . Colombia had bannded cars for the tird year . With only buses and taxis that were permitted only . The goal is to promote alternative transportation and reduce smog . Violaters would face a twenty-five dollars fine. To wrap it up limit car usage can cause harm and effect the world . First driving to much can cause harm to the population . Second Germaney continue their lives with out cars . Last but not least driving to much can cause smog .",308,True,,,,nlpatunt/D_persuade_2,train,1.025034873877166
T0180,opinion,,human,human,human,"When people ask for advise often they talk to multiply people including trusted friends and family. It is important to ask your friends and family for their opinions and their advise because it will help you do what you feel is right, and will help you or your friends give advise to those who are in need of some one to tell their troubles to and get the comforting advise they need to feel better. For example when I moved here back in 2014 when I was by my self, I was picked on because I was different and new. I did not have any friends,but then my Dad told me that it was a new state and a new town,and that I could build a new me and a new life and that one piece of advise coupled with the fact that I made a friend who told me that because I was new I did not need to fit in to have friends,but I needed to be me. talking to my dad and my new friend gave me different yet advise that I desperately needed. For another example my best friend was having a awful day and had no one to talk to,but me so he told me his troubles and what was happening and I listened to his story of woe and gave him advise,and the support he needed. You see people sometime tell me what on their mind because they know I'll give them advise and support,and people they could get even more or better advise from. Plus I and one of three people I know who have a great deal compassion,and are really happy to give really helpful advise to people who need it. Because if we are not seeking advise and multiply options on subjects or your current course of action then we will never learn and will loose that compassion that makes us humans,and not cavemen. So in conclusion when people ask for advise they often consult multiply people including friends and family and is important to get multiple opinions and advise because it will help you do what you feel is right, and will help you or your friends be compassion enough give advise to those who are in need of some one to tell their troubles to and get the compassion advise they need to feel better.",396,True,,,,nlpatunt/D_persuade_2,train,1.0636364624848977
T0181,opinion,,human,human,human,"I think that you should join the Seagoing Cowboys program. You should join because you could be helping the lives of the lives of thousands of innocent people whose homes where destroyed in the wars. One of the interesting things of joining the program is that you can see a amazing sights from all around the world. It is an unbelieveable opportunity for a small-town boy. Helping these people you can get the benefit of going to China and Europe and their famous landmarks. If you go to Italy there is a chance you could ride in a gondola in Venice,Italy. When i was in Crete is saw an excavated castle. On your way to China you can marvel your eyes at the Panama Canal. If your not in the mood for sight seeing you can go downstairs with some of you co-workers and play some baseball,volleyball,fencing,boxing,reading,whittiling,and Table-tennis to help pass the time while on board. But being a Seagoing Cowboy was much more than an adventure for me. It opened up the world to me and was vey grateful for the opportunity. It made me more aware of peolple in other countries and their needs. That awareness stayed with me for along time. It lead my family to host a number of international students and exchange visitors for many years. If you had any job or chore working on a farm then this job will be great for you. When your on night watchman duty be careful when it rains. Because when I was on night watchman duty it was raining cats and dogs. I was climbing down a ladder when my foot slipped and I fell in my side. I nearly slid stright off the deck. But before i could fall i grabbed on to a piece of metal before i could fall off. I couldn't work for a few days because of a few cracked ribs. But if you do join just know that your co-workers are there to help you with injuries. In conclusion, I think that you should join our Seagoing Cowboy program. Not only will you be helping us by joining but you will also help innocent lives of people who were harmed in the war.",372,True,,,,nlpatunt/D_persuade_2,test,1.0302924564238167
T0182,opinion,,human,human,human,"Dear Principal, I think that community service is a great thing. Some people love to do it and others, not so much. Depending on what your job is; it can be complex or easy. People have different opinions on this, but I think that there should be a certain amount of time needed each day for community service. Doing a community service job each day means commitment, time management, and focus. Doing these jobs builds character, adds to your job application, and helps with your social/emotional and physical feelings. Like I said, not everybody likes community service. But doing it can help make you a better person. Doing a job for your community will help make it a better place and a happier place. For example, if your community has a lot of trash, and you pick it up, it now looks nicer and more well kept. This can give you a good feeling and a good relationship to you and your neighbors. If people did things like this every day, this world could completely change for the better. I said that community service can help your job application. The cool thing is it can! Having jobs, even community service, can look great on a resume. It can lead to opening doors for other, better jobs. For example, if you wanted to join a job and it was between you and another guy, but you had community service for a previous work place/job, and he had nothing, who do you think would get the job? You! Even a small thing like community service can lead to great things in life. Doing community service can help build character. But on top of that, it helps build emotional and physical strength. Doing community service helps with emotional strength, because you can meet new people as friends, and you can talk to people about things you like to do. Did you know, that emotional strength helps keep you at your highest for physical strength? So just being happier with new friends could make you feel a bit better physically! So, overall, I'm saying one thing. YES! There should be a required amount of time for community service in our schools. Please take this into consideration, because I'm challenging you (Mr./Mrs. Principal) to have us students make this earth we live on a better place. Community service, is just one way we can help.",400,True,,,,nlpatunt/D_persuade_2,train,1.0219619114868987
T0183,opinion,,human,human,human,"Phones and Driving Driving is the most used form of transportation worldwide, it is everyone's personal transportation to go anywhere. Even though automobiles are used on the daily, car accidents occur every day in the U.S, there is about 3,287 deaths a day due to a car accident and yearly there are around 2 million people are in a car accidents. Humans are on their phones every day either talking on the phone, texting, or on social media. On average people use their phone for over 5 hours a day. The National Safety Council reports that cell phone use while driving leads to 1.6 million crashes each year. Phones should not be used while driving. Driving is a big responsibility that some people don't necessarily take seriously, which is why people text and drive which has been the cause for a lot of accidents. On average the age people are texting and driving is between 18 and 34, which is also the age group where people get into a car accident. About 35% of teenagers get into an accident because they were using their phones while driving. Driving and texting is a bad combination and should be banned in all states just for safety reasons. Although texting and driving is not the safest way of driving, it does have a positive effect when driving. For example, if you're in another state trying to figure out where you are going, then it is acceptable to use your phone for directions. Phone companies and care companies are making it safer to drive while on the phone because they added Bluetooth to the cars to make it easier to talk on the phone without having to grab their phone. Although these are positive attributes, the negative attributes dealing with texting and driving involve car accidents and sometimes even death. This could be avoided if phones usage while driving is banned. Phone usage while driving is way too distracting, especially for those who already drive recklessly. There are allot of younger people who like to drive fast and recklessly because they want to feel that rush of speeding on the highway and passing an abundance of cars. What makes that situation much worst is, the younger new drivers will drive really fast and will be on their phone trying to text their friends or on social media.",393,True,,,,nlpatunt/D_persuade_2,train,0.9887093173923672
T0184,opinion,,human,human,human,"Advice, a word meaning receiving someone's knowledge. At certain times, people ask for the advice of others caused by problems going on in their life. Seeking this knowledge will most likely boost ones' chances of having a more successful outcome. Therefore, it would be tremendously helpful to simply ask one or multiple people for advice. Even if one had not asked for advice, the one handing out their wisdom would have seen the struggle of the receiver. Overall, it would be wise to accept advice from others because of experience, knowing what is best for someone, and giving another point of view. When someone is sharing his or her advice, they could have already experienced another's current position. For example, if someone is running Track and Field, she might feel like giving up after strenuous practices or an exhausting meet. She will then ask her parents, who also ran Track and Field, what she should do. Her parents will look her in the eyes and say ""Push through."" They will tell her about similar cases in which they had desired to simply give up, but then tell her that giving up won't solve anything, it will just leave one defeated. She will carry that advice with her the rest of her life. This same girl will soon ponder about school. She will be going into high school and will enter the IB program. She will turn to her sister, who went through the same program, and ask about the classes her sister went through. The sister will tell her about how, one class in particular, there is a lot of assignments and gets less interesting the harder the course gets. They both bond as they laugh and joke about the nerves of going into high school. She will remember the smiles of that night as she picks classes a week later, and she is sure she has picked the right classes. The experience of others helps one make the right decisions and lead one away from make a huge mistake. Advice also holds someone's best interests. Meaning that the giver of wisdom also knows what is best for someone. Parents always have their child's best interest at heart and can help them decide the amount of rigorous courses to take going into high school.",384,True,,,,nlpatunt/D_persuade_2,train,1.0847370966109717
T0185,opinion,,human,human,human,When i hear people say they are going to buy a car that can drive its self I always seem to get into a argument with them. It's not that i know someone is smart enough to do that but what's the reason. I see it as if u dont wanna drive then hire someone to drive for you. Having a car that does that is kinda scary in my eyes. Just all the technology that someone has to put into to blows my mind. In the article they went on about say how they have the google car that has gone over half a million miles with out a crash but I truly think thats on roads with nobody else on it. For a car to know when and where to go is easy only thing u got to do is have a gps system but for a car to know when it has to stop all of a sudden is hard. You never know whe you have to make a quick turn so u wont hit anybody or stop fast cause someone hopped out into the street. The way some people drive now a days the car would not know what to do. You could be just laying back in the car that drives it's self and a car cuts you off instead of u being focus on the road your relaxing and you hit and kill someone. Is it your fault or the cars? So in my eyes having cars that can drive them self is not good right now. Their is still of testing to be done. That also mean laws will have to be made just for the person who owns one. The article also went on to say that to alert the driving something bad is about to happen by having the seat vibrate. Thats not a good way to alert someone i'm going to need sounds or something. I just think they should just work out all the kinks first then put the cars out on the lot with data showing you it's save to have one.,354,True,,,,nlpatunt/D_persuade_2,train,1.0100968376830892
T0186,opinion,,human,human,human,"Have you ever been bored by the dull contents of school? Schools are normally the same everyday, which can cause one to feel as if their life is on repeat. It can feel droning and never-ending with each passing day. More often than not, children need something to break up the repetitive cycle of everyday school. Students should participate in extracurricular activities because they bring out one's talents, help one to make real friends, and give students something to look forward to. First off, extracurricular activities can help bring out a student's talents. School is a ""one size fits all"" kind of approach, and most students don't always fit in the mold. Each kid finds interest in a different thing or skill. For instance, I took a painting class when I was in the 3rd grade. Painting is now something I do, almost daily, for relaxation and fun. Another example is, my friend GenericName started playing soccer when she was in kindergarten. Since then, she has become the captain of an amazing team that made it to nationals last year. Soccer is her passion and she has grown into a great player. Second, extracurricular activities help kids make new friends. They ""funnel"" students into separate interest groups making it easier to create conversations. Kids are also able to make connections through this shared topic of interest. For instance, I play field hockey and I have to try out to make a team. At my last tryout, a seemingly nice girl approached me and asked how long I had been playing for. She started a simple conversation with a topic that we both love, and made a connection between the two of us. Another example is, my cousin plays softball and was invited to a sleep away camp. At first, she was anxious about not having anyone to talk to. After that weekend away, she came back she told me all about her new friends that she had met through this camp, doing something they all enjoy. Lastly, extracurricular activities give students something to look forward to. School is generally not an event that students look forward to in a positive manner. Extracurricular activities can be looked forward to with a smile due to the fact that it is participated in because of the student's interests. For example, I look forward to field hockey.",393,True,,,,nlpatunt/D_persuade_2,train,0.9758571483105776
T0187,opinion,,human,human,human,"Distracted Driving Distracted driving has become a dangerous practice on our streets and highways. All do to texting and driving. Texting and driving is similar to driving while intoxicated. You may think you can do it but its not safe. The reason people continue to text and drive are numerous, but it all boils down to one thing. People who text and drive believe they are good enough to get away with it until an accident occurs. Simply because someone feels like they must respond to a text immediately is why many of the accident occurs and most of the time this leads to a horrible accident that can result to death. In just 2012 alone 3,328 people were killed due to texting and driving so what do you think now? Image if it one of your family members or close friends. Consider your passage and the people on the road. Why risk your life and others to send a text message? Could you live with yourself knowing you killed others when you know you could have waited or pulled over no text message is that important to put others and your own life in danger. So just put other into thought before grabbing the phone and texting while not paying attention to the road and your surroundings. However, using a cell phone, whether talking or texting, while driving can be extremely dangerous; it should be made illegal because it is very hazardous to yourself and the people surrounding you, can lead to the death of loved ones, and it is even compared to the danger level of drunk driving. So in conclusion you should not text and drive because that could be your last time sending a text message to others. If you need to reply to a text message just pull over. A text message is not worth risking your life.",313,True,,,,nlpatunt/D_persuade_2,train,1.0628919619575148
T0188,opinion,,human,human,human,"Dear principal, I strongly agree that you should consider policy 1 because it gives kids the opportunity to have free time and to just get away from their classrooms. When we have a lunch break you can allow us to just use our phones. As an illustration you can listen to your cell phone with your headphones; enjoying the amazing music. It also gives kids free time to just get away from their classrooms. They'll have so much enthusiasm knowing that they can get their free time away from school work. They'll be listening to their hip hop music with their apple headphones. You'll see the joy on their face as you'll walk by them. Other people that you should consider policy 2, but I certainly disagree with that point of view. If you consider policy 2 you'll be making an horrible mistake. Without their phones they'll probably think you're taking away their freedom. If you consider policy 2 kids wouldn't perform as well. They'll question you, our beloved principal, and start protesting against the school. If you consider policy 1 they'll perform even better and improve in things they're not good in. Banning cell phones in school would be a disgrace to our school. Listening to the music from your phone isn't going to harm our school. If you could just let us have the freedom to have our phones at school, we'll make our school the best school in the whole state. Patrick Henry once cited ""Give us liberty or give us death"". I believe if you give us the liberty to have our cell phones in school it'd be wonderful. However if you chose not to that would have been like backstabbing. We guarantee that if you choose our request we'll turn them off during class. Above 75% of our school would like to choose policy 1. To sum it up, principal, you should grant us policy 1 because it gives kids the opportunity to have free time and to just get away from their classrooms. Sincerely",340,True,,,,nlpatunt/D_persuade_2,train,0.997490245612814
T0189,opinion,,human,human,human,"Dear Principal, I believe that the policy one is better because students bring their phones to school to communicate with their parents. Students also bring their phones to school to let their parents know if they need to be picked up from school or if they need to stay later with a teacher. Allowing students to bring their phones to school is also helping parents because they will know if they need to pick up their child or not and they will know what their child is doing. I believe if you allow students to bring their phones to school and use them during lunch periods and other free times they are less likely to be using them during class time. Allowing students to use their phones during lunch periods and other free times will give them some freedom and will result in them being happy. With policy two and not allowing them to have their phones at school at all is not a good policy because students will not be able to communicate with their parents to let them know if they need to be picked up or if they need to stay after school with a teacher. By allowing students to bring their phones to school there is a chance for them to disobey and use them during class time without the teacher being aware. As a punishment for using their phones during class time without permission, the students phone should be taken away for a period of time. After that period of time is up the parents should have to come and get the phone. I believe a punishment like this should have the students think twice about using their phone during class time. If students are allowed to use their phones during lunch periods and free time I don't think they would try to use their phones during class time because they already know when they can use it so they don't want to get it taken away before their free time. Thank you for your time and I hope you take this into consideration.",349,True,,,,nlpatunt/D_persuade_2,train,0.8712427006832031
T0190,opinion,,human,human,human,"UGH! ""I can't focus at school anymore now that grandma is gone. Nothing feels the same anymore. I just wish I could work on my own time!"" Said GenericName. GenericName, we will do something about this, im always here to help, said her father GenericName. Some schools offer distance learning as a way to attend classes from home by a way of online or video conferencing. Do students benefit from being able to attend classes at home? I completely agree with this statement because it definetly can make a extraordinary change in ones students life for the better. Students wold benefit from this massively since less pressure would be applied on them and weight would get lifted off their shoulders. Students would have their own time to work and can take various different approaches in this situation. One of the many reasons why students would benefit at home is because they have better work ethic. Everyone works better at home rather than school because less pressure is on oneself to do amazing by strict teachers and bossy students. My close friend GenericName, was once offered to take some of her college classes online rather than getting up at 8am, stressing herself out early in the morning, but at home she took a couple classes at noon and she gave in her best attempts than she had ever given at her early morning AP bio course. Another time, my brother GenericName, had been tutoring one of his fellow classmates GenericName online. Now before they had been working at the local library and GenericName barely understood anything because of the noises and hyper teenages there, Now from the comfort of their own homes, they video called eachother and GenericName started to go from 50's to 90's in just a week since he had a much better work ethic at home instead of in public with everyone around! Students do put in their best attempts and have a better work ethic at home freely rather than cramming themselves at school. Next, a students mental health plays a very huge role in this topic. My loving sister, GenericName, had been diagnosed with severe depression and social anxiety. She could barely force herself to wake up at 6 in the morning for school everyday since it was very dreadfull for her.",386,True,,,,nlpatunt/D_persuade_2,train,1.0457657765180066
T0191,opinion,,human,human,human,"Do you have what it takes to be in a classroom? Some people would say that students would not benefit from distance learning because they wouldn't get to be as hands on as the students who are in the classroom. However, students would benefit from distance learning because some students might not have the financial ability to make it to a classroom everyday, there are students that just cant handle being in a classroom environment, and it might just be easier for them to attend classes from home. To begin, some students might not have the financial ability to attend classes everyday. There are many factors like gas prices that keep students from attending class. For example, there was a girl in college and her parents were very poor. They couldn't afford the gas that was needed to be able to drive their daughter across town to classes everyday. She ended up doing online classes and it worked out great. Furthermore, there are many students that just can't handle being in a classroom environment. 60 percent of students in the classroom have a mental illness that prevents them from being able to focus. 40 percent of students in the classroom have a hard time interacting with others. For example, in middle school there was a boy and he had a hard time concentrating on the tasks that he was given. Well his parents decided to teach him from home and do online classes and it worked out just fine. Finally, it might just be easier for students to attend classes from home. As mentioned before, gas prices are extremely high these days and not everyone can afford them. The classes online might be easier than the classes in the physical classroom. For example, let's say you are taking a history class online. The course that is online might be easier because you get to go at your own pace. Taking classes online just might be easier. To conclude, students would benefit from distance learning. They would benefit from distance learning because some students might not have the financial ability to attend a classroom, there are many students that can't handle a classroom environment, and it might be easier for students to take the online course. So next time you are having trouble in class, try distance learning. You won't regret it.",391,True,,,,nlpatunt/D_persuade_2,train,0.8985351960942508
T0192,opinion,,human,human,human,"Do you drive a car? Well if you do then you haven't heard about countries all over the world who are limiting their driving. People all over the world who have stopped their driving are saying that it is a good thing. Some people are happier without a car then when they did have a car. People are having car free days. In America, people are buying fewer cars, driving less and getting fewer licenses as each year goes by. In Vauban, Germany residents have given up their cars. Their streets are completley car free. You are still able to buy a car but there is only two places to park and you have to pay alot of money to do so. 70 percent of the people who live in Vauban do not own cars and 57 percent sold their car to move their. People who live their say that they are happy and stress free without a car. In the United States. the Evironmental Protection Agency is Promoting Car Reduced communities and Legislators are starting to act. In Bogota, Columbia they have a car free day where citizens are not allowed to drive cars. The only transportation they are allowed is buses and taxis. The goal they are trying to enforce is to promote alternative transportation and reduce smog. The turnout was large, and for the first time, two other cities, Cali snd Valledupar, joined in on the event. According to Carlos Arturo he said that ""it's a good opportunity to take away stress and lower air pollution."" The day without cars is part of a campaign that began in Bogota in the mid-1990s. Parks and sports centers have bloomed throughout the city, sidewalkes have been replaced by smooth sidewalks, and new resturants ans shopping districts have cropped up. The United States had long been one of the world's prime car cultures. It's the birthplace of many cars. But America's love of vehicles has been cooling. The number of miles driven in the united states peaked in 2005 and dropped thereafter. At the Mobile World Congress they stated that 'pedestrian, bicycle, private cars,commercial and public transportation traffic are woven into a connected network to save time, conserve resources, lower emissions and improve safety."" Driving has decreased over the years. Not having a car does not stop you from meeting your friends either.",393,True,,,,nlpatunt/D_persuade_2,train,1.0354540421605167
T0193,opinion,,human,human,human,"There is a limit to car usage. A car can really come in handy but its not nessary. Gas is not all that cheap for evryone either. Cars don't need to be used for everyhting but since thats an easy way to get around people just take advantage of that and use it. People can cause lots of damage with the way they use there car. Weather people of the millennial generation will start buying more cars once they have kids to take to soccer practice ans schoolplaus remains an open question. A car can really help you out in some cases. But it not nessary at all. There are lots of other things you can do to help help out. Their are things you can do to get you places and also helping you out. Example riding a bike, gets you to exercise and also take you places. Needing of a car isn't so needy anymore.""But america's love affair with its vehicles seems to be cooling. people do can cause lots of damage with there vehicles. The amount of care people have with driving is rediculous. Parks and sports centers have also bloomed throughout the city. Their are sidewalks that have to be replaced,rush-hour restrictions that have dramatically cut traffic. All these can happen for careless people instead of following such simple things. Not only do people use up gas in there car but also miles. The number of miles used in your vehicle does matter. The number of miles driven in the united states peaked in 2005 and dropped steadily thereafter, according to an analysis. Means car usage is very high in the united states. My opinion cars are no nessasary for everything. There are more to use or do to get to places which may take longer or faster but still getting there. Some advantages of limiting your car usage. Yes there are much limits to it which are important. People should really start using or finding other way to go.""Its's a good opportunity to take away stress and lower air pollution"".",345,True,,,,nlpatunt/D_persuade_2,train,1.0794581019485603
T0194,opinion,,human,human,human,"Have you ever wandered about self-driving cars? I believe that they should be the next step in the automobile industry. Some reasons why self-driving cars should be part of the future is because of the traffic jam assistance, in car entertainment, and the safety of the self-driving vehicle. How does a car assist you in a traffic jam? In the self-driving cars vehicle manufactors have built it to be able to drive in conditions below 25mph. When a person is in a traffic jam they begin to get bored and eventually sleepy. Instead of a person now continuisly have to push and release the gas the car now does that for you. Also when the car is driving the person is required to keep their hands on the steering wheel at all times. This feature also alows the car to react if the driver falls asleep. Wouldent in-car entertainment just be another distraction to the driver? Most people would say that having something else to watch while behind the wheel is a distraction to driving. For this in-car entertainment the feature would only be avalible for the driver when the car is in traffic jam assist mode and would instantly shut off when the driver needs to take over the car. How is all these gagets safe for the driver and all other drivers? The safety of these self-driving cars has been checked over and over. More and more sensors are being put into the car to make it able to detect other cars and to stop/go when needed. Although one arguement about safety has been brought up about not having a human driver controlling the car at all times. Have you wandered what a self-driving car would be like? I believe that self driving cars should be the next step for the automobile industry. Some reasons why it should be the future of cars is because of traffic jam assistance, in car entertainment, and the safety of the self-driving cars. What would it be like to have a self-driving car?",341,True,,,,nlpatunt/D_persuade_2,train,1.000274468718934
T0195,opinion,,human,human,human,"Are cars necessary in today's society? Of course they are necessary. Now, are driverless cars necessary? I would argue that they are not. Cars have been around for about a hundred years, and not once has society put its foot down and demanded a car that drives itself. The driverless cars this article discusses are not actually driverless, they are not legal, and there is no telling what future problems may arise. Shouldn't a truly driverless car not require a human at all? I personally believe a driverless car should be able to navigate itself without human interferance. If it requires a human, then what is the point of calling it driverless? In fact, all the driverless cars being created right now are designed to notify the driver when it approaches a work zone or accident. So, in case the need to have a human take over arises, an individual would have to be sitting in the drivers seat, paying absolute attention to the road, and await the moment the car will allow the individual to take over. Wouldn't that take away the nejoyment of owning a driverless car? I believe it is even more of a hassle than driving ever would be. A person would have to fight boredom and remain alert while doing nothing other than sitting in the driver seat. To all driverless car companies: driving is paying attention to the road, but the driver is actually engaged, making driving more interesting. Not only are driverless cars not fully developed, but they are not even legal. Most states do not allow driverless cars. In fact, most states do not even allow driverlesss cars to be tested on their roads. The article only mentions four places that allow driverless cars, and they only allow limited use. If these cars are not even allowed by most states to out on the road for testing, imagine how long it would take to pass laws to get these cars approved. A myriad of problems could arise pertaining to driverless cars. The article mentioned a very real problem in driverless cars: if something goes awry and someone in injured, who is at fault? These cases would resort in major courtroom battles between average people and multi-million dollar companies. Another potential problem with driverless cars is the change off between driver and robot.",390,True,,,,nlpatunt/D_persuade_2,train,0.992660870972504
T0196,opinion,,human,human,human,"Many students choose not to participate in after school actives. This does not benefit them as they miss out on learning very important skills. If the principle were to mandate after school activities, it would be to the benefit of all students. It would give the people who do not already participate an excuse to do so. It might even turn out to be the best decision they had to make. This can earn them many life skills such as being a part of a team, learning to be a leader, or how to balance a more complicated schedule. Extracurricular activities allow students to choose the activities that interest them, for example, if someone likes sports they might choose volleyball. If another student is more interested in theater, they might audition for the musical. The wide selection of activities would be good for students as they are figuring out their interests, as well. These students can try multiple different activities until they find the right one. Having an activity that is enjoyable is very important, as it makes you more inclined to learn. Therefore having an after school activity provides that inclination to learn. This new or refreshed desire to learn, allows new skills to be taught. For example if a student are on a volleyball team and they enjoy the sport, then they will be more likely to learn to work with their teammates. Skills like working with others are very important in adult life. They are needed not just for a sports team but for any job. One example is, being on a development team. The team is trying to come up with a new way to manufacture cars, everyone on the team has their own idea. They have to work as a team in order to produce one, well fabricated idea. This requires them to be able to work as a team, just like a student might have to in their extracurricular activity. One other skill that is easily acquired from after school programs is leadership. Many activities help with this, but the most prevalent is student council. Learning to lead classmates and peers can be of great assistance when looking for a job or getting a promotion. Most jobs that are high up in the company are jobs that require the ability to lead and manage people.",391,True,,,,nlpatunt/D_persuade_2,train,0.9658100431787612
T0197,opinion,,human,human,human,"Imagine you are a student, There is only two days until summer break and you cant wait to finally be free of all the boring school work. Then your teacher imforms you that you'll be having a summer project. Do you really want more work that will take up your free time? What if there was another way. Summer is the time for students to relax, unwind, and have a break from school. They should be able to design their own summer projects to make their time more enjoyable. First, Summer is the students break time from everything school related. They finally have the chance to relax their bodies and brain from all the cludder from school. Students will more likely remember to do the project if they create them. Students would much rather spend their free time doing things they enjoy or want to do. because of all the fun they did during break and will be more happier and egur to tell someone or just want to share their summer experience. Second, Teachers can't assign projects that each student would like. Everyone has their own way of things, some people dont like this or cant relate to some things people write or presented. If students don't like the project the teacher assigned they'll most like forget about it and wont finish it, meaning zero in the grade book. Teachers assign one project about a certain thing so it wont be that much work but at the same time a lot because of the many students. Finally, students can get benefits from designing their own project. it teaches them differant skills like independents, responabiltlies, and self awarness. Provide insight of what the teachers be like and what they be having to do durning the weekends and breaks. Students will get to learn how the real world is and that you can't go out every single weekend cause you will work or other things important to care of before getting into the fun things. Altogether, students designing their own projects can be very beneficial, and transform the student way of thinking about their work.",354,True,,,,nlpatunt/D_persuade_2,train,1.109904565470214
T0198,opinion,,human,human,human,"Seeking advice from multiple people will give you a sense of what other people think about the topic. Seeking answers from multiple people will give you more of an understanding about what is going on and what you should decide to do in order to produce a better outcome for you and for others. In order to make the right decision you need to be aware of how the majority of the people you ask view the topic. Asking questions about problems is how you become smarter. If nobody were to ask questions, nobody would be smart, and we would all still be living in caves. In order to gain knowledge we need to understand how things function in our world. We need to know what to do and what not to do. There are many possible outcomes that could lead to bad things if you don't ask others' point of view on the topic. For example, a classmate named GenericName and I are having problems between ourselves. I do not know whether to apologize or to let the freindship die off. I ask ten people in my class about their opinion on GenericName. Nine out of the ten people think that GenericName has a very self loathing and snippy personality. They also say that he often does not care about his friends and only does things that please himself. Because I asked my fellow classmates, I now have a sense of GenericName's personality traits. The majority of my classmates did not like GenericName very much. Mrs. GenericName, my math teacher, often gets mad at GenericName and sends him home with misbehavior notes for his parents to read. I now know that GenericName is not a very nice person and is prone to getting into trouble. Based on what I have heard from others and what I have learned in class about GenericName, I have come to the conclusion that it would not be a wise decision to become friends with GenericName again. Becoming friends with GenericName would set me up for failure. I would fall under the influence of GenericName and most likely get myself into trouble. Asking multiple people's opinions can also be a great stradegy for the work environment. Getting advice from others at work can lead to multiple benefits.",383,True,,,,nlpatunt/D_persuade_2,train,0.9444821281321149
T0199,opinion,,human,human,human,"When one thinks of transportation, the first idea that springs into a persons mind would be a car. A car is used almost daily for many people. It helps us get to point A to point B rain or shine. However, complications arise from the use (or overuse) of cars. The advantages of limiting car usage includes reduction in pollution, promote public transport, and cut off traffic. Pollution has become a growing problem as the world continues to industrialize. The greenhouse gases emitted by machines, such as cars, have been proven detrimental to the enviornment. In car-dense citites, smog, a mixture of smoke and fog, has become a nuisance as it covers cities. In extreme cases,it makes the air citizens breathe toxic! According to Source 1, "" Passenger cars are responsible for 12 percent of greenhouse gas emission in Europe... and up to 50 percent in some car-intensive areas in the United States."". To establish limits to car usage would then, therefore, reduce the emission of greenhouse gases in the atmosphere and clear up conditions not only for the world, but make the over-all city more enjoyable to live in. In order to reduce pollution and clear the air, Paris enforced a partial driving ban to clear the air of the international city. Source 2 states that "" The smog cleared enough Monday for the ruling French party to rescing the ban..."" proving that limiting car usage benefitted the city and the enviornment as well. Reduction of car usage would lead to the promotion of public transportation. Public transport was free of charge during the ban in Paris which stated was a success in reducing pollution. Limiting car usage would then correlate in the promotion of public transport which, according to Source 4, ""...public transportation traffic are woven into a connected network to save time, conserve resources, lower emissions [of greenhouse gases] and improve safety"" This not only benefits one's safety and environment but allows time-efficient traveling as buses and other public transport run along a contiuous schedule. Public transport also produces carpooling, which allows the reduction of cars on the road. This also eliminates a distributor in the production of greenhouse gases within the atmosphere which benefits the world. Limiting car usage will take one annoying factor from our daily lives-- traffic.",383,True,,,,nlpatunt/D_persuade_2,train,1.1115626929191667
T0200,review,,human,human,human,"Oh, laundromats. How you take me back to my days in college and grad school. Though I've been fortunate to have in-home laundry capabilities everywhere I've lived over the last several years, recently I found myself in need of professional (laundry) help when my dog puked all over our comforter and mattress pad (thanks again for that, little buddy). Our washer was too small to do the job, so off I went to the Laundry Factory.\n\nLike I said, it's been awhile since I've been to a laundromat, so I don't know what other laundromats are like these days, but wow, this one was wayyyy nicer than the ones I used to go to back in the day! It was modern, clean, bright, and had tons of well-kept machines. No dank corners where sketchy people loitered, no broken machines, no weird funky old sneaker smells. \n\nThey had several sizes of machines to choose from, ranging from average (a regular household laundry machine) to mega-capacity. I chose the \""large load\"" machine, which fit our comforter and mattress pad just fine. A load in the large capacity machine cost $6.00, which seemed a little steep, but not too bad. Other machines ranged in price from $2.75 to $10.00 (super mega capacity machine). They also have super capacity (50 lb.) dryers, which was very handy. It was $.50 for the first 5 minutes of drying time, and then $.25 for every 4 minutes after that. Again, seemed a little steep, but the dryers were very efficient -- I think it took only about 15 minutes (on low heat, no less) to dry my bulky items.\n\nThey had well-stocked change machines and a nice little lounge to wait in. I didn't see any bathrooms, so good thing I refrained from going to the beer store next door to have a cold one while I waited.\n\nThey do have a parking lot, but it's really small and packed, so you'll probably only get a spot if you're lucky. So plan to either park on the street or behind the building (I found plenty of space behind the building and wasn't ticketed or towed).\n\nAnyhow, next time I need to use a large capacity washing machine (which I hope is NEVER -- hint hint, my little doggie friend), I will not hesitate to come back here.",386,True,,,,Yelp/yelp_review_full,train,0.942453955931474
T0201,review,,human,human,human,"Have taken my car here a few times because there's a bus stop out front so it's convenient to drop my car off and get to work. But after what happened I will never be back. They just cost me money and lost my tires. \n\nIn March I blew a tire on a pothole (naturally) and they replaced the two front tires for me. The second tire was fine but you have to replace both, I kept it so that I would have a spare if another one blew out. Put the tires in my basement, no problem. Saved for a rainy day. \n\nThis week I ran over a nail and the tire wasn't fixable so I had to get it replaced. Luckily I've got a spare! I called Monro early this morning to see if I could get in but they said it would be tomorrow at the earliest. I needed my car so I took it to pep boys (three hour turnaround - also the last time I needed an oil change they said they were booked for three days, good lord). \n\nI drop the car off at Pep Boys and tell them the extra tire is in the back. They call me up and tell me the tire is the wrong size. What? Monro gave me the wrong tires back when they replaced them in March. So I had to buy a new tire when I had a perfectly good one that is now god knows where. The tire was the wrong size and definitely didn't come from my car as it wouldn't have fit on the rim. \n\nAfter paying for the tire at Pep Boys I went over to Monro to see what they would do about it. They informed me that because I already had the new tire put on they couldn't do anything but the next time I came in they \""would work with me\"". Why the hell would I come back when you just screwed me out of a hundred bucks and a good tire? Not worth chancing. Because you couldn't fit me in within a day I get screwed? \n\nIf you need tires go to Pep Boys on Milvalle. If you need an oil change go to Midas on Penn Circle they'll be able to get you in and not wait three days.",391,True,,,,Yelp/yelp_review_full,test,0.9859962003823193
T0202,review,,human,human,human,"In the past when my husband and I needed to purchase good quality furniture we always went to Walter E Smith in the Chicago area. Since living here we made the change to Ethan Allen. We purchased a full living room from them this past spring and have been very happy with almost everything. The service was great and the sales person listened to us and put together exactly what we wanted with one exception. We asked for tables (specifically a coffee table) that could stand up to some abuse because we have a 16 month old at home. The table he recommended is beautiful but does not at all stand up to what he said it would. This table is only 3 1/2 months old and already has wood chipping off, many many dents and looks absolutely horrible. This table is so softI can dent/scratch it with my fingernail. Ive have better quality tables from Target and World market for 1/3 the price. After only 2 months use I called the store to tell them the sales clerk clearly did not know the product he was selling, if he did he never would have recommended this table. I was told they did not cover customer abuse and can't be held accountable for a sales person giving me bad information. It's the sylvan coffee table....DO NOT BUY IT!! I dropped the remote control on it and it left a huge dent. They wouldn't even offer to come out to see if the table was defective or had the wrong finish. I told them I would bring it in myself and they said no. My end tables and cocktail table are extremely durable/well made and are exactly what I wanted. I am disappointed the table I was most concerned about is horrible.",301,True,,,,Yelp/yelp_review_full,test,1.0205263465778107
T0203,review,,human,human,human,"again, came here as it was within walking distance of our hotel. the restaurant wasn't very full, but service was super slow for our party of 7. i was really excited for the bread after reading the reviews, and i am the type that can kill a whole basket. i could barely eat one. it was dry and tasteless. \n\nthen our side salads took forever and a day to come out. we also asked for extra ice and such, but our waitress never remembered. sigh. the salads finally came and it was a normal salad but good as i hadn't eaten much veggies during my stay. i had ordered the special of the day, pesto chicken (but i substituted for shrimp) florentino. when i was given my dish, it was a alfredo sauce. i pointed out to the server that i had ordered pesto, and she replies, yeah i thought that didnt look right. wow sherlock, since pesto is green! she took it back, and it came out a minute later. i think they just threw some pesto in and mixed it up as it came back way too fast. but regardless, i preferred that than having to eat 10 minutes after all my coworkers dug in. my dish was okay, heavier than i had expected (but maybe i wasnt expecting alfredo with some pesto), but the shrimp were huge and tasty. not as much food as i had thought it would be, which was good. i tried a little of the margherita pizza, and it was not good. it was sooooo soggy on the bottom. yuck. but their pizza portions are huge! tried my coworkers penne vodka, and that was tasty!\n\nagain, probably wouldnt come back, but if i did, id probably only order the penne with vodka sauce. to go.",301,True,,,,Yelp/yelp_review_full,test,1.0044916480568837
T0204,review,,human,human,human,"Upfront disclosures:\nI am a sushi snob, and am extremely particular about my sushi.\n\nI am going to break my review into two parts - Typical Japanese food and sushi. \n\nTypical Japanese food: We ordered some pork shumai that were pretty good, but was served with a brown-wasabi-type paste. It tasted like wasabi, but why the hell was it brown? We also ordered pan fried pork with kimchi. The kimchi was very spicy, but good. The pork was a bit tough. \n\nThey have a whole list of special appetizers, but only about 4 were translated into english. My girlfriend asked for more translation, but the waiter told us we really wouldn't be interested in them, so we dropped the conversation on it. \n\nMy gut tells me this place has very good, and very authentic Japanese food, but I am not experienced enough in non-sushi Japanese food. \n\nOn to the sushi: We chose this restaurant due to the reviews on Yelp. We eat a ton of sushi and were excited to try a new place. \n\nMusashi has a very small sushi menu. There are few rolls to choose from, and a medium sized menu for sashimi and nigiri. \n\nWe ordered salmon and tuna nigiri. The fish was cut rather sloppily, and my girlfriend is not convinced that we actually had salmon. The salmon was all pink, no typical white-fat lines.... why?\n\nThe rolls come in pieces of 3, which I find weird. I am typically used to larger rolls with 6 or 8 pieces. It really felt that the food was made hours before and then served up, as the rice was cold and solid - not like sushi rolled right in front of you. \n\nWe have not been back. If you're looking for really, really, really authentic Japanese food, I would head here and try. if you're looking for a great sushi experience, I would try other places in the area.",318,True,,,,Yelp/yelp_review_full,train,0.9554668935108285
T0205,review,,human,human,human,"I usually do not take the time to review restaurants, and actually this is my first review ever. However, my experience at this restaurant was so bad, I had to share it. First off, I work at a restaurant and have for 4 years, so I try not to be too hard on other restaurants when I dine out because I know the struggle. My mother and I chose to try this restaurant before attending a concert at the arena, which is very close by. We had never eaten here but knew it was upscale and were looking forward to enjoying good food and even better service. We had a reservation, but it still took a while for us to get seated. No big deal, because we did not have to wait long. Once we got seated, it took our waiter a long time(about 10 min) to start us out with drinks. They were fairly busy, but I noticed our waiter only had 2 other tables, who were already done with their meal. Once he brought our waters out, we could not get him to our table again, even after attempting to wave him down. It seemed like he was avoiding eye contact with us. Once we finally did get him back to our table, it seemed like he was rushing us to order, and was actually quite rude about it . As we were ordering our cocktails and appetizers, he then pressured us to order our main course, although we had not decided what we wanted yet. When we expressed that we wanted to wait to order, he seemed to give us attitude, and stated that the kitchen was chaotic and \""up in flames\"" and if we didn't order at this time, we wouldn't make it in time for our concert. However, we were dining at a time that was gave us plenty of time to make our concert, and we were trying to enjoy our drinks and appetizers before ordering our main courses, and did not appreciate being rushed.",341,True,,,,Yelp/yelp_review_full,train,0.945368877345996
T0206,review,,human,human,human,"Barrique's in general is great - they know their wine, and they serve Milwaukee's own Alterra coffees and baked goods.I've been to two of their other Madison locations and enjoy the laid-back atmosphere and comfortable seating areas. \n\nHowever, this morning on my way out of Middleton, the staff at the Middleton Coffee Trader location was dismal. At 7:30 a.m., the assumption in a coffee shop three blocks from a major freeway entrance should probably be that people are on their way to work, or just generally not interested in a leisurely 15-minute wait for a latte!\n\nWhen I entered the store there was one person already waiting for an espresso drink, one person ahead of me and no one behind me. After one of the three employees rung me up, I waited several minutes as the barista VERY leisurely made the person in front of me's cappucino. She was literally pulling an espresso, standing for a few seconds talking to the other girl, then steaming the milk, then standing, and so on.\n\nAfter she finally finished the other guy's drink, she wiped her area down and took her sweet time to start my drink. It was very obvious I was there waiting, and very obvious that she was just wasting time. Meanwhile, her and one of the other employees started to argue with one another, all the while she does nothing. Finally, I tried to make eye contact with one of them, because I really was in a hurry to get back to Milwaukee. Finally, she made my drink, slooooooowly. \n\nAs an aside, I'm not that uptight or fast-paced of a person, but customer service with no customer focus really gets on my nerves, and there is simply no excuse for ignoring a customer in a coffee shop at 7:30 in the morning. The whole experience left a bad taste in my mouth.",311,True,,,,Yelp/yelp_review_full,train,0.9797185684710463
T0207,review,,human,human,human,"So the last time I went to a water park was probably when I was in elementary school and didn't really know how to swim (... I still kinda don't. lol). Anyway, it was in California at Raging Rivers and it was a traumatizing experience. Screaming & being tossed around in the pool that pushes periodic waves at the sound of a loud horn and ending up with scraped knees and feet. Not fun.\n\nSo to say the least, I was a bit nervous coming to this water park afraid to have another episode of feeling I was being drowned. Luckily that did not happen.\n\nI seriously had SO MUCH fun here! I honestly was only expecting to go on the Lazy River pool all day but with my bf, we hit up so many rides... tandem AND single rides! I feel like such a big girl now! Definitely lean back while you're on those single donuts on the water rides, or else you feel like you're going to flip over while swishing down the tubes. The new dragon ride they just opened up was okay. I was expecting it to be so much more fun, but literally you just slide down a dark tube into a circular room where you just slowly swirl your way down the middle hole and that was it. \n\nThere was this one ride where you slide down the tubes for a few seconds, then you land into a pool where a worker pushes you into another tube and this continues about 3 times. It was weird. Kinda awkward with the worker having to grab you and push you through. Although it was still fun. The last dude threw me in backwards! Scared the crap out of me but it was fun :)\n\nThe food here is surprisingly pretty affordable. Plus, who wants to eat a huge meal while in your swim suit. Me don't want no pot belly. \n\nOverall I had such a fun time here. It definitely made me rethink my fear of water parks. By the way, we went on a Saturday in early June and it wasn't as packed as I thought it would be! So the lines weren't long at all. Also, go to Giant Eagle to purchase your discounted tickets. You save a few bucks versus buying them at the water park. Oh and don't forget to bring sandals while walking around.",400,True,,,,Yelp/yelp_review_full,train,1.000423515437946
T0208,review,,human,human,human,"Sadly I've been here a few times because it's a crowd pleaser when my girlfriend's parents come down to visit. There's nothing really WRONG with it. The portions are big and the food is \""alright\"" and the interior gives you the superficial impression that you're encountering fine dining.\n\nThe food is sooooo bland though. Everything you get at P.F. Chang's you can get elsewhere in Pittsburgh at a much lower cost and it'll be made with more precision and have better flavor. The honey chicken at P.F. Chang's was so mediocre all I could think about while eating it was heading over to Wai Wai in Bloomfield and getting a tastier order of it for 8 bucks.\n\nLast time we were there the server was horrendous as well. I don't think I've ever felt as awkward at a restaurant. He brought my girlfriend's father (Don) his unsweetened tea then told him he didn't bring sugar because he asked for it sweetened and then did not understand the concept of sweetening it yourself. He then got all huffy when Don kept asking for it and actually seemed angry at us. When he came back to take our order Don ordered for himself and his wife and before Janey (my girlfriend) and I could order he had already started to walk away. We actually had to yell out to get him to come back and finish our order. (not in an uncivilized or malicious way, either) After that he must have thought we were terrible diners (I don't think I've ever been impolite to someone who is currently at work, or ANYONE for that matter) and he showed it by being silent and plopping things down in a passive aggressive way. It was really embarrassing and every time he came by the conversation died.\n\nObviously the attitude of one idiot who can't hide his bad day well doesn't really have anything to do with the restaurant. But it's soooooo bland! Go somewhere else for Chinese! Look up Chinese on Urbanspoon and it'll give you a variety of good, local places to choose from at half the price.",352,True,,,,Yelp/yelp_review_full,train,1.0040601041595227
T0209,review,,human,human,human,"I have been to all of Lidia's restaurants in Manhattan, but this was my first go at her establishment all the way out in Pittsburgh. This restaurant is pretty similar to Becco, except there is no \""theater crowd\"" and the restaurant has a considerable amount of space. The menus are pretty similar too, with the unlimited pasta specials being a mainstay here as well. \n\nThe design of the restaurant is intriguing. It has two levels, and a considerable amount of open air space which is punctuated with huge, intricate chandeliers and giant tableaux along the walls. There is an industrial feel which helps the restaurant blend in fairly well with the Strip District; yet, at the same time, there is a sense of elegance down along the floor. The balance was struck quite nicely, and it made for an interesting place to eat. \n\nAs for dinner, I was disappointed that the 3-course prix-fixe was only available as an option for the entire table. My girlfriend did not want to eat any pasta, so that option was simply not available to me. I am not sure why they can't offer the special on an individual basis and charge a \""single supplement\"" price if only one person orders it from a particular table, especially if we were both planning to eat 3 courses anyway. I ended up ordering the same appetizer I would have ordered from the 3-course menu, a pasta dish for my second course, and forwent dessert for the same price. It seems silly to be so pedantic about such things. Oh well. \n\nFor the appetizer, I went with the Cozze ($12). As an appetizer, it is only available in a white wine preparation, but on the prix-fixe menu they had a red wine (fra diavolo) preparation. Since that menu was verboten to me, you guessed it, I received the white wine preparation. The mussels were served in a very narrow, tall bowl. The bowl was jammed tight with open black mussels, sitting upon a shallow pool of broth and crowned by two pieces of toast. The mussels were clean, not a single one was cracked, and they were all open boasting sizable pieces of meat.",366,True,,,,Yelp/yelp_review_full,train,0.9540189773304942
T0210,review,,human,human,human,"Dude. Pittsburgh. Who knew you had such a refined and sexy dining scene???\n\nWell, your good citizens, that's who. Which is how husband and I were referred to Point Brugge, Salt of the Earth, and lastly Soba Lounge, thanks to the brilliant hostess at our B&B who told us Soba was her favorite spot within walking distance. I don't usually dine without Yelping these days, but I am so glad we recklessly heeded her advice. Our meal at Soba was one of the finest, most delicious, and wholly satisfying that I can recall (joining Salt of the Earth, no less, in that prestigious category...).\n\nThe subtle lighting and modern d\u00e9cor of the joint is coolly lovely, setting the mood right away for a relaxed dining experience. Attentive, professional service is provided by servers who explain that most of the produce used in Soba's dishes is locally sourced and are happy to make recommendations. Husband and I started out with an Asparagus Maki Roll appetizer, with tempura asparagus, tamago, roasted local shiitakes, scallion, and a spicy lemon ponzu. The soft, sticky rice didn't overwhelm the crunchy asparagus, earthy 'shroom, and slightly-sweet tamago; the ponzu dip was a pleasantly sour foil. We also had an order of Thai-inspired Blue Bay Mussels with crispy soba and aioli, which were fab-u-lous. I eat a lot of mussels, but these were some of the most enjoyable I've ever had.\n\nFor entr\u00e9es, husband and I split the Soba Noodle Scallops -- which arrived at the table with root spinach, cuttlefish, wild mushroom, and fresh wasabi -- and the Seared Tuna -- with a sesame crust, cucumber-red-onion salad, kimchee, ginger fried rice, and peanuts. Both dishes were out of this world. Husband I had trouble cutting ourselves off at half and switching plates, but were both rewarded tenfold for doing so. The scallops had a perfect sear, the soba was fat and chewy, the ponzu wasabi broth was soul-warming. And the tuna was seared expertly, still gorgeously garnet and cool in the middle, complemented by a crunchy, nutty sesame crust and that flavorful rice. I don't think either of us wanted that meal to end. And all things considered, husband and I thought the bill at the end of the night was ridiculously reasonable. Soba FTW.\n\nPittsburgh, I have a crush on you. Your perfectly-priced fine-dining scene makes me want to pull up stakes and move in with you.",398,True,,,,Yelp/yelp_review_full,train,1.0079318838910662
T0211,review,,human,human,human,"Had Hunan Wok yesterday because it was on my way home. I've heard mixed reviews so I wanted to try it for myself. I tried to peruse the menu before ordering but I couldn't find it online anywhere which is disappointing because the hard copy they have available had at least 300 different options from apps, combos, sides, and entrees. \n\nI got their General Tso's Chicken (extra spicy) and because my order was a take-out over $12, they threw in two free egg rolls. win \n\n(Other offers are Free 1 Small Fried Rice w/purchase of $16, Free General Tso's or Sesame Chicken w/purchase over $28) \n\nI called on my way there and it took about 10-15 .... When I walked in, everything was ready to go. Large portion of chicken was served in plastic and rice was in standard paper folder container. They were not stingy about duck sauce, soy sauce, and fortune cookies. win win\n\nJust like the reviews below, the General Tso's was just so-so. It definitely wasn't extra spicy but it did have a mild kick to it. To me, the sauce tasted a bit like wing sauce from a dive bar. I would get it again because it was good but it didn't have an oriental flavor to it. When ordering from a strip mall Chinese food place, I always expect each piece of General Tso's to be a quarter chicken and the rest fatty breading to which I dissect and just eat the meat. My expectations were met but I wasn't disappointed because the chicken was good. \nThe meal had a decent amount of broccoli in it which was cooked perfectly for my taste, a little firmer. \n\nThe egg rolls were OK. Super crispy and not much filling...plenty of oil. They were free and so I can't really complain. \n\nI will definitely eat here again. I'll probably try Sha Cha chicken because it's spicier or Kung Po. This place is good if you want cheap food that will hit a Chinese take-out craving. \n\nEveryone that worked there was really nice - Even the chef in the back said hello. That alone goes a long way in my opinion. \n\nSide note - It's the day after and I'm not sick so I give my seal of health approval.",381,True,,,,Yelp/yelp_review_full,train,0.9857534343976789
T0212,review,,human,human,human,"Disclaimers:\n1) I'm not from Charlotte and live in San Francisco\n2) I was in town on business (and so not paying)\n\nGroup of 6 close business associates at Blue for dinner. \n\nDrinks: Had a guy who grew up in Napa picking wines so we had a few very wonderful bottles. He was impressed with the restaurant's selection and we were with his. I also had a microbrew amber ale on draft that was wonderful.\nService: Was not over or underdone. Had the flair and attention of a nice establishment without being too snobby/formal. One bottle of wine we particularly liked ran out so the manager came over to talk about similar choices. Nice touch.\nAppetizers: Choosing cheese and then pairing them with membrio, walnuts and bread was lovely. The house bread with butter mixed with kalamata olives was a wonderful touch. The calamari rivaled your favorite sports bar (I expected better). The Flavors of the Mediterranean plate was good but not extraordinary. It was a nice option from standard fare for certain though.\nMain meal: For the price we each agreed we didn't get anything special. Certainly the seasonal Jumbo Scallops on Risotto was good, but it wasn't lovely. Almost too salty and there was nothing tying the seafood with the grain. And I adore both items. The Bolognese was described as 'eh' and 'standard' and the two who got the pork roasts were equally so-so in review and description.\nAtmosphere: A jazz trio started up as we ate and it added a light and fun atmosphere to the experience. Tables around us were in good spirits, the lighting was set just right and there was enough space to move between tables (very uncommon in SF). It was nice.\n\nConclusion: This was a good experience but not great. I don't want to think because this is a smaller town then I'm used to, \""nice\"" local places = lower standards. I tend more to think there were good ideas here not executed to their fullest. 3 stars is all about the food which is ultimately why we pay these prices and go to these places. I think if the ingredients were fresher and the temperatures and spices were watched closer then this could be a 5 star no matter in what city it's located.",376,True,,,,Yelp/yelp_review_full,train,1.013329786968033
T0213,review,,human,human,human,"I'm not sure why this place isn't getting better reviews! I've been here twice over the last couple months (including yesterday) and have been very happy each time I've gone.\n\nCaffe Amante is located on the second floor (food court) level of Fifth Avenue Place, the home of HighMark Blue Cross Blue Shield.\n\nAmongst most of the mediocre chain food that's served on the same floor, it stands out as basically the only(or one of a few) sit down places available. \n\nBoth times the service was right on point. Quick, efficient, despite being busy, friendly, wait-until-I-finish-my-sentence-sensitive, good recommendations on food. Corrected themselves when they were wrong in what they told me previously and so on.\n\nThe two dishes I've had are:\n\nSpecial Salmon and jumbo lump crab meat. It was expertly cooked, great flavors, good portion size, and overall just a winning dish.\n\nDi Mare Amante which is a dish with shrimp, scallops, in a white clam sauce with capellini noodles. Their menu spells it with two p's: cappellini.\n\nBoth were great and I'd have them again.\n\nYou know, part of my review and rating is based on exactly what this place is: a more upscale place for the mostly business clientele bringing their customers out for a conveniently located lunch. In a restaurant that is more or less in a food court. Being surrounded chinese joints, mexican burrito places, and the philly cheese steak place.\n\nWhile I think it would be a solid bet for dinner as well --- that's not how I see this place positioned. I wouldn't take a date here Friday or Saturday night. There are more exciting places offering more adventures fare.\n\nThis is not your $8 lunch.... most things are priced $12-$16 which includes bread. Their prices well justified by the quality of the food.\n\nFor lunch, I'd go back to this place in a heartbeat.",302,True,,,,Yelp/yelp_review_full,train,1.0363275323225147
T0214,review,,human,human,human,"What a production! I don't even know where to start...\n\nThe place is small. They didn't lie to me when I made the reservation. Of course we had to pick the busiest day and time, Saturday at 7pm. The nice lady on the phone told me a reservation helps but we may still have to wait. I did appreciate that tip from her. \n\nSure enough, we showed up and it's PACKED! The unfortunate thing is it was cold, so eating on their patio was not going to happen. Therefor, people cram into what tiny space is allowed in the front. But when I say tiny, I really mean no space at all. An older man pretty much barked orders at us and demanded to know if we had a reservation. Thank God we did, I was a little scared of him when he ran off muttering about no seating in you ain't got reservations. \n\nSo the first table of the restaurant is thee worst, because people are standing on top of you jealously staring down at you and your food. Of course we ended up with that table! Thankfully, our server and anyone else helping out was extremely friendly and helpful and made us feel comfortable. \n\nWe started with the mussels app. It came in a light garlic sauce and was a good amount of mussels. I'd say they were pretty tasty and I loved dipping the bread into the sauce. The bread actually became my best companion that night... more on that later!\n\nI ordered the gnocchi with tomato sauce and mozz cheese. I LOVE when Italian restaurants dump the sauce on and this was a winner. I LOVE SAUCE! I know some people aren't into that, so I'll warn you if you like light sauce, you WON'T be happy. After having gnocchi at Il Pizzaiolo in South Hills earlier that week (I know, I'm on an Italian kick!) it didn't hold a candle to those light little pillows of pasta and potato. The sauce though, delicious! \n\nMuch to my husbands chagrin, I had a hard time keeping myself from grabbing his plate! He had the spinach and ricotta ravioli, which I didn't have have a bite of... but the SAUCE.... oh my! Orgasmic! I love tomato cream sauce and this was amazing! I kept dipping my bread into his sauce, with him increasingly getting annoyed.",395,True,,,,Yelp/yelp_review_full,train,1.0236027271693935
T0215,review,,human,human,human,"My first exposure to Upstream was a few years ago at one of those \""taste of\"" events, when all sorts of places from around town bring samples of their wares, and for a few bucks you can buy a little plate with something on it. We had teriyaki salmon, and it was just awesome. Ever since, we've been meaning to go by and try their real food.\n\nSo we went. I'd have to agree with a lot of others in that the atmosphere is just a little too stuffy for my own personal taste. It's a nice place, and you really don't have to dress up - we went in jeans - but it's just so \""pretty\"". The staff is nice, they are relatively attentive and all, but it just seems so wrong. I'd much rather go somewhere that's a little grizzled.\n\nIn any case the menus were delivered and we decided to try the spring roll appetizers, and they were actually quite good. I liked that there were two of us, and they split the appetizer onto two plates. That's a nice touch. Most places give you one plate and you're left to do it yourself. Another nice thing is that the bread comes with melted butter. That's cool.\n\nI ordered the sea bass, on the suggestion of the server, who said it is \""far and away\"" the best thing on the menu, while my wife had a sirloin. The flavor of the fish was good, but it was just so sponge-like I had a difficult time eating it. The texture was just strange. The steak, meanwhile, was really good. Odd, at a seafood place.\n\nOverall, it was decent, but it wasn't cheap by any means. I think we'd rather go to the more fun and much better McCormick and Schmick's, as it's just more our style, and the food is typically better (and it's cheaper to boot).",315,True,,,,Yelp/yelp_review_full,train,0.8837233495253639
T0216,review,,human,human,human,"ehh, 3.5 -- I can't rate it super low because i do smile a lot during my visits. Speaking of that, I've been here a few times, but never wrote a review for D&B. \n\nI'm a kid at heart and honestly do enjoy the games. However, there have been multiple instances where I swiped my game card & it took my credits, but no game began. There have also been times that I won and no tickets were released. I guess nothing is perfect but it does happen atleast once a visit (each scenerio) It's hard to find a worker walking around and for half-price games, you kind of just take your loss with the 1.3 credits for skee ball (hmph!)\n\nThe food- it really isnt anything too fancy. I've had okay food, but super long wait times for a simple chicken fingers & fries for example. It's your basic sandwiches, salads, appetizers & a few pastas. I believe all sandwiches & burgers are around $10 & served with fries. You can get the Eat & Play deal which includes food from a specific menu + a game card. Besides the game card deal, if you wanted to make D&B a date night you might be better off heading to another place to eat in Waterfront for amazing food.. but to each their own. Try it once I suppose. The brownie sundae that i devoured last night was satisfying (2 brownies, 2 scoops of ice cream.. one with chocolate syrup; the other with raspberry sauce & fresh strawberries. Oh & whip cream)\n\nDrinks- pretty weak. We ordered 2 liquid maryjanes (2 each that is) which are filled with multiple shots of alchy & didn't really catch a buzz. Oh welllll. They do have a happy hour from 5-7pm. I'd go during that time for the best deal. I believe cocktails are half off & $3 off bottles of wine. I've never seen anyone walking around with a wine glass though lol. \n\nThe prizes- as others have noted, the prizes are a little cheap for the amount of tickets they \""cost\"" However, it's cool to leave with a D&B coffee mug, cup or shot glass. Last night for 2500 tickets we decided on magnetic-style dart board (1,300?) a coffee mug, a D&B glass (our plastic one bit the dust) & a D&B coffee travel mug..",392,True,,,,Yelp/yelp_review_full,test,0.9884502581382721
T0217,review,,human,human,human,"Until recently, I had actually only been to Mercy for emergency room visits. I am afraid to say, there have been more than a few of them. Luckily, not all were mine. They were however at least kept to the family - it is not like I am picking up people off the street and taking them to the emergency room, at Mercy or elsewhere.\n\nOn this visit, I had to get some lab work. Now I was never a fan of labs. The mad scientist lab on Movie Macabre, perhaps. But the type of lab you would have to do in biology? I was too busy creating (and yes, throwing) spitballs across the room. Still not the right kind of lab, yet I hope you get the idea how I am not a fan.\n\nThe visit starts with the parking. Mercy has never been strong here - they excel in friendliness, not in convenience. For the emergency room, you get a nice - almost cozy - parking lot. For the main entrance, parking is decent, but not particularly close. Luckily, I scored a ride from some guy in a golf cart. I am lucky that he did not seem to be a fan of Movie Macabre. At least, if he is, he was working, and did not have time to 'cart' me to the woods. Had he done so, I was at least close by - and how far can a golf cart really get before it dies from lack of juice?\n\nOnce inside, the main entrance has been redone. Completely. It is really quite impressive. Unfortunately, they have to pay for all of that, and what should be a really simple process of sticking you becomes a rather tedious check-in (including a wristband), a journey to another floor, and waiting, waiting and waiting some more.\n\nFinally I give just two tiny vials of blood and get to leave, without so much as the courtesy of a reach around (or even a ride back to the car via the golf cart). Then I get the bill. Lovely. No wonder they could afford all that remodeling.",352,True,,,,Yelp/yelp_review_full,train,0.975006002484905
T0218,review,,human,human,human,"been traveling a lot lately and this was one of our stops. we booked the aloft W down the street and those posers, actually sold our room out from under us and, as a 'sorry' comp'ed us a room at the Hilton here.... now, first off, if you're going to say sorry with a comp, why wouldn't it be a nice hotel. not that the hilton isn't 'nice' but it's not quite at the level of the aloft. so why not find a comparable suite? anyway, that's a dig at the aloft and i don't want it to influence the hilton.\n\ni hesitate to give this place only 3 stars because what else do you really expect from this place. it's very clean and orderly. service is good. room is BASIC. no frills. they have an iron so you can iron your wrinkled shirts before going off to your meetings in the morning. hair dryer works. hot water. room is quiet. etc, etc.... they COULD spare a thicker blanket as i had to turn the heat up in the room to sleep comfortably because the blankets where thin... but oh well.\n\nand i should take a moment to point out the breakfast buffet was unusually good. not a massive selection but there were 9 staff down there waiting on about 8 customers hand and foot. i was playing with teh waffle-maker, about to make myself a waffle, and one staff member jumped in front of me (at the SELF-SERVICE waffle-maker) and said: \""no problem, sir, i'll make that for you and bring it to your table.\"" amazing. the food was 3 star but the service was 5. the room was 3 stars but the service at the front desk from 4. so again, i wonder if i should round to 4 but it's ultimately a holiday inn, a basic room. so it's good for what it is but not a ton more.",320,True,,,,Yelp/yelp_review_full,test,0.9780349548550367
T0219,review,,human,human,human,"Booked the penthouse for a night on the town, in the town. Upon arrival, we were promptly greeted by plenty of construction for the new Knight's ballpark, making getting there a challenge. Once we found our way to the entrance, the clerk at the desk decided that the phone call - possibly a personal call, possibly a take-out order - was much more important than our business. Regardless, we eventually made our way to the room, and it was nice in appearance. Not over-the-top or anything, but nice for a Residence Inn, and nice for our night out.\n\nUnfortunately, the thermostat is the \""hotter and colder\"" variety - not much different than the kind that used to be mounted under the window, it's just now on the wall. Is it really that much more to have the kind you set an actual temperature? It means that throughout the night, it gets way too hot, or way too cold, and makes for an uncomfortable night.\n\nThere are two televisions - one in the living area and one in the bedroom. The one in the living area works with the lineup card, while the one in the bedroom has the digital assignments, such as 76-0010 and whatnot, meaning you can't find anything (including HBO), so if you want to actually watch a show, you'll probably end up watching on the hard-as-a-rock sleeper sofa in the living area.\n\nIf you have to flush the toilet (and many people prefer this option), you lose all water in the bathroom. Not most, or even a particular temperature. It's gone. Not forever, so don't be completely alarmed. But for a few seconds, water completely stops. Not sure if this is unique to this room, or to the 11th floor, but it is a bit odd.\n\nThe hot breakfast is, well hot, but the offering wasn't the greatest. In fact, some other quick-serve, business-style hotels offer a better service and they are only deemed \""continental\"". If you go to an Embassy Suites, with their made-to-order breakfasts, it's much, much better.\n\nAll-in-all, we had a passable night, but I'm not sure if I'd stay again.",352,True,,,,Yelp/yelp_review_full,train,0.961334239695376
T0220,review,,human,human,human,"I am reading through these reviews and wonder if we went to a different Lidia's Pittsburgh, because on our romantic Valentine's Day the Olive Garden would have been more fresh and authentic (p.s. it's neither of those things). My husband and I loved her cooking show and figured that her restaurant would be something we would like to try, boy were we way off. Maybe it was our fault for choosing a holiday but it was their fault for cutting corners, in the worst way possible, FLASH FROZEN FOODS! They had a fixed menu with some options, but we already knew we were going to be charged $48 per person, which was pretty pricey, but maybe it was worth it, well it wasn't. First course was a fried ball that apparently had lobster in it, all you could taste is how much work the fryer had put in for the day, and it was a lot. Second course, couldn't wait, Caesar salad and a dish with shrimp and spaghetti squash, salad was ok, the shrimp you couldn't taste because they were the little frozen ones that are cute when breaded but when they aren't they just look sad, as if they had never been in the sea (which I am banking these hadn't). Then finally main entr\u00e9e, we held out hope thinking we there could still be a chance, again the price was $48 PER PERSON! My husband had gotten the tuna, JOKE, this made me maddest of all, it was pescado without the pescado part. We could have dealt with a small piece of FRESH tuna, but seeing as how this was an average piece of flash frozen crap with the grill marks already on it, thank goodness those poor chefs didn't have to actually grill a piece of fish. My pasta trio dish was ok, nothing about it screamed high and or fresh quality foods. The worst part was that the service was excellent other than he could see on our faces we wanted nothing to do with the food, so he never asked how it was, but he was fantastic. So after the frozen crappy desert or finger food, that was horrid, we got our bill all said and done with a glass of wine, cappuccino, tax and tip, we paid $150.00!",385,True,,,,Yelp/yelp_review_full,train,1.0554831619124656
T0221,review,,human,human,human,"I've always been pleasantly surprised with the food I've gotten at Rock Bottom. I say \""surprised' because with any restaurant that falls into the slippery territory of a \""chain\"", you expect to find your fair share of culinary duds. But I've really had a lot of good meals at Rock Bottom. Now, granted, you do owe it to yourself when ordering to not forget where you are (a \""bar-straunt\"" if you will), and don't get anything above and beyond this place's call of duty. For instance, I will never be ordering the ahi tuna. I'll leave that to my favorite sushi bars and restaurants a bit closer to the water (the Mon doesn't count.....).\n\nBut besides that, I always really enjoy my meal choices. I've recently gotten the chicken avocado sandwich. Chicken was grilled perfectly, plenty of avocado, and it was a good sized sandwich without being excessive. I've also ordered the Margherita pizza, which could definitely be split between two people. It's an eight cut that comes to you on a big wooden pizza paddle. The pizza was really great. The crust was crispy, it had a good balance of cheese and tomatoes, and the basil pesto was fresh and tasty. And not greasy whatsoever - BIG bonus points there. But my biggest surprise as of late was when I ordered their chicken flautas. I'm a HUGE Mexican food fan and always hesitate to order Mexican outside of a Mexican restaurant for fear of being disappointed. But I had an insatiable craving one night and decided to go for it. It was DELICIOUS. The flautas are deep fried which gives you an amazing crunch, and they still managed to not dry out the inner ingredients. The accompanying rice was nice and moist as well. I was so happy!\n\nI've always been quite happy with the service there as well. I go on Thursday evenings for trivia, and nine times out of ten the service is really spot on. The ladies servicing the bar area are friendly and attentive. Only once or twice, to my memory, has my service been sub-par, and that can usually be chalked up to an extremely packed Trivia Night with only two visible servers helping 50+ people.\n\nI definitely give Rock Bottom two thumbs up for taking your typical chain-found food and making it fresh, yummy, and worth coming back for more.",394,True,,,,Yelp/yelp_review_full,test,1.0031323973618487
T0222,review,,human,human,human,"I had a totally mixed experience with Bernie's, which may explain the other reviews. \n\nI have a DSLR that I got from my father - it had never been cleaned or adjusted. It had been having some trouble with the battery, so I took it to the only place in Pittsburgh (apparently) that will help with this. A dark-haired guy greeted me as I walked in and treated me like a total noob, and his demeanor made me feel like the dirt under his shoes. However, he did give me good information and service about my camera when prompted by another man in the shop (who I might assume is Bernie). \n\nThey told me they could send it to the manufacturer where they'd clean it for a couple hundred bucks, but instead they cleaned out the sensors and the lens right there at the counter and checked the contacts between the lens and the camera. The dark-haired guy showed me through a magnifying glass what I was looking at, and explained that some spots I saw in the viewfinder were inside the top of the camera and wouldn't appear on the pictures. The other guy (Bernie?) explained to me some of the functions of the camera -- I knew these already, but it was nice to hear them explained and he showed me a few examples. They advised me to get a UV filter to protect my lens, which I knew was overpriced but I happily bought anyway to pay for their service. \n\nSo I think the kind of experience you get depends entirely on the person you run into. I can see how someone would be put off by the dark haired guy I ran into first, and how someone would absolutely love the service from the other guy. All in all I'm pleased with my encounter with this shop, but I probably won't buy anything from there considering how overpriced it was -- however, if something goes wrong or I need any service, I'll definitely go back.",339,True,,,,Yelp/yelp_review_full,train,0.9750062372915248
T0223,review,,human,human,human,"I ate here this past Friday evening with my girlfriend and two other dining companions. I had made 7 PM reservations for us and we arrived shortly before that to a table that was ready for us. The inside of the restaurant is actually much tinier than I had expected with as many people crammed in as possible. It probably was helped that the night we were there, there was a party of 10+ next to us. They would also order just before us understandably leading to some slower service times for us which I would guess is not the norm. Other than it being crowded there was not much else in the dining room to look, just some table and chairs as well as some pictures on the walls.\n\nFor dinner my girlfriend and I decided to start of the evening with the polenta to share. It came out cut into pieces and served with some sweet sausage and a pesto drizzle. I thought that the sweet sausage was the best part of it with the polenta being ok while my girlfriend really enjoyed the polenta. For our dinner entrees I ordered the Penne Vodka which came with a tomato basil cream sauce and prosciutto while my girlfriend went with the Penne Parma that had some artichoke hearts, roasted red peppers, olives and sweet sausage in a garlic wine sauce. Both pastas also came with salads before the meal and both my girlfriend and I ordered the house balsamic dressing. The salads came topped with many different things and I thought that they were pretty good salads for being included in the meal. The Penne Vodka that I ordered ended up being really good! It was delivered when still at a fairly hot temperature and I really enjoyed the sauce. It's only peculiar item was that the prosciutto was almost off to the side and not in the pasta which I found to be odd but I still enjoyed it. Even though I really enjoyed my pasta, I actually thought that my girlfriends meal tasted better. The garlic wine sauce on hers was awesome and made each bite of her entr\u00e9e that I had a treat.\n\nThe bottom line for me is that I would definitely head back here again.",379,True,,,,Yelp/yelp_review_full,train,1.0223160880266884
T0224,review,,human,human,human,"I love to try new places when traveling and my wife was interested in something \""mild.\""\nFrom their menu on the web it looked like Mahoney's Restaurant had a good selection of American favorites.\n\nThe restaurant was close to our hotel so we walked over and go there about 5:30 pm on a Thursday. It is a bar with larger dinning room, we were seated in a private booth, which was nice because they had a curtain between the booths so it was a nice secluded place to enjoy a meal... I just wish I had enjoyed the meal.\n\nMy wife and I were the only people in the bar/restaurant. We were waited on immediately and our service was good.\n\nWhile the web site is nice, their menu in the restaurant's printed menu was almost impossible to read. I do not know know who picked the font but the number one rule when picking a font is to make it legible. I liked the fact they had descriptions with each menu item but trying to comprehend the message while reading \""through\"" the font was not fun.\n\nMy wife picked the cheese burger and fries. I picked the fish sandwich and sweat potato fries but then changed to plan fries when I learn they put sugar on the sweet potato fries, it was nice of the server to let me know this information.\n\nFood came out quickly. The fries were home-style with skins on and they tasted just like my homemade fries, greasy and soggy. I love fires but I did not finish mine.\n\nMy wifes burger was cooked well done as she liked them and she was afraid it would be dry but it was not she liked it and she liked the crispy toasted bun.\n\nMy fish sandwich was in one word \""yuk.\"" I have never seen fish that thin. It came with a tiny drop of tarter sauce in a plastic container, I asked for more when the sandwich was served and got one more drop of sauce, which might have been enough if the fish had not been so over-cooked that parts of it could not be chewed and swallowed.\n\nI had to keep picking out hard, long stands of fish from my mouth as I tried to eat the fish. There was one long piece of fish and one about 1/2 the length of the other, the perfect amount of fish.",396,True,,,,Yelp/yelp_review_full,train,0.9934780194768454
T0225,story,,human,human,human,"Every person, in the free world at least spends, on average, a little over four years of their life in a car. While that is n't a lifetime, it's still a considerable amount of time if one thinks about it. With the amount of time waiting in traffic on the highways and streets of America four years feels like a lifetime. Hell, that thirty seconds waiting behind the asshole who has n't realized the light is green because responding to the text on is phone is a matter of life and death might as well be an eternity. It is n't life that's the Highway, it's the Highway that is life. Just like how people live their lives these days, everyone is in far too much of a rush to pay attention to what's passing them by, even if it costs them. My parents loved to travel when I was a kid, taking the entire family out on long cross-country road trips. Sometimes my brother and I forgot that we even had a home to go back to in the first place. The road was our home. Because of this I developed a knack for spotting all sorts of things. One time on a trip to Yellowstone I was able to count the license plates of forty-nine states. My brother found only ten, neither of us could find Rhode Island. I was the best at the Alphabet Game though. Despite my brother's constant protests that I was a liar, I had a knack for being able to spot any letter even before I could see it.'' I guess you could call it a superpower of mine. My dad loved using my superpower'' for spotting police cars and speed traps, which saved our family thousands in tickets. That was nearly five lifetimes ago, and my wife and I are expecting our second child, a girl. I ca n't wait until both are old enough to play the games I did. While I wait for that, I just spend my time driving to and from work, never the same route twice except for the one major highway. To get anywhere throughout the city you have to drive on the highway which means running into traffic, which means getting angry, which means getting impatient, which means speeding while weaving in and out of traffic.",391,True,,,,euclaise/writingprompts,train,1.0952031417696297
T0226,story,,human,human,human,"I think we should be heroes.'' Luke took a bite into his apple, acting like he did n't care as he leaned on the half finished construction site. In truth, he stayed up all night thinking of how to convince his friends to be the good guys. The heroes always win in the movies.'' Stan shook his head. That's just some movie bullshit. That ai n't real life man. Besides, even if it was, that just means we'd be more badass for winning the town.'' Villains are proactive.'' Robby adjusted his glasses and looked up from his book. Heroes are reactive.'' Fuck does that mean?'' Stan asked. You may have to dumb it down for us, oh great one.'' Robby blew out a heavy breath through his nose and pushed his glasses higher again. It means villains do stuff. Heroes do n't do anything unless they have a villain to stop. So we ca n't even be heroes unless the town has villains.'' Stan nodded along with Robby's words. Yeah, yeah, makes sense.'' Luke hid a scowl. He did n't expect Robby to side with Stan. He usually sided with logic or reason. Maybe being villains was the logical thing. Plus,'' Robby said, neither one will be fun without the other. What's a villain without a hero, and what's a hero without a villain?'' So, what are you gon na be?'' Stan asked. Neither. I do n't wan na play.'' Luke kept in his relief. If they had to make a villain, he did n't want to play either. What are you doing!'' Luke jumped up, dropping his apple, but not in time to stop Stan from hitting Robby with a cement block. Robby hunched over a bit, blood pouring from his unmoving head. Now I'm the villain. You're the hero. You have to stop me before I do it again!'' Stan smiled in joy and ran off, leaving Luke with his dead friend.",324,True,,,,euclaise/writingprompts,test,1.0772694586855323
T0227,story,,human,human,human,"Mate-spawn? Yes, mate-spawn? Are you aware of the present star sequence? Yes, mate-spawn. I know exactly the present star sequence. Why do you ask such a rudimentary question? I will create additional context. Are you aware of the present star sequence, in relation to the thirdly ordered planet in the quarantined system known colloquially as Shit Creek''? Shit Creek number three? I... no, mate-spawn. I do not presently know... It is October 31st. .... Did you hear me, matesp... October 31st? It is presently October 31st? Yes, mate-spawn. WHY ARE WE PRESENTLY ENGAGED IN UNNECESSARILY CIRCUITOUS CONVERSATIONS? IT IS OCTOBER 31ST! To the human falsehood depository! I will drive! I know a shortcut. I would like to register a formal complaint about the use of the term shortcut''. We have arrived. The time for petty bickering is behind us. Let us discover this revolution's hottest human falsehoods. Only with the correct human falsehood will we blend seamlessly into their annual Satanic ritual and receive the choicest cuts of short-chain, soluble carbohydrates. I like PayDay bars the best. You would. Do you suppose rotting, gangrenous human sloucher is still in style this revolution? One suspects. Popular human falsehoods do not easily concede their position and disintegrate gracefully into oblivion. Ever do they shamble forward, like... some sort of rotting, gangrenous human sloucher. It comes full circle. What do you think of this one? '' Sexy Twitter feed''. That is a collection of words with no meaning. And this? This is merely an assortment of normal coverings molded for the bodies of designated egg-carriers. I do not see the falsehood. Perhaps the words? '' Cash me outside''? More gibberish. Perhaps there has been a global monoxide leak since last we visited. Where are the silken-shirted sea-thieves? The cyclops race? Surely that falsehood has dissolved into the cultural ether by now? Do not underestimate the tenacious grip with which these humans claw onto their musty, old falsehoods. There will be cycloptic sea-thieves about. Mark my words. We must choose soon. The yellow star has nearly set. Fine fine. You shall wear this black and yellow fuzzy dragon falsehood... That is a bumblebee. All winged earth creatures are descended of dragons. Everyone knows that. Why does it come with a lycra sling? That is for your lower genitals.",384,True,,,,euclaise/writingprompts,train,1.041816584700317
T0228,story,,human,human,human,"The room was silent. Tension traveled through the auditorium, dancing with the cigarette smoke that rose from the rows of workstations. John Crawford sat in the back of the auditorium behind the Flight Controller ' s desk. Avoiding the watchful eyes, he grabbed a brush from desk drawer, and began cleaning out his pipe. Something's wrong. "" Why isn ' t he saying anything, God damnit?! The procedure was suppose to start five minutes ago! "" John twisted the pipe around in his mouth, a habitual act of annoyance. "" He said he was grabbing a snack. Keep in mind sir, this is a long and demanding procedure. We want him to be as alert as possible. "" Flight Surgeons always put the safety of the astronaut over the mission objective, and John always felt that they were over-cautious. The astronaut was a veteran of the space program. That ' s why he was picked for this mission. Surely someone like Butler can execute this mission without being babied. An hour earlier, Mission Control had been quite a bit louder. John was on his way to winning a hundred dollars from his longtime friend and colleague Bruce Thompson, the Flight Surgeon on duty. John had always been a fan of the Packers, admiring the leadership of Vince Lombardi that he tried to emulate at Mission Control. John was annoyed to learn that the procedure would happen during the Super Bowl, and had requested the game be projected onto the large screen in the front of the auditorium. "" I ' ll tell ya, Bruce, Bart Starr has a fire under his ass tonight, and believe me, I ' m as surprised as you are. "" Unlike his admiration for Lombardi, John was not a fan of Starr, mostly because Starr consistently beat his alma mater while at Alabama. "" I don ' t know, Crawford, I ' ve got a good feeling about the Chiefs Tonight. "" Bruce always had a feeling about something, and the smart money always bet against his feelings. John squinted across the hazy room to check the clock. The procedure was suppose to take place at 9:00 pm. Glancing back at the game, he figured he ' d be a hundred dollars richer before it was time to get to work.",386,True,,,,euclaise/writingprompts,train,1.0570294900352175
T0229,story,,human,human,human,"He took everything from me. They say revenge is a dish best served cold but I beg to differ. The fear in his eyes, his cold, sweaty hand on my arms. My hand pressed firmly against his throat. He struggled and squirmed but that was too easy. I released my grip, he was panting for air, gasping it for dear life. I never broke contact with his eyes. I saw fear and he saw death. The fire rising in me. I would hurt him like he hurt me. I dug my thumb deep into his eye socket. I felt the squish and pops as I dug deeper. His shrieks echoed through the warehouse. Screams no one would here except me. Screams that would haunt me for the rest of my life. Constantly reminding me what I have done but I was oddly okay about it. I was knuckle deep in his eye when I pulled out. The blood spraying at me. A pool of crimson formed around us. His ungodly scream startled me for a second. Now it was time to end this. I reached for my coat and pulled out a small picture. He knew exactly who they were. He was responsible for their death. It's always the innocents that get killed. The intoxicated drivers always survive. But not always, for today I am death. And I am here for him. My hands wrapped around his throat for one last time. I could feel the life slipping from him. He did n't struggle. He laid limp staring at me. Begging for mercy, he almost looked sorry. But that was to late. My family may of looked sorry and look where they are now. I have become judge, jury, and executioner. His body fell imp on the ground. His life drained. I stood there looking at what I have done. A calming feeling overcame me. I felt relieved. I turned away and walked back towards my car, ready to redo my life once again.",334,True,,,,euclaise/writingprompts,train,1.327844724974305
T0230,story,,human,human,human,"The world here passes me by. Times come and go, but this room never changes. The radio never changes. The recliner I sit in has been here forever and it will be here forever. Time passes here, but it never stays. They call me Lucifer to spite me. They mock me, ignoring my existence as I sit here watching out the window of the damned. They mock me in my own personal hell. Lucifer, the real one, was an old man when I had come. He took to me kindly and I would visit him often after I had died. It was a nice respite from the back-breaking work outside. We would listen to his radio and he would tell me of his life, his faded hopes and dreams. He was a nice man, Lucifer. But he was the Devil. The day he had planned carefully. I walked in and the shades were drawn over the window. A red glow burned through the shades and our shadows were long, undefined. We had tea and he played the music of the angels on the radio. I remember thinking how beautiful it was, hating myself every second for being here and not being up there with them. But Lucifer did not pay attention. He was old and prone to babbling. He babbled plenty that day and he cried often. He cried when he spoke of the early days of Creation. He cried for his youth. I listened as best as I could, but I was n't really paying attention. I listened to the radio, trying to absorb every note instead. And so I had taken the bait. I made the tea, not looking at what I was doing. I focused only on the music and vaguely on Lucifer's words. I poured the tea that would kill the Devil. I saw him sip it and I remember his smile, a subtle thing that broke the spell of the music. You're a good boy,'' he said. You really do n't belong here.'' And he laughed his old man laugh. I think he had wanted to die for a long time. I do n't know why I was the one he chose, but that was how the dice rolled. They found me and I saw the angels first hand. They were mighty beings, more majestic than their song had let on.",396,True,,,,euclaise/writingprompts,train,1.1038675618848812
T0231,story,,human,human,human,"The Prince and the princess There once was a prince who loved a princess. But it was not to be, because this princess was already betrothed to another. But this prince could see that this princess was not truly happy. She was married to a dragon and her and that dragon were able to sire two children together. But as you know, the offspring of a dragon and a human is a demon. Now most people think demons are these horned creatures that go around creating misdeeds and causing havoc but that's not what demons do. Demons look just like any other person except they enjoy suffering. You see, unlike a regular person, demons love to see human beings suffer. I guess, that just makes sense given that so few demons are spawned by acts of love. Maybe demons are n't inherently bad. they're just nurtured that way. Regardless, the prince saw this and he wanted to do something about it. What I have n't mentioned before is that this prince was actually also a knight. Hed also slain many demons but never a dragon. Demons are relatively easy to vanquish, but a dragon is a great accomplishment. The kind of accomplishment that so few knights are capable of doing but he was, because he was one of the greatest knights in the land. The princess used to pretend she was happy. But the prince could see how unhappy she really was. When he would watch from the window, when she was all alone, away from the demons and the dragon, he could see her true sadness. The sadness that only the brave and handsome prince, the strong knight, would ever be able to chase away. So one day, the prince entered where the dragon and demons lived. He was armed with a crossbow and an axe. Most knights would have used a sword but this particular night was fond of using axes because it's only with an axe that a true warrior attains a higher state of being. As he entered the door to the castle, he saw the dragon, the demons and the princess all eating dinner. The princess, of course, was pretending to be happy but the knight nnew better. Away the bolt flew from his crossbow and into the heart of the dragon,.",387,True,,,,euclaise/writingprompts,train,1.1232884179575635
T0232,story,,human,human,human,"I had n't slept in over two days. It felt like my body was turning on me, I lay on my straw mattress at night and attempted to sleep only to gasp for air and have a coughing fit. The physician was traveling to the village due to the large rise in people getting sick. No one really knew how close the doctor was or if he might have a way to help the sickly but everyone held onto that hope. Everyone but me that is. My father and his father before him had both been farmers. I was raised to be a farmer as well, there never was much say in the matter it was simply tradition. When I eventually had a son of mine own he would be raised to be a farmer and the cycle would continue. It had started when the farm hands had started to get sick. Running high fevers some still attempted to attend to the fields until the black lumps began appearing. I'm only one man, I ca n't possibly care for an entire farm by myself, however I still attempted to do some work. Soon enough I began to feel a hotness on my forehead and it increased in heat as time passed. I dragged myself out of my bed and out the door of my cottage, my entire body ached and begged me to get back in bed, I ignored it and greeted the sunlight. The sunlight soon proved to be far to intense and I needed to shield my eyes, they burned and my eyes began to water. I limped behind the house to take a piss only to be surprised with the sight of blood in my urine. I collapsed against the wall and slowly slid down onto the ground. My eyes welled up and a few tears escaped silently. What did I do to deserve this Lord? How have I sinned so extremely that you must punish me in this way?'' The words came out of my mouth with a croak as my throat was soar from all the coughing. The sound of hoof beats upon the road distracted me from my misery. I craned my neck to see a horse drawn carriage moving closer. I closed my eyes and waited in hope that it was the physician.",390,True,,,,euclaise/writingprompts,train,1.0081085823478064
T0233,story,,human,human,human,"Day 24: I'm still weirded out by the silence. Power still functions. Electricity still works. I have an abundance of everything. Everything, that is, except people. How long will I survive with all the food and water stockpiled for a civilization of 7 billion people all to myself? What's really ~~fucking~~ freaky is the lack of animals. No birds, no cats, no rats, no bugs, no cockroaches. Shit, no bees. No pollen. No fertilization. Well, that ' s fucking depressing. Fuck it. Fuck. Fuck. Fuck. No courtesies. No PC language. I ' ve got to train myself to keep a better journal. That ' s all I got for now. Still day 24: Time doesn ' t have meaning. I ' m still in Philly. Empty streets. Empty shells. I walked into the Liberty Bell Center and took a hammer to the damn crack until the bell split wide. No one to stop me. If this is the fucking Rapture, am I the only sinner on earth? That ' s way too funny. Day 25: I ' m booked into the Ty Warner Penthouse at the Four Seasons in New York. Forty five thousand dollars a night with a personal butler, floor-to-ceiling windows, calfskin leather walls, and a grand piano. Too bad I can ' t play. Where ' s my personal butler? Such a rip. That ' s what I get for checking myself in. They can charge my credit card if they ever return, the bastards. I drove up in one day. If this was the Rapture, then I ' d expect cars abandoned on the highways, but nothing. Nuthin. Nada. Nix. Zilch. I ' ve got all the time in the world. Crap. Sweet meats. Chicken dung. Apocrypha. Okay, writing is tiring. Why bother? No one will fucking read this. I might as well post it on reddit. Then I ' m sure no one will read it when I never get a single up vote. Hell, never did in the past, so why should the lack of humanity matter. I think I left the car unlocked with the keys in it. I think I wrote a sign saying "" Steal Me "" and stuck it in the windshield. How many people want their cars stolen in New York? One. How many people does it take to change a lightbulb? One. Why?",395,True,,,,euclaise/writingprompts,train,0.9871712904465259
T0234,story,,human,human,human,"Morticia Tenebrarum ( so named in her ceremony of acceptance to the Temple of the Dead ) stood in a cold, dark hall, staring at the figures before her. As the mist whirled around her, she shivered, left unprotected even under her thick black woolen robes. She stilled her chattering jaw, pulled back her hood, and spoke in a commanding tone: Turn away! Within these halls lie mysteries too terrible to contemplate! Regardless of what you seek, O invaders, you shall not find it between these walls!'' She stood there, hoping the adventurers would get the message and leave, but her luck did n't hold. The pallid man in robes similar to hers raised his hands and sparked two orbs of white-hot flame, while the solidly built woman next to him drew a sword that must have been no more than a foot shorter than Morticia herself. In the same instant, the slim black man at the back of the group notched an arrow, and stood with it pointed directly at her heart. Morticia smiled, despite the fear boiling inside her. She could n't yet summon any more than five skeletons, but hopefully that would be enough to cover her escape while she alerted another more powerful necromancer. She glanced down at the words marked on her arm -- she had n't yet memorized her incantations, something her mentors often chided her over -- and began to speak. She spoke quickly, hoping to avoid a painful death by the archer's arrow, and noticed mid-spell that he had fired. Panicked, she spoke faster, and in her haste tripped over the last word. She closed her eyes, expecting to feel the arrow in her chest. She did n't. Morticia opened her eyes cautiously. The arrow had simply disappeared. Out of thin air, a fountain of sand now issued between her and the adventurers. Before their eyes it shivered, and then coalesced into a figure. A tall, cloaked apparition stood there, holding carelessly in one hand a scythe. As it turned its head, Morticia saw into its hood. A skull lay beneath, dots like black flame dancing in its eyes. This was not supposed to happen. Alice Green, came a voice into Morticia's head, why have you summoned me?",376,True,,,,euclaise/writingprompts,train,0.9779731990999063
T0235,story,,human,human,human,"Humans... I never would have thought that such a frail, stupid lot would come as far as they have. The higher gods must have a twisted sense of humor, allowing my kind to be trapped by these magically inhibited rats. Where I once saw small villages dotting grassy plains, I now see massive metallic cities the size of forests, that shine with strange lights. Like herds of cattle, I see them travelling in puny machines that zip around through the sky and scuttle across their streets. Their machines may be plenty, but they are frail. Their towers crumbled to rubble as I rose from beneath the cityscape. How long had I been asleep? It could n't have been more than 100,000 years since those rotten humans trapped me. Could they have come so far in such a short amount of time? Impressed?'' asks a puny voice from somewhere in front of me. There it is, floating in the air. It looks like a human but, I can sense something more. Something much more powerful. My kind ruled over this world for five billion years. Twelve million humans have fallen at my hand alone. Who are you to address me so lightly?'' I grant the human my council, out of curiosity, mostly. Hmm..'' It surveys the scene of fresh destruction that surrounds us, Make that fifteen million. you just leveled half of Seattle.'' Is that supposed to mean something to me, human?'' It retains its smug composure and lets out a hearty laugh, Hahaha! Maybe! Ever tasted plasma weaponry before, my friend?'' What nerve. friend?'' I mutter, as I notice a flock of flying machines heading my way. The human notices them too. It flies closer to me and speaks one word in Talitotian, an ancient tongue, the language of the gods. Suddenly, we're not in the human city anymore, but on a comet passing by the planet earth. How did the human manage to teleport me this far all on his own? Humans should n't have this kind of magic at their disposal. He senses my confusion. Yes, I did that all on my own. I am no ordinary human, Therguutain.'' Therguutain.. that sounds familiar. Ah yes, its what the name the humans gave me while I ruled over them. Those humans and their stupid names.",386,True,,,,euclaise/writingprompts,train,1.057836196184906
T0236,story,,human,human,human,"Everyone, is born with a spirit link. Whether it be an animal, a mythological creature or an Ancient Greek deity, everyone is born with a link. Well... almost everyone. The most common are animals. More specifically rabbits and dogs. No one knows why, but they are. The rarest anyone has seen is Zeus. He generally comes around once every generation. There have been many tests and research papers made about this subject, but no one can figure out how a spirit link is chosen, whether it ' s a roll of dice, "" eeny meeny miny mo "" or something else, not a single person has even come close to a logical idea. Until me. I ' m also the first person to be born without a spirit link. As far as the tests go at least. There are a few beings that no one has had a spirit link to so there aren ' t any tests for them. Since I was born, I had the ability or disorder, whatever you want to call it, to remember everything. I ' m also the first person to be born with this. Anyway, I have such a good memory that I can remember being in the womb... and trust me, it isn ' t anything like what people tell you. There isn ' t any sloshing around in liquid, attached to your mother ' s body. Instead, as far as I can tell from the briefing they gave me that no one else seems to remember, you sit in front of a council consisting of every single possible spirit link known to man and not. Then from there, the council discuss what traits you will have, a lot like the "" Sims "" and then the spirit links that wish to link with you based on your traits step forward and the rest of the council vote for the best fit. From what I heard there are normally only two who step forward so it ' s also a pretty straight forward vote. For me, only one link stepped forward so they were guaranteed a link with me. Father Sky. He was the only person on the council who had never had a link before so apparently it was a pretty big deal.",382,True,,,,euclaise/writingprompts,train,0.969254929705601
T0237,story,,human,human,human,"The car idled slowly. Haralt sat in the front seat, drumming his fingers on the steering wheel, watching the bank while a rifle lay across his armoured lap. He was tall, bulky in his dark plate, but insisted on the precaution. Old habits did n't die hard. Knights that came unprepared did. He glanced over to the passenger seat. Elena sat perfectly straight, green eyes calm and collected. She spoke into her phone softly, her delicate fingers wrapped tightly around the device. Thirty seconds.'' she said. By the time we're out, the bridge needs to stay down thirty seconds. Do n't be late. Do n't be early. Or else.'' Abruptly she tossed the phone out the window and turned to the backseat. Draccio slouched in the back, shoulders wide enough that he needed the whole seat. Muscled, imposing, his suit tight against his frame. His tail snaked lazily from side to side, matching his mood, and his golden eyes turned to Elena, tendrils of smoke curling around his mouth. That was unnecessary.'' Draccio chuckled. They know the price to pay if they fail.'' They do n't take me seriously.'' Elena said bitterly. They see a pair of breasts and a dress, and assume I need some stupid knight to do anything.'' She glanced at Haralt. No offense.'' None taken.'' Haralt grabbed his rifle. We on?'' Draccio sat forward, nodding and cracked his massive knuckles. The trio stepped out of the car and headed for the trunk. Elena popped it and retrieved a set of masks, each more grotesque than the first. Each placed the masks over their faces, before Draccio reached in further and retrieved a bag and massive sledgehammer. Let's do this.'' Draccio rumbled. The bank was opposite the car. Regal yet modern, an old building layered with glass and steel, massive oak doors leading into the sunlight. Draccio lead them to the entrance. He turned to his associates. Remember, no magic.''",323,True,,,,euclaise/writingprompts,train,1.1465701646802675
T0238,story,,human,human,human,"Sir it seems that the opennents are not being wounded by any of our men'' said the private in a typical cool fashion. Impossible'' responded the general I was promised that we would win this battle with no resistance. Give me the details.'' Yes sir'' promptly replied the private Any bullets fired at the enemy simply pass through the enemy like no one was there'' Have there been any injuries at all?'' asked the general Reports came in earlier today that a singular civilian was killed by one of the bullets passing through an enemy soldier'' responded the private I've got it private find me that lamp found on the battlefield earlier'' commanded the general Sir yes sir'' responded the private It must be that double crossing genie. It must be he must have granted the same wish to the other general. I know what I can do. I can make a wish to end the battle in a way which we both win thought the general. Sir here the lamp you requested'' said the private handing the lamp to the general Thank you, return to battle private do not allow anyone to enter this tent until the battle is over'' commanded the general But sir the battle will never end'' responded the private You have your orders'' commanded the general The general promptly rubbed the lamp and the genie appeared You have two wishes remaining how may I help you?'' said the genie with a slight accent I wish to hear the last two wishes which you have granted'' said the general Both wishes were simply I wish to win the next battle'' responded the genie Okay'' said the general I wish for the battle to end'' Granted'' responded the genie Instanteously after the wish was made every indivual is returned to their home and the battle is considered to have been one by each general",317,True,,,,euclaise/writingprompts,train,0.9518553672129878
T0239,story,,human,human,human,"Alex trudged along the parched earth kicking up wisps of dust as he plodded along. It was still relatively early in the morning, but the heat already was starting to become uncomfortable. His heat suit was one of the last ones to not have a hole in it, but then again after the last few years, he started to have plenty to choose from. Alex had remembered his father telling him stories about the Inuit Indians in Canada in the old days. Back when the men had to go out and hunt for their food, they had to wear thick coats that their women had stitched together from the hide from previous kills for them. Each day seemed to be harder than the last and he did n't know how much longer he and the others could keep holding out. Burrowing into the earth had gained a lot of relief from the heat, and there was still a lot of water left. They were making due with reprocessing the water, and using grow lights to provide sunlight that would n't dry out and burn up the plants. The 3D printers were able to make spare parts fairly easy, but the lack of precious metals to make particular circuits meant that they were using older and bulkier boards. It was still an oasis compared to up top where he was making his little trek. He saw an old yellowed and slightly curled up poster in a window for a Christmas sale. It had a snowman hawking the latest and greatest in electronic for deep going out of business discounts with kids in winter clothes playing in the background. He stopped and stared at the poster and tried to remember the last time he had seen snow. Two decades at least. Maybe three? The only thing that keeps time anymore is death as far as he knew. He thought back to the stories about the Inuit his father had told him and thought how he was in the same boat as they were in some ways. The main difference was that the heat was the culprit and not the cold. Without protection, you would eventually die. The earth was without protection, so it was dying. The layers of protection were like the layers I put on to keep from getting damaged from the heat.",392,True,,,,euclaise/writingprompts,test,1.248404664392795
T0240,story,,human,human,human,"I took a long drag from the cigarette, savoring the slight burn and head rush it brought before tossing the butt down and stomping the lit end with my boot heel. Small moment's reprieve before the long day ahead. It was supposed to be a holiday, and I was hoping to drown myself in a long, long pint. Not today. Today was going to be hell. I just wanted a normal holiday. The fervent buzz on the tubes and social media were what made me aware of the event, but the hours leading up to now brought an unease I felt in my gut I had n't felt in years. I was waiting for the day that it would happen, like years spent paused in anticipation of the hammer dropping, hairs on the back of my neck pricked like the moments before a thunderstorm. From out of the corner of my eye floated a styrofoam cup of black sludge. I looked over to see my partner had come back from the precinct building, a look of weariness in his steely eyes and a matching cup in his hand. We both nodded and walked in. A slew of pleasantries with the dispatch desk, a quick nod to the other detectives investigating the Angel Grove massacre, a brief discussion on which local watering hole the partner and I would be drowning our gills tonight, and we found ourselves at the door to the interrogation room. Ms. Valerie Frizzle was calmly at the metal table in the corner, hands gently clasped on the cool surface despite the cuffs keeping her locked to the spot. The graying of her wild, orange hair belied the feeling of electricity in the room. Everyone in the station knew this woman. Everyone had met her at one point in our lives, or at the very least heard the wondrous, fantastical tales blurted out by the... imaginative....alumni of her classes. With acid in my stomach and the onset of nausea taking over my usually-reserved faculties, I did my best to take the seat directly across from her, my cup imperceptibly trembling in my hand. I feared this woman, and she knew it.",363,True,,,,euclaise/writingprompts,train,1.2539911923731224
T0241,story,,human,human,human,"The wizard Nadir and his knight-errant, Parallax, stood, stunned, above the corpse of the greater stone golem. The golem ' s corpse lay across the flat earth of the desert. A wind whipped at the cloth of Nadir ' s robe, and curved across the armor of Parallax. Parallax ' s chest heaved up and down, exhausted from the battle with the golem. Nadir ' s hands were covered in soot and stains, a byproduct of the magic he ' d used. The two stood side by side, and stared down at the treasure the golem had been protecting. "" What is it? "" Parallax asked, sheathing her sword. "" I don ' t ... I don ' t quite know. "" Nadir replied. The two were staring at a small, brown bag the golem seemed to have coveted. They ' d opened the bag, and inside had been a brown disk, flat and circular. The brown disk seemed to have the quality of a burnt baked good; flakes and ripples covered its surface. Currently, the disk sat next to the opened brown bag, both the wizard and the knight nervous about touching such a strange artifact. "" What do you mean you don ' t know? "" Parallax asked, turning her head towards Nadir. "" I thought you were a master of the occult. "" "" W-w-well of course I am! "" Nadir stuttered out, his face turning read. "" But this isn ' t occult. Nothing, none of my tomes or scrolls have ever mentioned something like this. "" Nadir said, gesturing madly at the flaking brown wafter sitting at their feet. The two turned their attention back to their loot. They stood in silence for a few moments, trying to come to a conclusion. Nadir ' s mind ran and sprinted through his expansive knowledge of the occult magicks. Nothing was of use. As for Parallax, she looked back on her experiences. She had travelled the land, fought countless monsters and demons, goblins and ghouls, explored countless dungeons and caverns, abandoned forts and ruins. Yet nothing she had seen came close to this bizarre wafer. In a way, it reminded her of overcooked bread, but what would a stone golem be doing with a pastry. "" We don ' t have much time to waste.",388,True,,,,euclaise/writingprompts,test,0.9945716027719115
T0242,story,,human,human,human,"D-day. Looks like it's the blindfold. It's my last hope. I've always been in control of my future. I'll give that up over my dead body. The plan is pretty simple. I go down to the basement. There's nothing in the basement. I lock and bar the basement from the inside. I put the blindfold on. I sit there for twenty-four hours. The vision of darkness I had three days ago comes into fruition. Not death, just darkness because of the blindfold. It's close to fail-safe. Or at least, it's far more fail-safe than trying to figure out what spells my doom. I do n't understand how ordinary people can live like this, not knowing. The stories they tell themselves, about luck, gods, guardian angels, how could they bet their lives on such ludicrous fantasies? Three hours in. I'm hungry. That's fine, I ca n't starve in twenty-four hours. Maybe I should have brought some snacks, to pass the time at least. No, wait, you thought about this. You could choke. Even though you're a grown man and you know how to chew, something could go wrong and you could die. But then again, this house could collapse. It does happen. Dodgy builders, bad materials. Maybe a freak storm? A hurricane out of nowhere. Maybe a bomb will go off outside? They're always on the lookout for terrorists at important buildings and monuments, so why would n't a smart terrorist target some quiet neighborhood in some insignificant town? Or maybe it'll just be a gas leak. Wait, is that gas? I can smell something. Oh, that's just me. Oh. This is what it is. This is normal. This is why people believe in guardian angels and luck and all the rest of it. The world is a truly frightening place. Nothing would ever get done if people thought about that all the time. And this is what I'm going to have to get used to. I do n't get visions three days into the future anymore. I just see darkness. At first I feared it meant death, but now I see that it's a fate far worse than that. To hell with that. I take off the blindfold. I get up and leave the basement. I take the gun down from where it hangs above my mantle-piece. I remain in control of my own future, to the last moment.",399,True,,,,euclaise/writingprompts,train,1.0281524586146993
T0243,story,,human,human,human,"An empty space only to be filled with toilets was there was in this walled mirror. The mirror thought to himself'I ca n't seem to speak or move, but to only think. This is weird. Can I flush myself right now?...'' One of the toilets flush. The mirror felt an overwhelming sense of relief as the toilet flushed, but some sort of disgust. He liked to flush himself, but the disgust only came from any association that came with dirty toilets. The mirror thought he was in some of sort dream, but the everything seemed a bit too real. He could feel every object that he could see. He felt the cold of the porcelain, and the overwhelming white of the counter tops. He was everything in the mirror. Two woman stumble into the bathroom one wearing red, and one wearing blue. As they stumbled into the bathroom they went straight to the sink. The mirror reflected differently. It only showed two shocked girls who moved in sync as they feel their new found bodies and even slightly fondle themselves on out of curiosity. This did not attain the attention of the two woman living in non-mirror land though. As the mirror was discovering his new found double pair of breast, the women just had snorted something off the counter quite hastily. The did this quickly within an eye's blink. They've done this before. I wonder what they're snorting?'' said mirror red woman. Hey, I can speak! I get it now...'' continued mirror blue woman. The real women did n't even notice their own voices and just finished up their snorting and wiped their noses. Hey! Can you hear me? Mirror blue woman screamed. Yes I can hear you. Coke does n't make you mute y'know.'' Real woman red woman replied. Blue woman did n't even notice as she was digging through her purse to find her cell phone and was distracted her own phone finding task. She found her phone and then started taking selfies. Mirror became frustrated as it became evident in his mirror avatars. The women got off two selfie shots just before one of the mirror woman said Look in the mirror!'' Neither of the women still noticed the magical mirror powers. More importantly, blue woman did n't even notice that it was her own voice that said it.",393,True,,,,euclaise/writingprompts,train,1.0425674278946742
T0244,story,,human,human,human,"The mammoth of an animal woke up. Oh wait, it IS a mammoth. Let's do that one more time shall we? The MAMMOTH felt as though life is seeping through his tusks. And it was. You see, for the first time in 100,000 years, a woolly mammoth is roaming the Earth. I know you can feel it, there's a problem is n't there... Oh there is. While this is a scientifically unforgettable moment, it also happens to be one that wo n't be forgotten by SEAL Team 6 anytime soon. Why? Simple. The single Woolly Mammoth ( WM, let's call him ) cloned is actually a type Alpha. An Alpha WM has the intelligence of a 12 year old, and the memory of a modern elephant. This WM is set out to eradicate humans after millennia of torture and harm inflicted upon his kind by early humans. That's bullshit actually. The problem with Mr Woolly Mammoth ( decided not to call him WM ) is that he's genuinely crazy. An utterly overpowered, mindless beast with the intent to seek and destroy. Did I mention he can not be killed by modern means? Why do you think all early weapons were spears? It took humans a long time to invent the bow and arrow, and the sword for that matter, and that's because they were of no use against the mighty mammoth. Dr Akniston soon found out one more thing ( yes I seriously just added a main character ). Dr Akniston found out that Mr Woolly Mammoth would n't stop growing. NOTHING is more powerful than ancient mana... Except an Apache helicopter. An Apache helicopter has machine guns AND missiles. It is an unbelievably impressive complement of weaponry, an absolute death machine. So yes, Dr Akniston called in an airstrike. Nobody has time to raise a woolly mammoth. Dr Akniston got himself a honey badger instead.",316,True,,,,euclaise/writingprompts,train,1.078634049422043
T0245,story,,human,human,human,"The following story is semi-autobiographical about my experience losing a bf. It had taken me all summer to get here, like my own inner self was willing it to not be true. I got the phone call the day after it happened, Sammy crying into the phone babbling about you and an accident. I made out enough to know what hospital you were at and that you weren ' t expected to survive. Talking to Ben that Sunday revealed a little more, like the fact that you left where you were so fast you didn ' t put on your helmet. Ben thought you were fleeing for your life. Ben swears you were set up. I didn ' t go to the hospital my love because of your estranged ex-wife. In fact, I was downright warned I ' d be in for a fist fight if I did show up, so I kept my distance. The day they let you leave us with grace and dignity, I bought a bus ticket to Toronto so I could say goodbye. Once again, I was warned by Ben and Sammy. My heart broke into a million pieces. I want to thank you, Jay, for leaving me with these words you said to Sammy; "" I should have gone after her, "" I let my own fear of causing a scene keep me from seeing you one last time, and instead I bided my time. I waited patiently until the wounds were no longer raw and I felt it was safe enough to return to say my final words to you. That summer I went home to visit family and friends. I saw Ben and we talked about you, a lot. I went to the place where we had our first date; you remember that day. That was the day you put me on the back of your motorcycle and we just rode to the water. When I went back in the summer of 2012, I took an empty box to fill with soil from where we sat. I felt like the soil still had your energy in it. So here I sat, at your grave that was still barren of grass, with this box of dirt from Georgian Bay. From the corner of my eye I see a woman approaching, hesitantly, being weary of my presence.",393,True,,,,euclaise/writingprompts,train,1.0300101764846186
T0246,story,,human,human,human,""" I ' ll never forget the way you ' ve made me feel. "" Her lips stretch across bared teeth, hands choking the man ' s throat, and she laughs. It was mid-July. The wind rushed through the city outside, its tormented screams burying into the ears of the residents. Flora had settled in, an hour earlier, on a road-side bench between a garbage can and a dying oak and accompanied by a group of gurgling pidgeons. This was not a good idea. It is difficult to read a book when the wind is blowing the pages ( and your hair and your purse and your sunglasses ) every which way. It is equally as difficult to get off your ass once you are sat down and relaxed on a sunny day. Even if the pungent smell of day old Chipotle has killed your nose. Thus, Flora was stuck. "" I have felt everything for you. I ' ve been happy; I ' ve been sad; I ' ve been thankful; I ' ve been angry. "" The man doesn ' t look very alive anymore, but that ' s okay. She lets go of him and he crumples, but that ' s okay too. In any case, Flora was meant to meet up with Charles here. He hadn ' t showed up. She wondered if it was sad that she wasn ' t even angry anymore. Charles was always late, or very late, or extremely late... or absent. It was the norm and not even disappointing anymore. It ' s quite impossible to disappoint when there are no expectations in the first place. Closing the Sonnets to Orpheus, Flora drooped down in her seat. The things we do for love. She got up reluctantly and walked. "" I thought I loved you. I thought I hated you. But, actually? I feel nothing. "" She kicks him gently, "" Hello? "" No response. Another kick. Harder. "" It ' d be nice to get an apology. "" Not a kick. A stomp. "" Fuck you. "" Flora sighed. Lost, empty, apathetic. Tired. She didn ' t want to care anymore. "" I ' m done, but I ' ll never forget the way you ' ve made me feel.",380,True,,,,euclaise/writingprompts,train,1.0431242540653762
T0247,story,,human,human,human,"What was supposed to be just another lazy Sunday ended up to be far from that. I woke up to a text from an unknown number which honestly was n't too uncommon considering I have a bad habit of not saving new numbers in my phone. But this number did n't appear to be one that I had texted previously. There was no history and the area code was one I was not familiar with. It seemed to be just another spam text message because it just contained a link. I went to delete it but something inside of me was telling me that this was far from spam. So I did n't delete it but I just decided to brush it off for now and I'll decide what to do later. A few hours pass and everything seemed to be normal. Honestly, I had even forgotten about the strange text until I'm laying in bed and get a call from an old friend of mine, Trevor. I had n't spoken to him in some time. Trevor and I were close back in high school but when we went to college we just drifted apart. He moved away after college graduation and that was sort of the last of he and I. As I stared at my phone and looked at his name on my screen I thought that it might have been a butt dial so I decided not to answer. If he needed me, surely he'd leave a voicemail. Well sure enough, about 1 minute after I received a voicemail notification. I listened to the voicemail and as I figured, it was a bunch of noise that I could n't really make out. Only a butt dial'', I said to myself. I was just about to end the call when I heard the words, The oak tree'', and then the voicemail ended. The Oak tree?, I thought to myself. Confused as ever I just stared at my phone and replayed the message to see if I had missed anything else. Turns out I did n't. All the Trevor said was the oak tree''. I opened up my messaging app to that text I had received that morning. After a few minutes of going back and forth in my head I just decided to go for it and click on the link.",393,True,,,,euclaise/writingprompts,train,1.0097196608484638
T0248,story,,human,human,human,"We had an agreement. Well, a kind of silent agreement. He didn ' t talk much. The way I saw it, I wouldn ' t ask what all the tattoos were about, and he would pay the standard price just for a simple black line on his upper back. Everybody wins. I got a lot of shady customers. I had expected as much, opening up in a neighborhood like this. But most of the time I wasn ' t left with many questions to ask. Of course the head of a local triad wanted a frothing dragon sprawled across his chest. Why wouldn ' t I give a half a dozen gang members matching tattoos of bleeding blue skulls? I learned very early on not to ask my customers many questions. And I ' ve done pretty well so far. But this man. He baffled me. He wasn ' t particularly muscular or imposing. He looked like the kind of guy you would see at an accounting firm or shopping at the mall. You know, short, styled hair, clean suit. Sometimes it hadn ' t even been three days before he showed up again. Other times, it would be weeks. But he always came back. And he always ordered the same thing: a tally mark. What was he counting? The grid of tally marks already stretched a quarter of the way down his back. Was he an underground fighter? He never displayed any obvious injuries. A hitman? I supposed it was possible. It would explain how much cash he had to burn on tally mark tattoos. But he just didn ' t seem like a killer to me. I had sworn that I would never ask my customers questions. But that didn ' t stop me from dying of curiosity. I was counting money when he came in again. He wore the same suit, carried the same silver briefcase. I nodded at him wordlessly as he slapped a fifty dollar bill down on the counter. It had become somewhat of a routine at this point. He hung up his shirt and jacket and lied face down on the tattoo bed. The last tally was still a little raw from a few days ago. A quick count told me he was up to 124. I silenced my curiosity and began preparing the needle. The man was lying still, silent, and calm.",400,True,,,,euclaise/writingprompts,test,1.0904727465078077
T0249,story,,human,human,human,"My whole life I ' ve focused on becoming a tennis player. I would cut class before competitions, just to practice more. I would wake up freezing in the middle of winter, hours before anyone else, and swing my racket just to perfect my strokes. I became the best tennis player in my town, I dominated recreational and high school leagues of all age brackets up until I graduated. My grades suffered, but being number one in the state for my age group secured me a scholarship. Many people were counting on me to dominate at tennis in college, to spread our school ' s reputation. I was thirsty for more challenges. I wanted to get better, playing for over a decade at that point only fueled my passion further. But then I met Sandra freshman year of college. And we fucked. A lot. And it was fun. But it was a distraction. Tennis had been my reason for living, my lover, parent and friend for many years. I ' d only known Sandra for two months and she was starting to get clingy, taking more from me then she could give. So I broke up with Sandra because tennis was more important. To be fair, I had told her when she elevated my status from fuck buddy to boyfriend that tennis was the most important thing in my life, and it was going to stay that way no matter what. After we broke up, I ignored all of her phone calls and avoided her completely after about a month had passed. I remember preparing to go into an important qualifier match when my cellphone rang. "" Wait. What? "" "" I ' m going into labor Charlie "" I remember getting really nervous because she said it like it was supposed to matter to me. Sweat stained my palms and made the cellphone gross in my hand. I could feel dirt in the cracks of my palm, sticking to my skin. "" Why are you telling me this, I told you we were over. "" She exhaled sharply, annoyed. I started to get angry and yelled into the phone, "" Sandra this better not be some manipulative ploy to make me talk to you. We already worked it out, we met up like three times since we broke up to talk.",392,True,,,,euclaise/writingprompts,train,1.2025122858040151
